query,name,name_for_emails,category,phone,website,address,street,county,postal_code,country,country_code,latitude,longitude,h3,time_zone,plus_code,area_service,rating,reviews,reviews_link,reviews_tags,photo,street_view,logo,located_in,located_google_id,business_status,working_hours,working_hours_csv_compatible,other_hours,popular_times,typical_time_spent,range,prices,reservation_links,booking_appointment_link,menu_link,order_links,about,description,posts,verified,owner_id,owner_title,owner_link,location_link,location_reviews_link,place_id,google_id,cid,kgmid,reviews_id
" Distribuidora de galletitas, Zona Oeste, CABA, Zona Norte, Zona SUR",Distribuidora Mar y Mar Golosinas,Distribuidora Mar Y Mar Golosinas,Tienda de golosinas,+54 11 4924-7638,http://www.golmarymar.com.ar/,"Av. Directorio 492, C1424 Cdad. Autónoma de Buenos Aires",Av. Directorio 492,"Parque Chacabuco, Comuna 7",C1424,Argentina,AR,"-34,6281599","-58,4335538",89c2e310057ffff,America/Buenos_Aires,,FALSE,"4,6",78,https://search.google.com/local/reviews?placeid=ChIJtwl6EEzKvJUR9E8Xg7sQ_ms&q=*&authuser=0&hl=en&gl=AR,,https://lh3.googleusercontent.com/gps-cs-s/AHRPTWl_WvZ8cyVat0wwiQMV1ZSWpk4jtrQsk09DjCFyYeSJL3oWastZ1A3sOMLvbM7ZDHE3_B1O1BhyMGNDNnE4NnnCJZexayU7KuRW-YVXG0ttQe9wTDNrHucv2FAgc5ctE46Jblpw9w=w800-h500-k-no,https://lh3.googleusercontent.com/gps-cs-s/AHRPTWl_WvZ8cyVat0wwiQMV1ZSWpk4jtrQsk09DjCFyYeSJL3oWastZ1A3sOMLvbM7ZDHE3_B1O1BhyMGNDNnE4NnnCJZexayU7KuRW-YVXG0ttQe9wTDNrHucv2FAgc5ctE46Jblpw9w=w1600-h1000-k-no,https://lh5.googleusercontent.com/-hIAwbLuara8/AAAAAAAAAAI/AAAAAAAAAAA/A1oCt8pLoPw/s44-p-k-no-ns-nd/photo.jpg,,,OPERATIONAL,"{""Monday"": [""8AM-5PM""], ""Tuesday"": [""8AM-5PM""], ""Wednesday"": [""8AM-5PM""], ""Thursday"": [""8AM-5PM""], ""Friday"": [""8AM-5PM""], ""Saturday"": [""8AM-1PM""], ""Sunday"": [""Closed""]}","Monday,8AM,5PM|Tuesday,8AM,5PM|Wednesday,8AM,5PM|Thursday,8AM,5PM|Friday,8AM,5PM|Saturday,8AM,1PM",,,,,,,,,,"{""Service options"": {""Delivery"": true, ""In-store pick-up"": true, ""In-store shopping"": true}, ""Accessibility"": {""Wheelchair-accessible car park"": false}, ""Planning"": {""Quick visit"": true}, ""Payments"": {""Credit cards"": true, ""Debit cards"": true, ""NFC mobile payments"": true}}",,,TRUE,110762437901594263394,Distribuidora Mar y Mar Golosinas,https://www.google.com/maps/contrib/110762437901594263394,"https://www.google.com/maps/place/Distribuidora+Mar+y+Mar+Golosinas/@-34.6281599,-58.4335538,14z/data=!4m8!1m2!2m1!1sDistribuidora+Mar+y+Mar+Golosinas!3m4!1s0x95bcca4c107a09b7:0x6bfe10bb83174ff4!8m2!3d-34.6281599!4d-58.4335538","https://www.google.com/maps/place/Distribuidora+Mar+y+Mar+Golosinas/@-34.6281599,-58.4335538,13.99z/data=!4m16!1m7!3m6!1s0x95bcca4c107a09b7:0x6bfe10bb83174ff4!2sDistribuidora+Mar+y+Mar+Golosinas!8m2!3d-34.6281599!4d-58.4335538!16s%2Fg%2F11ckvg1dmb!3m7!1s0x95bcca4c107a09b7:0x6bfe10bb83174ff4!8m2!3d-34.6281599!4d-58.4335538!9m1!1b1!16s%2Fg%2F11ckvg1dmb?entry=ttu",ChIJtwl6EEzKvJUR9E8Xg7sQ_ms,0x95bcca4c107a09b7:0x6bfe10bb83174ff4,7781675603687067636,/g/11b6_hxqb7,7781675603687067636
" Distribuidora de galletitas, Zona Oeste, CABA, Zona Norte, Zona SUR",FIORITO Mayorista Golosinas-Galletitas,Fiorito Mayorista Golosinas Galletitas,Mayorista,+54 11 4941-2577,,"Cochabamba 2499, C1247AAM Cdad. Autónoma de Buenos Aires",Cochabamba 2499,"San Cristóbal, Comuna 3",C1247,Argentina,AR,"-34,6247969","-58,4004405",89c2e311567ffff,America/Buenos_Aires,,FALSE,5,2,https://search.google.com/local/reviews?placeid=ChIJa_qFeB7LvJURjvTRrI9G7NY&q=*&authuser=0&hl=en&gl=AR,,https://lh3.googleusercontent.com/gps-cs-s/AHRPTWl7q46FePaEGlNgVZ0eD0UoTQTB2W_fgxiXjOfxyCXIzNyJSo-zqPVzLZXac1mpJZ907BJujp_7GZT3r-FTt8F7J57uURSSMTCii8y7t0IEWjIwYGZKqQCokZFhpotzY-qsot5z=w800-h500-k-no,https://lh3.googleusercontent.com/gps-cs-s/AHRPTWl7q46FePaEGlNgVZ0eD0UoTQTB2W_fgxiXjOfxyCXIzNyJSo-zqPVzLZXac1mpJZ907BJujp_7GZT3r-FTt8F7J57uURSSMTCii8y7t0IEWjIwYGZKqQCokZFhpotzY-qsot5z=w1600-h1000-k-no,,,,OPERATIONAL,"{""Monday"": [""8AM-6PM""], ""Tuesday"": [""8AM-6PM""], ""Wednesday"": [""8AM-6PM""], ""Thursday"": [""8AM-6PM""], ""Friday"": [""8AM-6PM""], ""Saturday"": [""8AM-1PM""], ""Sunday"": [""Closed""]}","Monday,8AM,6PM|Tuesday,8AM,6PM|Wednesday,8AM,6PM|Thursday,8AM,6PM|Friday,8AM,6PM|Saturday,8AM,1PM",,,,,,,,,,,,,FALSE,None,FIORITO Mayorista Golosinas-Galletitas,,"https://www.google.com/maps/place/FIORITO+Mayorista+Golosinas-Galletitas/@-34.6247969,-58.400440499999995,14z/data=!4m8!1m2!2m1!1sFIORITO+Mayorista+Golosinas-Galletitas!3m4!1s0x95bccb1e7885fa6b:0xd6ec468facd1f48e!8m2!3d-34.6247969!4d-58.400440499999995","https://www.google.com/maps/place/FIORITO+Mayorista+Golosinas-Galletitas/@-34.6247969,-58.400440499999995,13.99z/data=!4m16!1m7!3m6!1s0x95bccb1e7885fa6b:0xd6ec468facd1f48e!2sFIORITO+Mayorista+Golosinas-Galletitas!8m2!3d-34.6247969!4d-58.400440499999995!16s%2Fg%2F11ckvg1dmb!3m7!1s0x95bccb1e7885fa6b:0xd6ec468facd1f48e!8m2!3d-34.6247969!4d-58.400440499999995!9m1!1b1!16s%2Fg%2F11ckvg1dmb?entry=ttu",ChIJa_qFeB7LvJURjvTRrI9G7NY,0x95bccb1e7885fa6b:0xd6ec468facd1f48e,15486830801514001550,/g/11c1r2rzdc,-2959913272195550066
" Distribuidora de galletitas, Zona Oeste, CABA, Zona Norte, Zona SUR",Distribuidora Pop,Distribuidora Pop,Mayorista de confitería,+54 11 3952-8296,https://www.distribuidorapop.com.ar/,"Julio Argentino Roca 4298 Loc 121, B1604BZN Florida Oeste, Provincia de Buenos Aires",Julio Argentino Roca 4298 Loc 121,None,B1604,Argentina,AR,"-34,542864","-58,5154963",89c2e31500fffff,America/Buenos_Aires,,FALSE,"4,4",196,https://search.google.com/local/reviews?placeid=ChIJoVNqaN21vJURGXoXK4BWXE4&q=*&authuser=0&hl=en&gl=AR,,https://lh3.googleusercontent.com/gps-cs-s/AHRPTWmF2KvU_1CP0WoGZYM--vOUmj3HGyZh2_4jRft2TIi3VL5_4kFt15O1llKUQz1wF8ab_IDc4CL6Y8-FMXaHj24pAVEPrpTZEQx-ZgDBQsLsUYe_Ay53mKJjc5FYi8Pk52Auhlrn=w800-h500-k-no,https://lh3.googleusercontent.com/gps-cs-s/AHRPTWmF2KvU_1CP0WoGZYM--vOUmj3HGyZh2_4jRft2TIi3VL5_4kFt15O1llKUQz1wF8ab_IDc4CL6Y8-FMXaHj24pAVEPrpTZEQx-ZgDBQsLsUYe_Ay53mKJjc5FYi8Pk52Auhlrn=w1600-h1000-k-no,https://lh6.googleusercontent.com/-TqilLQ2bpDw/AAAAAAAAAAI/AAAAAAAAAAA/rH3MtlLEvBY/s44-p-k-no-ns-nd/photo.jpg,,,OPERATIONAL,"{""Monday"": [""9:30AM-6PM""], ""Tuesday"": [""9:30AM-6PM""], ""Wednesday"": [""9:30AM-6PM""], ""Thursday"": [""9:30AM-6PM""], ""Friday"": [""9:30AM-6PM""], ""Saturday"": [""Closed""], ""Sunday"": [""Closed""]}","Monday,9:30AM,6PM|Tuesday,9:30AM,6PM|Wednesday,9:30AM,6PM|Thursday,9:30AM,6PM|Friday,9:30AM,6PM","[{""pickup"": {""Monday"": ""9:30 AM-6 PM"", ""Tuesday"": ""9:30 AM-6 PM"", ""Wednesday"": ""9:30 AM-6 PM"", ""Thursday"": ""9:30 AM-6 PM"", ""Friday"": ""9:30 AM-6 PM"", ""Saturday"": ""Closed"", ""Sunday"": ""Closed""}}, {""online_service_hours"": {""Monday"": ""Open 24 hours"", ""Tuesday"": ""Open 24 hours"", ""Wednesday"": ""Open 24 hours"", ""Thursday"": ""Open 24 hours"", ""Friday"": ""Open 24 hours"", ""Saturday"": ""Open 24 hours"", ""Sunday"": ""Open 24 hours""}}]",,,,,,,,,"{""Service options"": {""Delivery"": true, ""On-site services"": true}, ""Amenities"": {""Gender-neutral toilets"": true, ""Toilet"": true}, ""Payments"": {""Cheques"": true, ""Credit cards"": true, ""Debit cards"": true, ""NFC mobile payments"": true}, ""Parking"": {""Free of charge street parking"": true}}",,,TRUE,117849974493388537092,Distribuidora Pop,https://www.google.com/maps/contrib/117849974493388537092,"https://www.google.com/maps/place/Distribuidora+Pop/@-34.542864,-58.515496299999995,14z/data=!4m8!1m2!2m1!1sDistribuidora+Pop!3m4!1s0x95bcb5dd686a53a1:0x4e5c56802b177a19!8m2!3d-34.542864!4d-58.515496299999995","https://www.google.com/maps/place/Distribuidora+Pop/@-34.542864,-58.515496299999995,13.99z/data=!4m16!1m7!3m6!1s0x95bcb5dd686a53a1:0x4e5c56802b177a19!2sDistribuidora+Pop!8m2!3d-34.542864!4d-58.515496299999995!16s%2Fg%2F11ckvg1dmb!3m7!1s0x95bcb5dd686a53a1:0x4e5c56802b177a19!8m2!3d-34.542864!4d-58.515496299999995!9m1!1b1!16s%2Fg%2F11ckvg1dmb?entry=ttu",ChIJoVNqaN21vJURGXoXK4BWXE4,0x95bcb5dd686a53a1:0x4e5c56802b177a19,5646483141294520857,/g/1q6bl62wk,5646483141294520857
" Distribuidora de galletitas, Zona Oeste, CABA, Zona Norte, Zona SUR",Asociación Distribuidores Golosinas Galletitas y Afines,Asociación Distribuidores Golosinas Galletitas Y Afines,Asociación u organización,+54 11 4361-8741,http://www.adgya.org.ar/,"Perú 913, C1068AAJ C1068AAJ, Cdad. Autónoma de Buenos Aires",Perú 913,San Telmo,C1068,Argentina,AR,"-34,6187674","-58,3747933",89c2e31106fffff,America/Buenos_Aires,,FALSE,"4,7",19,https://search.google.com/local/reviews?placeid=ChIJO_yhCSvLvJURU0Ma4YuqTpA&q=*&authuser=0&hl=en&gl=AR,,https://lh3.googleusercontent.com/gps-cs-s/AHRPTWnlJTLUQkDMl56h3VKojx9KEFvhaGLaStdzrD4Spxv4otnvv7NTVNe6i7ZHPOxt9kXMSJefIPJ-mubrTp4UFvF9vxwUJkQ3ZxGF5peE5Nn6p9fEiL1JDjTn8ZxUc7NSagMM5mM=w800-h500-k-no,https://lh3.googleusercontent.com/gps-cs-s/AHRPTWnlJTLUQkDMl56h3VKojx9KEFvhaGLaStdzrD4Spxv4otnvv7NTVNe6i7ZHPOxt9kXMSJefIPJ-mubrTp4UFvF9vxwUJkQ3ZxGF5peE5Nn6p9fEiL1JDjTn8ZxUc7NSagMM5mM=w1600-h1000-k-no,,,,OPERATIONAL,"{""Monday"": [""9AM-4PM""], ""Tuesday"": [""9AM-4PM""], ""Wednesday"": [""9AM-4PM""], ""Thursday"": [""9AM-4PM""], ""Friday"": [""9AM-4PM""], ""Saturday"": [""Closed""], ""Sunday"": [""Closed""]}","Monday,9AM,4PM|Tuesday,9AM,4PM|Wednesday,9AM,4PM|Thursday,9AM,4PM|Friday,9AM,4PM",,,,,,,,,,,,,FALSE,None,Asociación Distribuidores Golosinas Galletitas y Afines,,"https://www.google.com/maps/place/Asociaci%C3%B3n+Distribuidores+Golosinas+Galletitas+y+Afines/@-34.618767399999996,-58.3747933,14z/data=!4m8!1m2!2m1!1sAsociaci%C3%B3n+Distribuidores+Golosinas+Galletitas+y+Afines!3m4!1s0x95bccb2b09a1fc3b:0x904eaa8be11a4353!8m2!3d-34.618767399999996!4d-58.3747933","https://www.google.com/maps/place/Asociaci%C3%B3n+Distribuidores+Golosinas+Galletitas+y+Afines/@-34.618767399999996,-58.3747933,13.99z/data=!4m16!1m7!3m6!1s0x95bccb2b09a1fc3b:0x904eaa8be11a4353!2sAsociaci%C3%B3n+Distribuidores+Golosinas+Galletitas+y+Afines!8m2!3d-34.618767399999996!4d-58.3747933!16s%2Fg%2F11ckvg1dmb!3m7!1s0x95bccb2b09a1fc3b:0x904eaa8be11a4353!8m2!3d-34.618767399999996!4d-58.3747933!9m1!1b1!16s%2Fg%2F11ckvg1dmb?entry=ttu",ChIJO_yhCSvLvJURU0Ma4YuqTpA,0x95bccb2b09a1fc3b:0x904eaa8be11a4353,10398436107398824787,/g/1wt3pm1d,-8048307966310726829
" Distribuidora de galletitas, Zona Oeste, CABA, Zona Norte, Zona SUR",Nuevo Almacén & Sweet Market,Nuevo Almacén And Sweet Market,Tienda de golosinas,+54 11 4830-9301,http://sweetmarket.com.ar/,"Av. Raúl Scalabrini Ortiz 154, C1414 DNO, Cdad. Autónoma de Buenos Aires",Av. Raúl Scalabrini Ortiz 154,Villa Crespo,C1414,Argentina,AR,"-34,600746","-58,4405885",89c2e311d93ffff,America/Buenos_Aires,,FALSE,"4,2",399,https://search.google.com/local/reviews?placeid=ChIJy1e4qnTKvJURFagsE2AX-1I&q=*&authuser=0&hl=en&gl=AR,,https://lh3.googleusercontent.com/gps-cs-s/AHRPTWmwEqrVSHnVsqA9jof5Q9fxCbsSVP59kvkXJUM3AnftSv5TI0fSmThlMJ3k1LZXWxekjlq3jWUneetRroX43DNWrcHtr7xP2Pda_GTy5Yg5RAC7J5s4R4WbNzIwgFyxaxr6orHs=w800-h500-k-no,https://lh3.googleusercontent.com/gps-cs-s/AHRPTWmwEqrVSHnVsqA9jof5Q9fxCbsSVP59kvkXJUM3AnftSv5TI0fSmThlMJ3k1LZXWxekjlq3jWUneetRroX43DNWrcHtr7xP2Pda_GTy5Yg5RAC7J5s4R4WbNzIwgFyxaxr6orHs=w1600-h1000-k-no,https://lh3.googleusercontent.com/-D0kRKewAO5o/AAAAAAAAAAI/AAAAAAAAAAA/WAvbkOlORQk/s44-p-k-no-ns-nd/photo.jpg,,,OPERATIONAL,"{""Monday"": [""8AM-5PM""], ""Tuesday"": [""8AM-5PM""], ""Wednesday"": [""8AM-5PM""], ""Thursday"": [""8AM-5PM""], ""Friday"": [""8AM-2PM""], ""Saturday"": [""Closed""], ""Sunday"": [""Closed""]}","Monday,8AM,5PM|Tuesday,8AM,5PM|Wednesday,8AM,5PM|Thursday,8AM,5PM|Friday,8AM,2PM",,,,,,,,,,"{""Accessibility"": {""Wheelchair-accessible car park"": false, ""Wheelchair-accessible entrance"": false}, ""Planning"": {""Quick visit"": true}, ""Payments"": {""Credit cards"": true, ""Debit cards"": true}}",,,TRUE,116509094247159569269,Nuevo Almacén & Sweet Market,https://www.google.com/maps/contrib/116509094247159569269,"https://www.google.com/maps/place/Nuevo+Almac%C3%A9n+%26+Sweet+Market/@-34.600746,-58.4405885,14z/data=!4m8!1m2!2m1!1sNuevo+Almac%C3%A9n+%26+Sweet+Market!3m4!1s0x95bcca74aab857cb:0x52fb1760132ca815!8m2!3d-34.600746!4d-58.4405885","https://www.google.com/maps/place/Nuevo+Almac%C3%A9n+%26+Sweet+Market/@-34.600746,-58.4405885,13.99z/data=!4m16!1m7!3m6!1s0x95bcca74aab857cb:0x52fb1760132ca815!2sNuevo+Almac%C3%A9n+%26+Sweet+Market!8m2!3d-34.600746!4d-58.4405885!16s%2Fg%2F11ckvg1dmb!3m7!1s0x95bcca74aab857cb:0x52fb1760132ca815!8m2!3d-34.600746!4d-58.4405885!9m1!1b1!16s%2Fg%2F11ckvg1dmb?entry=ttu",ChIJy1e4qnTKvJURFagsE2AX-1I,0x95bcca74aab857cb:0x52fb1760132ca815,5979398631670458389,/g/11c1qcpjwx,5979398631670458389
" Distribuidora de galletitas, Zona Oeste, CABA, Zona Norte, Zona SUR",Once Kiosks Service,Once Kiosks Service,Mayorista de confitería,+54 11 6280-2502,,"Adolfo Alsina 1556, C1088AAC Cdad. Autónoma de Buenos Aires",Adolfo Alsina 1556,"Monserrat, Comuna 1",C1088,Argentina,AR,"-34,6113135","-58,3881779",89c2e3113b7ffff,America/Buenos_Aires,,FALSE,"4,2",83,https://search.google.com/local/reviews?placeid=ChIJ9ZivgdzKvJUR-Czx-KJTFLU&q=*&authuser=0&hl=en&gl=AR,,https://lh3.googleusercontent.com/gps-cs-s/AHRPTWlgrZjqAOSQ3rBGSGYlnYv6Afsp0o9xScG6FMV1U-YAb3v3kEasB6EqDrsqtuISkCJoLjw8i-AjmquAvSwkSDHnZPk4k44PUT9bfKuKrr6Y1V4VomJ1gw-E94-9oCX2=w800-h500-k-no,https://lh3.googleusercontent.com/gps-cs-s/AHRPTWlgrZjqAOSQ3rBGSGYlnYv6Afsp0o9xScG6FMV1U-YAb3v3kEasB6EqDrsqtuISkCJoLjw8i-AjmquAvSwkSDHnZPk4k44PUT9bfKuKrr6Y1V4VomJ1gw-E94-9oCX2=w1600-h1000-k-no,https://lh6.googleusercontent.com/-90sBIWj0bAw/AAAAAAAAAAI/AAAAAAAAAAA/zBt8_21YqIs/s44-p-k-no-ns-nd/photo.jpg,,,OPERATIONAL,"{""Monday"": [""9AM-5PM""], ""Tuesday"": [""9AM-5PM""], ""Wednesday"": [""9AM-5PM""], ""Thursday"": [""9AM-5PM""], ""Friday"": [""9AM-5PM""], ""Saturday"": [""Closed""], ""Sunday"": [""Closed""]}","Monday,9AM,5PM|Tuesday,9AM,5PM|Wednesday,9AM,5PM|Thursday,9AM,5PM|Friday,9AM,5PM",,,,,,,,,,"{""Service options"": {""Delivery"": true}, ""Accessibility"": {""Wheelchair-accessible car park"": false, ""Wheelchair-accessible seating"": false, ""Wheelchair-accessible toilet"": false}, ""Amenities"": {""Gender-neutral toilets"": true}, ""Payments"": {""Debit cards"": true}}",,,TRUE,106755192850101535971,Once Kiosks Service,https://www.google.com/maps/contrib/106755192850101535971,"https://www.google.com/maps/place/Once+Kiosks+Service/@-34.6113135,-58.388177899999995,14z/data=!4m8!1m2!2m1!1sOnce+Kiosks+Service!3m4!1s0x95bccadc81af98f5:0xb51453a2f8f12cf8!8m2!3d-34.6113135!4d-58.388177899999995","https://www.google.com/maps/place/Once+Kiosks+Service/@-34.6113135,-58.388177899999995,13.99z/data=!4m16!1m7!3m6!1s0x95bccadc81af98f5:0xb51453a2f8f12cf8!2sOnce+Kiosks+Service!8m2!3d-34.6113135!4d-58.388177899999995!16s%2Fg%2F11ckvg1dmb!3m7!1s0x95bccadc81af98f5:0xb51453a2f8f12cf8!8m2!3d-34.6113135!4d-58.388177899999995!9m1!1b1!16s%2Fg%2F11ckvg1dmb?entry=ttu",ChIJ9ZivgdzKvJUR-Czx-KJTFLU,0x95bccadc81af98f5:0xb51453a2f8f12cf8,13048145979825532152,/g/1q5btt949,-5398598093884019464
" Distribuidora de galletitas, Zona Oeste, CABA, Zona Norte, Zona SUR",Golosineria Mayorista,Golosineria Mayorista,Tienda de golosinas,,,"Av. Rivadavia 2181 C1002AAA, C1002AAA Cdad. Autónoma de Buenos Aires",Av. Rivadavia 2181 C1002AAA,"Balvanera, Comuna 3",C1002,Argentina,AR,"-34,6094299","-58,3972503",89c2e311163ffff,America/Buenos_Aires,,FALSE,"4,2",80,https://search.google.com/local/reviews?placeid=ChIJgcOKLQvLvJUR3tn3fX7vJUs&q=*&authuser=0&hl=en&gl=AR,,https://lh3.googleusercontent.com/gps-cs-s/AHRPTWl5p7k5UWK3-mth3qhjMuSFaY-kwqwH_bV2tyYLtIimHgVDnlcQQok9m-s7T2cKQKGKaaSl-f_o3Cu7gzifARCQdy9-wNsLrZK1wXpjEOxtM_FyroTjHmlGubOacP2Aqca8wmIf8g=w800-h500-k-no,https://lh3.googleusercontent.com/gps-cs-s/AHRPTWl5p7k5UWK3-mth3qhjMuSFaY-kwqwH_bV2tyYLtIimHgVDnlcQQok9m-s7T2cKQKGKaaSl-f_o3Cu7gzifARCQdy9-wNsLrZK1wXpjEOxtM_FyroTjHmlGubOacP2Aqca8wmIf8g=w1600-h1000-k-no,,,,OPERATIONAL,"{""Monday"": [""Closed""], ""Tuesday"": [""9AM-5PM""], ""Wednesday"": [""9AM-5PM""], ""Thursday"": [""9AM-5PM""], ""Friday"": [""9AM-5PM""], ""Saturday"": [""9AM-5PM""], ""Sunday"": [""Closed""]}","Tuesday,9AM,5PM|Wednesday,9AM,5PM|Thursday,9AM,5PM|Friday,9AM,5PM|Saturday,9AM,5PM",,,,,,,,,,"{""Accessibility"": {""Wheelchair-accessible car park"": false}, ""Planning"": {""Quick visit"": true}, ""Payments"": {""Credit cards"": true, ""Debit cards"": true, ""NFC mobile payments"": true}}",,,FALSE,None,Golosineria Mayorista,,"https://www.google.com/maps/place/Golosineria+Mayorista/@-34.609429899999995,-58.397250299999996,14z/data=!4m8!1m2!2m1!1sGolosineria+Mayorista!3m4!1s0x95bccb0b2d8ac381:0x4b25ef7e7df7d9de!8m2!3d-34.609429899999995!4d-58.397250299999996","https://www.google.com/maps/place/Golosineria+Mayorista/@-34.609429899999995,-58.397250299999996,13.99z/data=!4m16!1m7!3m6!1s0x95bccb0b2d8ac381:0x4b25ef7e7df7d9de!2sGolosineria+Mayorista!8m2!3d-34.609429899999995!4d-58.397250299999996!16s%2Fg%2F11ckvg1dmb!3m7!1s0x95bccb0b2d8ac381:0x4b25ef7e7df7d9de!8m2!3d-34.609429899999995!4d-58.397250299999996!9m1!1b1!16s%2Fg%2F11ckvg1dmb?entry=ttu",ChIJgcOKLQvLvJUR3tn3fX7vJUs,0x95bccb0b2d8ac381:0x4b25ef7e7df7d9de,5414997453541202398,/g/11gmcdhq57,5414997453541202398
" Distribuidora de galletitas, Zona Oeste, CABA, Zona Norte, Zona SUR",Distribuidora Mar y Mar Mataderos,Distribuidora Mar Y Mar Mataderos,Tienda de golosinas,+54 11 4686-3198,http://www.golmarymar.com.ar/,"Av. Juan Bautista Alberdi 5918, C1440 AAX, Cdad. Autónoma de Buenos Aires",Av. Juan Bautista Alberdi 5918,Mataderos,C1440,Argentina,AR,"-34,6525695","-58,5032014",89c2e38d267ffff,America/Buenos_Aires,,FALSE,"4,5",106,https://search.google.com/local/reviews?placeid=ChIJKUkMqgDJvJURZlU2SuvbPpg&q=*&authuser=0&hl=en&gl=AR,,https://lh3.googleusercontent.com/gps-cs-s/AHRPTWl8YARriXrlRnsrN_q5MHVtHDfi9cM6KVjrwkB25qb29cogrKgoNNn1ZlscTEwIRsb38Htr9TEaeL2Gwp6GRUtjKbHsgFhXuEQwnShk0r1kNqZcEG5XBWunVItFsPSfIVEXIGDq=w800-h500-k-no,https://lh3.googleusercontent.com/gps-cs-s/AHRPTWl8YARriXrlRnsrN_q5MHVtHDfi9cM6KVjrwkB25qb29cogrKgoNNn1ZlscTEwIRsb38Htr9TEaeL2Gwp6GRUtjKbHsgFhXuEQwnShk0r1kNqZcEG5XBWunVItFsPSfIVEXIGDq=w1600-h1000-k-no,https://lh4.googleusercontent.com/-pz5bBhqAg4M/AAAAAAAAAAI/AAAAAAAAAAA/r4fl4lxBcjk/s44-p-k-no-ns-nd/photo.jpg,,,OPERATIONAL,"{""Monday"": [""9:30AM-5:30PM""], ""Tuesday"": [""9:30AM-5:30PM""], ""Wednesday"": [""9:30AM-5:30PM""], ""Thursday"": [""9:30AM-5:30PM""], ""Friday"": [""9:30AM-5:30PM""], ""Saturday"": [""9AM-1PM""], ""Sunday"": [""Closed""]}","Monday,9:30AM,5:30PM|Tuesday,9:30AM,5:30PM|Wednesday,9:30AM,5:30PM|Thursday,9:30AM,5:30PM|Friday,9:30AM,5:30PM|Saturday,9AM,1PM",,,,,,,,,,"{""Service options"": {""Delivery"": true, ""In-store pick-up"": true, ""In-store shopping"": true}, ""Planning"": {""Quick visit"": true}, ""Payments"": {""Credit cards"": true, ""Debit cards"": true, ""NFC mobile payments"": true}}",,,TRUE,111712075163110650271,Distribuidora Mar y Mar Mataderos,https://www.google.com/maps/contrib/111712075163110650271,"https://www.google.com/maps/place/Distribuidora+Mar+y+Mar+Mataderos/@-34.6525695,-58.503201399999995,14z/data=!4m8!1m2!2m1!1sDistribuidora+Mar+y+Mar+Mataderos!3m4!1s0x95bcc900aa0c4929:0x983edbeb4a365566!8m2!3d-34.6525695!4d-58.503201399999995","https://www.google.com/maps/place/Distribuidora+Mar+y+Mar+Mataderos/@-34.6525695,-58.503201399999995,13.99z/data=!4m16!1m7!3m6!1s0x95bcc900aa0c4929:0x983edbeb4a365566!2sDistribuidora+Mar+y+Mar+Mataderos!8m2!3d-34.6525695!4d-58.503201399999995!16s%2Fg%2F11ckvg1dmb!3m7!1s0x95bcc900aa0c4929:0x983edbeb4a365566!8m2!3d-34.6525695!4d-58.503201399999995!9m1!1b1!16s%2Fg%2F11ckvg1dmb?entry=ttu",ChIJKUkMqgDJvJURZlU2SuvbPpg,0x95bcc900aa0c4929:0x983edbeb4a365566,10970447545929979238,/g/1tghqs2x,-7476296527779572378
" Distribuidora de galletitas, Zona Oeste, CABA, Zona Norte, Zona SUR",Sr. Goloso Mayorista de golosinas y Alimentos Importados.,Sr Goloso Mayorista De Golosinas Y Alimentos Importados,Tienda de golosinas,+54 11 6808-1846,http://srgoloso.com.ar/,"Malabia 371, C1414 Cdad. Autónoma de Buenos Aires",Malabia 371,"Villa Crespo, Comuna 15",C1414,Argentina,AR,"-34,5992931","-58,4400189",89c2e311d9bffff,America/Buenos_Aires,,FALSE,"4,4",60,https://search.google.com/local/reviews?placeid=ChIJZZw4dIzLvJURzOU6Alz2fdw&q=*&authuser=0&hl=en&gl=AR,,https://lh3.googleusercontent.com/gps-cs-s/AHRPTWlhJI1I_htCyGWsswWHh31nGduBQgZ9aDk5ujzFVsBkHtx-lAXuk57R4dp9rwKywI6cse1PVbx_VS9MFWBD4hQkMpTvBd77dovjDiWA8xE5LEbPS4olrQfY2EhAnj002dGvTAJN=w800-h500-k-no,https://lh3.googleusercontent.com/gps-cs-s/AHRPTWlhJI1I_htCyGWsswWHh31nGduBQgZ9aDk5ujzFVsBkHtx-lAXuk57R4dp9rwKywI6cse1PVbx_VS9MFWBD4hQkMpTvBd77dovjDiWA8xE5LEbPS4olrQfY2EhAnj002dGvTAJN=w1600-h1000-k-no,https://lh5.googleusercontent.com/-ndJZ6UaoIKg/AAAAAAAAAAI/AAAAAAAAAAA/3kTieBOXHm0/s44-p-k-no-ns-nd/photo.jpg,,,OPERATIONAL,"{""Monday"": [""10AM-2PM"", ""3-7PM""], ""Tuesday"": [""10AM-2PM"", ""3-7PM""], ""Wednesday"": [""10AM-2PM"", ""3-7PM""], ""Thursday"": [""10AM-2PM"", ""3-7PM""], ""Friday"": [""10AM-2PM"", ""3-7PM""], ""Saturday"": [""Closed""], ""Sunday"": [""Closed""]}","Monday,10AM,2PM|Monday,3,7PM|Tuesday,10AM,2PM|Tuesday,3,7PM|Wednesday,10AM,2PM|Wednesday,3,7PM|Thursday,10AM,2PM|Thursday,3,7PM|Friday,10AM,2PM|Friday,3,7PM",,,,,,,,,,"{""Service options"": {""Delivery"": true}, ""Accessibility"": {""Wheelchair-accessible car park"": false}, ""Planning"": {""Quick visit"": true}, ""Payments"": {""Credit cards"": true, ""Debit cards"": true, ""NFC mobile payments"": true}}",,,TRUE,114091958344803583677,Sr. Goloso Mayorista de golosinas y Alimentos Importados.,https://www.google.com/maps/contrib/114091958344803583677,"https://www.google.com/maps/place/Sr.+Goloso+Mayorista+de+golosinas+y+Alimentos+Importados./@-34.5992931,-58.4400189,14z/data=!4m8!1m2!2m1!1sSr.+Goloso+Mayorista+de+golosinas+y+Alimentos+Importados.!3m4!1s0x95bccb8c74389c65:0xdc7df65c023ae5cc!8m2!3d-34.5992931!4d-58.4400189","https://www.google.com/maps/place/Sr.+Goloso+Mayorista+de+golosinas+y+Alimentos+Importados./@-34.5992931,-58.4400189,13.99z/data=!4m16!1m7!3m6!1s0x95bccb8c74389c65:0xdc7df65c023ae5cc!2sSr.+Goloso+Mayorista+de+golosinas+y+Alimentos+Importados.!8m2!3d-34.5992931!4d-58.4400189!16s%2Fg%2F11ckvg1dmb!3m7!1s0x95bccb8c74389c65:0xdc7df65c023ae5cc!8m2!3d-34.5992931!4d-58.4400189!9m1!1b1!16s%2Fg%2F11ckvg1dmb?entry=ttu",ChIJZZw4dIzLvJURzOU6Alz2fdw,0x95bccb8c74389c65:0xdc7df65c023ae5cc,15888125935467816396,/g/11r1g5jz4l,-2558618138241735220
" Distribuidora de galletitas, Zona Oeste, CABA, Zona Norte, Zona SUR",Dulce Estilo,Dulce Estilo,Mayorista de confitería,+54 11 3697-6894,http://www.dulceestilo.com/,"Av. Rivadavia 2540, C1034 Cdad. Autónoma de Buenos Aires",Av. Rivadavia 2540,"Balvanera, Comuna 3",C1034,Argentina,AR,"-34,6099915","-58,4022947",89c2e31112bffff,America/Buenos_Aires,,FALSE,"4,4",256,https://search.google.com/local/reviews?placeid=ChIJCbY7pe7KvJURhdcSb7d_3uU&q=*&authuser=0&hl=en&gl=AR,,https://lh3.googleusercontent.com/gps-cs-s/AHRPTWnkehyTiR0_0Fyx5ZNiXw7xdJIz-_RqsdEx-4g1Nw4REMf3aoxPa3LUBI1cmiIeV8rQ6a6lLyzPdkBb7FXZX2AaqfKtoz1ZHy_Bp97NpVC9-Jj5ztnTqTWVNkGbDHxNheVq8HB2L7eYsTwK=w800-h500-k-no,https://lh3.googleusercontent.com/gps-cs-s/AHRPTWnkehyTiR0_0Fyx5ZNiXw7xdJIz-_RqsdEx-4g1Nw4REMf3aoxPa3LUBI1cmiIeV8rQ6a6lLyzPdkBb7FXZX2AaqfKtoz1ZHy_Bp97NpVC9-Jj5ztnTqTWVNkGbDHxNheVq8HB2L7eYsTwK=w1600-h1000-k-no,https://lh4.googleusercontent.com/-Og0EohCJuO8/AAAAAAAAAAI/AAAAAAAAAAA/dtwdwDM-u4Q/s44-p-k-no-ns-nd/photo.jpg,,,OPERATIONAL,"{""Monday"": [""8:30AM-5:30PM""], ""Tuesday"": [""8:30AM-5:30PM""], ""Wednesday"": [""8:30AM-5:30PM""], ""Thursday"": [""8:30AM-5:30PM""], ""Friday"": [""8:30AM-5:30PM""], ""Saturday"": [""8:30AM-1:30PM""], ""Sunday"": [""Closed""]}","Monday,8:30AM,5:30PM|Tuesday,8:30AM,5:30PM|Wednesday,8:30AM,5:30PM|Thursday,8:30AM,5:30PM|Friday,8:30AM,5:30PM|Saturday,8:30AM,1:30PM",,,,,,,,,,"{""Accessibility"": {""Wheelchair-accessible entrance"": true, ""Wheelchair-accessible car park"": false}, ""Amenities"": {""Toilet"": false}, ""Payments"": {""Credit cards"": true, ""Debit cards"": true, ""NFC mobile payments"": true}}",,,TRUE,116874742881263126917,Dulce Estilo,https://www.google.com/maps/contrib/116874742881263126917,"https://www.google.com/maps/place/Dulce+Estilo/@-34.6099915,-58.4022947,14z/data=!4m8!1m2!2m1!1sDulce+Estilo!3m4!1s0x95bccaeea53bb609:0xe5de7fb76f12d785!8m2!3d-34.6099915!4d-58.4022947","https://www.google.com/maps/place/Dulce+Estilo/@-34.6099915,-58.4022947,13.99z/data=!4m16!1m7!3m6!1s0x95bccaeea53bb609:0xe5de7fb76f12d785!2sDulce+Estilo!8m2!3d-34.6099915!4d-58.4022947!16s%2Fg%2F11ckvg1dmb!3m7!1s0x95bccaeea53bb609:0xe5de7fb76f12d785!8m2!3d-34.6099915!4d-58.4022947!9m1!1b1!16s%2Fg%2F11ckvg1dmb?entry=ttu",ChIJCbY7pe7KvJURhdcSb7d_3uU,0x95bccaeea53bb609:0xe5de7fb76f12d785,16563816905334511493,/g/11b77bwtnv,-1882927168375040123
" Distribuidora de galletitas, Zona Oeste, CABA, Zona Norte, Zona SUR",GoloNet - Mayorista de Golosinas,Golonet Mayorista De Golosinas,Mayorista de confitería,+54 11 2461-5338,,"Alfredo Guido 3573, B1606 Carapachay, Provincia de Buenos Aires",Alfredo Guido 3573,None,B1606,Argentina,AR,"-34,5258989","-58,5378818",89c2e315167ffff,America/Buenos_Aires,,FALSE,4,4,https://search.google.com/local/reviews?placeid=ChIJkRKTOq6wvJUR5H_Hxkj9iLQ&q=*&authuser=0&hl=en&gl=AR,,https://streetviewpixels-pa.googleapis.com/v1/thumbnail?panoid=pd-6Vji_2TcoxCearuuQFw&cb_client=search.gws-prod.gps&w=800&h=500&yaw=25.136038&pitch=0&thumbfov=100,https://streetviewpixels-pa.googleapis.com/v1/thumbnail?panoid=pd-6Vji_2TcoxCearuuQFw&cb_client=search.gws-prod.gps&w=1600&h=1000&yaw=25.136038&pitch=0&thumbfov=100,,,,OPERATIONAL,"{""Monday"": [""9AM-3PM""], ""Tuesday"": [""9AM-3PM""], ""Wednesday"": [""9AM-3PM""], ""Thursday"": [""9AM-3PM""], ""Friday"": [""9AM-3PM""], ""Saturday"": [""Closed""], ""Sunday"": [""Closed""]}","Monday,9AM,3PM|Tuesday,9AM,3PM|Wednesday,9AM,3PM|Thursday,9AM,3PM|Friday,9AM,3PM",,,,,,,,,,,,,FALSE,None,GoloNet - Mayorista de Golosinas,,"https://www.google.com/maps/place/GoloNet+-+Mayorista+de+Golosinas/@-34.5258989,-58.537881799999994,14z/data=!4m8!1m2!2m1!1sGoloNet+-+Mayorista+de+Golosinas!3m4!1s0x95bcb0ae3a931291:0xb488fd48c6c77fe4!8m2!3d-34.5258989!4d-58.537881799999994","https://www.google.com/maps/place/GoloNet+-+Mayorista+de+Golosinas/@-34.5258989,-58.537881799999994,13.99z/data=!4m16!1m7!3m6!1s0x95bcb0ae3a931291:0xb488fd48c6c77fe4!2sGoloNet+-+Mayorista+de+Golosinas!8m2!3d-34.5258989!4d-58.537881799999994!16s%2Fg%2F11ckvg1dmb!3m7!1s0x95bcb0ae3a931291:0xb488fd48c6c77fe4!8m2!3d-34.5258989!4d-58.537881799999994!9m1!1b1!16s%2Fg%2F11ckvg1dmb?entry=ttu",ChIJkRKTOq6wvJUR5H_Hxkj9iLQ,0x95bcb0ae3a931291:0xb488fd48c6c77fe4,13008926012674113508,/g/11h7s3r8t2,-5437818061035438108
" Distribuidora de galletitas, Zona Oeste, CABA, Zona Norte, Zona SUR",HOMERO,Homero,Tienda de golosinas,+54 11 6005-7527,,"Av. Tte. Gral. Juan Domingo Perón 2837, B1822AGO Cdad. Autónoma de Buenos Aires",Av. Tte. Gral. Juan Domingo Perón 2837,Lanús Partido,B1822,Argentina,AR,"-34,6724398","-58,4077564",89c2e313087ffff,America/Buenos_Aires,,FALSE,"4,5",183,https://search.google.com/local/reviews?placeid=ChIJW6XQT7JQNQARsOXcGzNevY8&q=*&authuser=0&hl=en&gl=AR,,https://lh3.googleusercontent.com/gps-proxy/ALd4DhEbQ3cTZplexnNmRrNCUIx7zpIyQrMgO8HHogx_AWihAY9AEPn0UwiFxyZfwCjsF66GB6nrSWJnBiOUA2Pf2-aWK7_8W-9N7gq5N1M3C_TaM_IMiL5MNpQxQHMUvUzQfuJfi6QxH-wCQmnxjyjpIR7JARoaGfB7ysi7IGCbBtfMYDjpOqj0RM0ophul7tmXBEOS0j4=w800-h500-k-no,https://lh3.googleusercontent.com/gps-proxy/ALd4DhEbQ3cTZplexnNmRrNCUIx7zpIyQrMgO8HHogx_AWihAY9AEPn0UwiFxyZfwCjsF66GB6nrSWJnBiOUA2Pf2-aWK7_8W-9N7gq5N1M3C_TaM_IMiL5MNpQxQHMUvUzQfuJfi6QxH-wCQmnxjyjpIR7JARoaGfB7ysi7IGCbBtfMYDjpOqj0RM0ophul7tmXBEOS0j4=w1600-h1000-k-no,,,,OPERATIONAL,"{""Monday"": [""9AM-8:30PM""], ""Tuesday"": [""9AM-8:30PM""], ""Wednesday"": [""9AM-8:30PM""], ""Thursday"": [""9AM-8:30PM""], ""Friday"": [""9AM-8:30PM""], ""Saturday"": [""9AM-8:30PM""], ""Sunday"": [""Closed""]}","Monday,9AM,8:30PM|Tuesday,9AM,8:30PM|Wednesday,9AM,8:30PM|Thursday,9AM,8:30PM|Friday,9AM,8:30PM|Saturday,9AM,8:30PM",,,,,,,,,,"{""Service options"": {""Delivery"": false}, ""Accessibility"": {""Wheelchair-accessible car park"": false}, ""Planning"": {""Quick visit"": true}, ""Payments"": {""Credit cards"": true, ""Debit cards"": true, ""NFC mobile payments"": true}}",,,FALSE,None,HOMERO,,"https://www.google.com/maps/place/HOMERO/@-34.6724398,-58.4077564,14z/data=!4m8!1m2!2m1!1sHOMERO!3m4!1s0x3550b24fd0a55b:0x8fbd5e331bdce5b0!8m2!3d-34.6724398!4d-58.4077564","https://www.google.com/maps/place/HOMERO/@-34.6724398,-58.4077564,13.99z/data=!4m16!1m7!3m6!1s0x3550b24fd0a55b:0x8fbd5e331bdce5b0!2sHOMERO!8m2!3d-34.6724398!4d-58.4077564!16s%2Fg%2F11ckvg1dmb!3m7!1s0x3550b24fd0a55b:0x8fbd5e331bdce5b0!8m2!3d-34.6724398!4d-58.4077564!9m1!1b1!16s%2Fg%2F11ckvg1dmb?entry=ttu",ChIJW6XQT7JQNQARsOXcGzNevY8,0x3550b24fd0a55b:0x8fbd5e331bdce5b0,10357538291625813424,/g/11b7gyd2k2,-8089205782083738192
" Distribuidora de galletitas, Zona Oeste, CABA, Zona Norte, Zona SUR",Seguinos en instagram @mercadodegalletitas,Seguinos En Instagram @Mercadodegalletitas,Tienda de galletas,,http://www.mercadodegalletitas.com.ar/,"Parral 101, C1405AAD Cdad. Autónoma de Buenos Aires",Parral 101,"Caballito, Comuna 6",C1405,Argentina,AR,"-34,6180216","-58,4394731",89c2e31039bffff,America/Buenos_Aires,,FALSE,"4,5",44,https://search.google.com/local/reviews?placeid=ChIJ38PHxIvKvJUR6JyGDdC5SnQ&q=*&authuser=0&hl=en&gl=AR,,https://lh3.googleusercontent.com/gps-cs-s/AHRPTWlRnXO2_OYFTqFGFNhBOKuoGy8djn9p8vxEzZhnd2TM4IQGTrYYFoBdj6YUkrM9AEUnBCSoQmyVTnfxy85fzxggmJBD3Xnzz5804GDK6fFBuZSw3fHlwG-pO9a2tppH0Qo_yk6VFg=w800-h500-k-no,https://lh3.googleusercontent.com/gps-cs-s/AHRPTWlRnXO2_OYFTqFGFNhBOKuoGy8djn9p8vxEzZhnd2TM4IQGTrYYFoBdj6YUkrM9AEUnBCSoQmyVTnfxy85fzxggmJBD3Xnzz5804GDK6fFBuZSw3fHlwG-pO9a2tppH0Qo_yk6VFg=w1600-h1000-k-no,https://lh3.googleusercontent.com/-4hJAhvNR5Jg/AAAAAAAAAAI/AAAAAAAAAAA/mISx82onGlg/s44-p-k-no-ns-nd/photo.jpg,,,OPERATIONAL,"{""Monday"": [""10AM-7PM""], ""Tuesday"": [""10AM-7PM""], ""Wednesday"": [""10AM-7PM""], ""Thursday"": [""10AM-7PM""], ""Friday"": [""10AM-7PM""], ""Saturday"": [""Closed""], ""Sunday"": [""Closed""]}","Monday,10AM,7PM|Tuesday,10AM,7PM|Wednesday,10AM,7PM|Thursday,10AM,7PM|Friday,10AM,7PM",,,,,,,,,,"{""Service options"": {""Delivery"": true, ""In-store pick-up"": true, ""In-store shopping"": true, ""Takeaway"": true}, ""Accessibility"": {""Wheelchair-accessible car park"": false}, ""Dining options"": {""Dessert"": true}, ""Planning"": {""Quick visit"": true}, ""Payments"": {""Credit cards"": true, ""Debit cards"": true, ""NFC mobile payments"": true}}",,,TRUE,117633521949725280511,Seguinos en instagram @mercadodegalletitas,https://www.google.com/maps/contrib/117633521949725280511,"https://www.google.com/maps/place/Seguinos+en+instagram+%40mercadodegalletitas/@-34.6180216,-58.4394731,14z/data=!4m8!1m2!2m1!1sSeguinos+en+instagram+%40mercadodegalletitas!3m4!1s0x95bcca8bc4c7c3df:0x744ab9d00d869ce8!8m2!3d-34.6180216!4d-58.4394731","https://www.google.com/maps/place/Seguinos+en+instagram+%40mercadodegalletitas/@-34.6180216,-58.4394731,13.99z/data=!4m16!1m7!3m6!1s0x95bcca8bc4c7c3df:0x744ab9d00d869ce8!2sSeguinos+en+instagram+%40mercadodegalletitas!8m2!3d-34.6180216!4d-58.4394731!16s%2Fg%2F11ckvg1dmb!3m7!1s0x95bcca8bc4c7c3df:0x744ab9d00d869ce8!8m2!3d-34.6180216!4d-58.4394731!9m1!1b1!16s%2Fg%2F11ckvg1dmb?entry=ttu",ChIJ38PHxIvKvJUR6JyGDdC5SnQ,0x95bcca8bc4c7c3df:0x744ab9d00d869ce8,8379714359907491048,/g/12ml2ykbp,8379714359907491048
" Distribuidora de galletitas, Zona Oeste, CABA, Zona Norte, Zona SUR",Galletitas Belgrano,Galletitas Belgrano,Exportador de alimentos y bebidas,+54 11 4523-5531,http://galletitasbelgrano.com.ar/,"Arismendi 2670, C1427 Cdad. Autónoma de Buenos Aires",Arismendi 2670,"Parque Chas, Comuna 15",C1427,Argentina,AR,"-34,5847968","-58,4766454",89c2e31080bffff,America/Buenos_Aires,,FALSE,"4,5",42,https://search.google.com/local/reviews?placeid=ChIJR0UCLW22vJURjTS3c7oC5Vc&q=*&authuser=0&hl=en&gl=AR,,https://lh3.googleusercontent.com/gps-cs-s/AHRPTWngutYr2hM0oQU4b-RzBIf_XJ72p5UISbJUFuwy_fcKOMB2ydaCcjmJovS4FarGvHPmjU3rla7oP1nYXR7LxswpyrGJJHaunnA531j8l7mlRd5VBIJtOLZx7AXjmD8MrCSteK8M-w=w800-h500-k-no,https://lh3.googleusercontent.com/gps-cs-s/AHRPTWngutYr2hM0oQU4b-RzBIf_XJ72p5UISbJUFuwy_fcKOMB2ydaCcjmJovS4FarGvHPmjU3rla7oP1nYXR7LxswpyrGJJHaunnA531j8l7mlRd5VBIJtOLZx7AXjmD8MrCSteK8M-w=w1600-h1000-k-no,https://lh6.googleusercontent.com/-P3C_U9HCdwU/AAAAAAAAAAI/AAAAAAAAAAA/pHdlPNZwqwE/s44-p-k-no-ns-nd/photo.jpg,,,OPERATIONAL,"{""Monday"": [""9AM-5PM""], ""Tuesday"": [""9AM-5PM""], ""Wednesday"": [""9AM-5PM""], ""Thursday"": [""9AM-5PM""], ""Friday"": [""9AM-5PM""], ""Saturday"": [""Closed""], ""Sunday"": [""Closed""]}","Monday,9AM,5PM|Tuesday,9AM,5PM|Wednesday,9AM,5PM|Thursday,9AM,5PM|Friday,9AM,5PM",,,,,,,,,,"{""Service options"": {""On-site services"": false}}",,,TRUE,112907182526026239485,Galletitas Belgrano,https://www.google.com/maps/contrib/112907182526026239485,"https://www.google.com/maps/place/Galletitas+Belgrano/@-34.5847968,-58.476645399999995,14z/data=!4m8!1m2!2m1!1sGalletitas+Belgrano!3m4!1s0x95bcb66d2d024547:0x57e502ba73b7348d!8m2!3d-34.5847968!4d-58.476645399999995","https://www.google.com/maps/place/Galletitas+Belgrano/@-34.5847968,-58.476645399999995,13.99z/data=!4m16!1m7!3m6!1s0x95bcb66d2d024547:0x57e502ba73b7348d!2sGalletitas+Belgrano!8m2!3d-34.5847968!4d-58.476645399999995!16s%2Fg%2F11ckvg1dmb!3m7!1s0x95bcb66d2d024547:0x57e502ba73b7348d!8m2!3d-34.5847968!4d-58.476645399999995!9m1!1b1!16s%2Fg%2F11ckvg1dmb?entry=ttu",ChIJR0UCLW22vJURjTS3c7oC5Vc,0x95bcb66d2d024547:0x57e502ba73b7348d,6333471450795029645,/g/1tdygtjt,6333471450795029645
" Distribuidora de galletitas, Zona Oeste, CABA, Zona Norte, Zona SUR",GOLOMAX - Barracas,Golomax Barracas,Tienda de comestibles mayorista,+54 11 5492-8977,https://www.golomax.com.ar/,"CALIFORNIA 2385, California 2379, C1277 Buenos Aires","CALIFORNIA 2385, California 2379","Barracas, Comuna 4",C1277,Argentina,AR,"-34,648488","-58,3804275",89c2e31148bffff,America/Buenos_Aires,,FALSE,5,388,https://search.google.com/local/reviews?placeid=ChIJ4eozlzXLvJURBpdMuLGhn6M&q=*&authuser=0&hl=en&gl=AR,,https://lh3.googleusercontent.com/gps-cs-s/AHRPTWnTwez2CmJAcYuPjP7SS2SmpUFVES3UKtVWcOL4kfNwOLCHJQ8jwF0DcGcnH0c5UrZiXD-WUL2_4n4N07hWbnwp9fEA9KEdVNDtBZvsgm7Kd7cOOsvhILFs72KwW9KjjhJDC07YJc_S_boK=w800-h500-k-no,https://lh3.googleusercontent.com/gps-cs-s/AHRPTWnTwez2CmJAcYuPjP7SS2SmpUFVES3UKtVWcOL4kfNwOLCHJQ8jwF0DcGcnH0c5UrZiXD-WUL2_4n4N07hWbnwp9fEA9KEdVNDtBZvsgm7Kd7cOOsvhILFs72KwW9KjjhJDC07YJc_S_boK=w1600-h1000-k-no,https://lh4.googleusercontent.com/-8UToVFSzt2A/AAAAAAAAAAI/AAAAAAAAAAA/s0mNDivQDlg/s44-p-k-no-ns-nd/photo.jpg,,,OPERATIONAL,"{""Monday"": [""7AM-5PM""], ""Tuesday"": [""7AM-5PM""], ""Wednesday"": [""7AM-5PM""], ""Thursday"": [""7AM-5PM""], ""Friday"": [""7AM-5PM""], ""Saturday"": [""7AM-1PM""], ""Sunday"": [""Closed""]}","Monday,7AM,5PM|Tuesday,7AM,5PM|Wednesday,7AM,5PM|Thursday,7AM,5PM|Friday,7AM,5PM|Saturday,7AM,1PM",,,,,,,,,,"{""Accessibility"": {""Wheelchair-accessible car park"": true, ""Wheelchair-accessible entrance"": true, ""Wheelchair-accessible toilet"": true}, ""Amenities"": {""Toilet"": true}, ""Crowd"": {""LGBTQ+ friendly"": true}, ""Payments"": {""Credit cards"": true, ""Debit cards"": true, ""NFC mobile payments"": true}, ""Parking"": {""Free multi-storey car park"": true, ""Free of charge street parking"": true, ""Free parking lot"": true, ""On-site parking"": true}, ""Other"": {""LGBTQ+ friendly"": true}}",,,TRUE,106522823458586107283,GOLOMAX - Barracas,https://www.google.com/maps/contrib/106522823458586107283,"https://www.google.com/maps/place/GOLOMAX+-+Barracas/@-34.648488,-58.380427499999996,14z/data=!4m8!1m2!2m1!1sGOLOMAX+-+Barracas!3m4!1s0x95bccb359733eae1:0xa39fa1b1b84c9706!8m2!3d-34.648488!4d-58.380427499999996","https://www.google.com/maps/place/GOLOMAX+-+Barracas/@-34.648488,-58.380427499999996,13.99z/data=!4m16!1m7!3m6!1s0x95bccb359733eae1:0xa39fa1b1b84c9706!2sGOLOMAX+-+Barracas!8m2!3d-34.648488!4d-58.380427499999996!16s%2Fg%2F11ckvg1dmb!3m7!1s0x95bccb359733eae1:0xa39fa1b1b84c9706!8m2!3d-34.648488!4d-58.380427499999996!9m1!1b1!16s%2Fg%2F11ckvg1dmb?entry=ttu",ChIJ4eozlzXLvJURBpdMuLGhn6M,0x95bccb359733eae1:0xa39fa1b1b84c9706,11790320134152558342,/g/11wwffpzkf,-6656423939556993274
" Distribuidora de galletitas, Zona Oeste, CABA, Zona Norte, Zona SUR",Aprea Distribuidora,Aprea Distribuidora,Tienda de alimentos al por mayor,+54 11 4208-9427,,"Beguerestain 2270, B1870 Piñeyro, Provincia de Buenos Aires",Beguerestain 2270,None,B1870,Argentina,AR,"-34,6831116","-58,3873682",89c2e313687ffff,America/Buenos_Aires,,FALSE,"4,8",16,https://search.google.com/local/reviews?placeid=ChIJ2VD_vMbMvJURqaQ0kp69h40&q=*&authuser=0&hl=en&gl=AR,,https://streetviewpixels-pa.googleapis.com/v1/thumbnail?panoid=B1YnjE11_YBJkV00lzcfRQ&cb_client=search.gws-prod.gps&w=800&h=500&yaw=106.28113&pitch=0&thumbfov=100,https://lh3.googleusercontent.com/gps-cs-s/AHRPTWnaYpZbquzSF83xZLTvbShHqc5MTBr3Wb-jURl5xblXDDtgFP7SdZ_TYvfZCB1oPMHS_VY07q1kmlWJOErCkr1KaYRFDZuSutflPkChGCYPVyI7h-0Vsa0B1l6tPyDIAQZ5KcsBlg=w1600-h1000-k-no,https://lh4.googleusercontent.com/-f6Hs6qlXx0A/AAAAAAAAAAI/AAAAAAAAAAA/I5tXAVgB2vA/s44-p-k-no-ns-nd/photo.jpg,,,OPERATIONAL,"{""Monday"": [""8AM-4PM""], ""Tuesday"": [""8AM-4PM""], ""Wednesday"": [""8AM-4PM""], ""Thursday"": [""8AM-4PM""], ""Friday"": [""8AM-4PM""], ""Saturday"": [""Closed""], ""Sunday"": [""Closed""]}","Monday,8AM,4PM|Tuesday,8AM,4PM|Wednesday,8AM,4PM|Thursday,8AM,4PM|Friday,8AM,4PM",,,,,,,,,,"{""Accessibility"": {""Wheelchair-accessible car park"": true, ""Wheelchair-accessible entrance"": true}, ""Payments"": {""Debit cards"": true}}",,,TRUE,106332730731283682666,Aprea Distribuidora,https://www.google.com/maps/contrib/106332730731283682666,"https://www.google.com/maps/place/Aprea+Distribuidora/@-34.6831116,-58.3873682,14z/data=!4m8!1m2!2m1!1sAprea+Distribuidora!3m4!1s0x95bcccc6bcff50d9:0x8d87bd9e9234a4a9!8m2!3d-34.6831116!4d-58.3873682","https://www.google.com/maps/place/Aprea+Distribuidora/@-34.6831116,-58.3873682,13.99z/data=!4m16!1m7!3m6!1s0x95bcccc6bcff50d9:0x8d87bd9e9234a4a9!2sAprea+Distribuidora!8m2!3d-34.6831116!4d-58.3873682!16s%2Fg%2F11ckvg1dmb!3m7!1s0x95bcccc6bcff50d9:0x8d87bd9e9234a4a9!8m2!3d-34.6831116!4d-58.3873682!9m1!1b1!16s%2Fg%2F11ckvg1dmb?entry=ttu",ChIJ2VD_vMbMvJURqaQ0kp69h40,0x95bcccc6bcff50d9:0x8d87bd9e9234a4a9,10198328369959183529,/g/1tj7xk_v,-8248415703750368087
" Distribuidora de galletitas, Zona Oeste, CABA, Zona Norte, Zona SUR",Shoppit,Shoppit,Mayorista,+54 11 3123-3148,,"Av. Sta. Fe 3778, C1425 Cdad. Autónoma de Buenos Aires",Av. Sta. Fe 3778,"Palermo, Comuna 14",C1425,Argentina,AR,"-34,5848253","-58,416933",89c2e31180fffff,America/Buenos_Aires,,FALSE,"4,8",33,https://search.google.com/local/reviews?placeid=ChIJfQIs1pq1vJURMuBjGCcq4rI&q=*&authuser=0&hl=en&gl=AR,,https://streetviewpixels-pa.googleapis.com/v1/thumbnail?panoid=vwBMpzhP4qnZ_rYhKy8IqQ&cb_client=search.gws-prod.gps&w=800&h=500&yaw=227.09822&pitch=0&thumbfov=100,https://lh3.googleusercontent.com/gps-cs-s/AHRPTWkZ1v4qe8eur0h6EI5LR5iUjBgGnYGKMALY1Fo4YBh0hM1Gx-4rV8n2_GmtlEkJnS1X48uQdgGrNbdLYJ9TDjDZuKYfl2CZPzua-hDpU-LCGBWpZAlv9enpSld1AXHDhQIwJTkL=w1600-h1000-k-no,https://lh5.googleusercontent.com/-NMZ5WyV7SUk/AAAAAAAAAAI/AAAAAAAAAAA/m9ZU6Vc94Mo/s44-p-k-no-ns-nd/photo.jpg,,,OPERATIONAL,"{""Monday"": [""Open 24 hours""], ""Tuesday"": [""Open 24 hours""], ""Wednesday"": [""Open 24 hours""], ""Thursday"": [""Open 24 hours""], ""Friday"": [""Open 24 hours""], ""Saturday"": [""Open 24 hours""], ""Sunday"": [""Open 24 hours""]}","Sunday,12:00 AM,12:00 AM|Monday,12:00 AM,12:00 AM|Tuesday,12:00 AM,12:00 AM|Wednesday,12:00 AM,12:00 AM|Thursday,12:00 AM,12:00 AM|Friday,12:00 AM,12:00 AM|Saturday,12:00 AM,12:00 AM",,,,,,,,,,"{""Payments"": {""Debit cards"": true}}",,,TRUE,117294300533555871833,Shoppit,https://www.google.com/maps/contrib/117294300533555871833,"https://www.google.com/maps/place/Shoppit/@-34.5848253,-58.416933,14z/data=!4m8!1m2!2m1!1sShoppit!3m4!1s0x95bcb59ad62c027d:0xb2e22a271863e032!8m2!3d-34.5848253!4d-58.416933","https://www.google.com/maps/place/Shoppit/@-34.5848253,-58.416933,13.99z/data=!4m16!1m7!3m6!1s0x95bcb59ad62c027d:0xb2e22a271863e032!2sShoppit!8m2!3d-34.5848253!4d-58.416933!16s%2Fg%2F11ckvg1dmb!3m7!1s0x95bcb59ad62c027d:0xb2e22a271863e032!8m2!3d-34.5848253!4d-58.416933!9m1!1b1!16s%2Fg%2F11ckvg1dmb?entry=ttu",ChIJfQIs1pq1vJURMuBjGCcq4rI,0x95bcb59ad62c027d:0xb2e22a271863e032,12889911430889070642,/g/11srh9w079,-5556832642820480974
" Distribuidora de galletitas, Zona Oeste, CABA, Zona Norte, Zona SUR",Seasonal items,Seasonal Items,Mayorista,+54 11 2337-0681,https://distribuidoragolo.com.ar/,"Av. Jujuy 1358, C1247 Turku, Cdad. Autónoma de Buenos Aires",Av. Jujuy 1358,San Cristóbal,C1247,Argentina,AR,"-34,6256822","-58,4015868",89c2e31152bffff,America/Buenos_Aires,,FALSE,"4,3",59,https://search.google.com/local/reviews?placeid=ChIJpc5aNRzLvJURD7l1sXnmSDI&q=*&authuser=0&hl=en&gl=AR,,https://lh3.googleusercontent.com/gps-cs-s/AHRPTWmHUme9trNjr_364989u5mLMP1K5b3qC1kSDCpTTUslXoAub0-ZoaagsJyuQrDPAWMrRuRnvV-iT_Bglm7yCuPX-NHe9aAX-xzIlV3n27c44EXugDMehPZy8-gUTECc5Y9tpZ_u=w800-h500-k-no,https://lh3.googleusercontent.com/gps-cs-s/AHRPTWmHUme9trNjr_364989u5mLMP1K5b3qC1kSDCpTTUslXoAub0-ZoaagsJyuQrDPAWMrRuRnvV-iT_Bglm7yCuPX-NHe9aAX-xzIlV3n27c44EXugDMehPZy8-gUTECc5Y9tpZ_u=w1600-h1000-k-no,https://lh5.googleusercontent.com/-7ktXEY9pmkU/AAAAAAAAAAI/AAAAAAAAAAA/dKNWkkpuiNU/s44-p-k-no-ns-nd/photo.jpg,,,OPERATIONAL,"{""Monday"": [""8:30AM-5PM""], ""Tuesday"": [""8:30AM-5PM""], ""Wednesday"": [""8:30AM-5PM""], ""Thursday"": [""8:30AM-5PM""], ""Friday"": [""8:30AM-5PM""], ""Saturday"": [""8:30AM-1PM""], ""Sunday"": [""Closed""]}","Monday,8:30AM,5PM|Tuesday,8:30AM,5PM|Wednesday,8:30AM,5PM|Thursday,8:30AM,5PM|Friday,8:30AM,5PM|Saturday,8:30AM,1PM",,,,,,,,,,"{""Accessibility"": {""Wheelchair-accessible car park"": false}, ""Amenities"": {""Toilet"": false}, ""Crowd"": {""LGBTQ+ friendly"": true, ""Transgender safe space"": true}, ""Other"": {""LGBTQ+ friendly"": true}}",,,TRUE,111660962867170895158,Seasonal items,https://www.google.com/maps/contrib/111660962867170895158,"https://www.google.com/maps/place/Seasonal+items/@-34.6256822,-58.4015868,14z/data=!4m8!1m2!2m1!1sSeasonal+items!3m4!1s0x95bccb1c355acea5:0x3248e679b175b90f!8m2!3d-34.6256822!4d-58.4015868","https://www.google.com/maps/place/Seasonal+items/@-34.6256822,-58.4015868,13.99z/data=!4m16!1m7!3m6!1s0x95bccb1c355acea5:0x3248e679b175b90f!2sSeasonal+items!8m2!3d-34.6256822!4d-58.4015868!16s%2Fg%2F11ckvg1dmb!3m7!1s0x95bccb1c355acea5:0x3248e679b175b90f!8m2!3d-34.6256822!4d-58.4015868!9m1!1b1!16s%2Fg%2F11ckvg1dmb?entry=ttu",ChIJpc5aNRzLvJURD7l1sXnmSDI,0x95bccb1c355acea5:0x3248e679b175b90f,3623399310562277647,/g/11b76c1vnj,3623399310562277647
" Distribuidora de galletitas, Zona Oeste, CABA, Zona Norte, Zona SUR",zeta proveedores,Zeta Proveedores,Tienda de golosinas,+54 11 5009-7515,,"Av. Corrientes 3601, C1194 Cdad. Autónoma de Buenos Aires",Av. Corrientes 3601,"Almagro, Comuna 5",C1194,Argentina,AR,"-34,6036342","-58,4157569",89c2e311c0bffff,America/Buenos_Aires,,FALSE,"4,8",45,https://search.google.com/local/reviews?placeid=ChIJw7kEpa3LvJURQ-uJ9PgJ6CI&q=*&authuser=0&hl=en&gl=AR,,https://lh3.googleusercontent.com/gps-cs-s/AHRPTWkkCH7-zFuZf5nxEGzGGDV9uzK4M5mdqOo0dsdHw6fRjmALIez28BLwN9y3GJnhJBEirkXMZemI-b9S3fg4f-GNtfLvPbi-xXARRZKs0A-g8azIHjHnljuxQQYdYLSxe6SKKUxn=w800-h500-k-no,https://lh3.googleusercontent.com/gps-cs-s/AHRPTWkkCH7-zFuZf5nxEGzGGDV9uzK4M5mdqOo0dsdHw6fRjmALIez28BLwN9y3GJnhJBEirkXMZemI-b9S3fg4f-GNtfLvPbi-xXARRZKs0A-g8azIHjHnljuxQQYdYLSxe6SKKUxn=w1600-h1000-k-no,https://lh6.googleusercontent.com/-RaWnWUW841g/AAAAAAAAAAI/AAAAAAAAAAA/i58aTMXNdWA/s44-p-k-no-ns-nd/photo.jpg,,,OPERATIONAL,"{""Monday"": [""8AM-9PM""], ""Tuesday"": [""8AM-9PM""], ""Wednesday"": [""8AM-9PM""], ""Thursday"": [""8AM-9PM""], ""Friday"": [""8AM-9PM""], ""Saturday"": [""8AM-9PM""], ""Sunday"": [""Closed""]}","Monday,8AM,9PM|Tuesday,8AM,9PM|Wednesday,8AM,9PM|Thursday,8AM,9PM|Friday,8AM,9PM|Saturday,8AM,9PM",,,,,,,,,,"{""Accessibility"": {""Wheelchair-accessible seating"": true}, ""Crowd"": {""LGBTQ+ friendly"": true, ""Transgender safe space"": true}, ""Planning"": {""Quick visit"": true}, ""Payments"": {""Credit cards"": true, ""Debit cards"": true, ""NFC mobile payments"": true}, ""Other"": {""LGBTQ+ friendly"": true}}",,,TRUE,110418944290140972482,zeta proveedores,https://www.google.com/maps/contrib/110418944290140972482,"https://www.google.com/maps/place/zeta+proveedores/@-34.6036342,-58.4157569,14z/data=!4m8!1m2!2m1!1szeta+proveedores!3m4!1s0x95bccbada504b9c3:0x22e809f8f489eb43!8m2!3d-34.6036342!4d-58.4157569","https://www.google.com/maps/place/zeta+proveedores/@-34.6036342,-58.4157569,13.99z/data=!4m16!1m7!3m6!1s0x95bccbada504b9c3:0x22e809f8f489eb43!2szeta+proveedores!8m2!3d-34.6036342!4d-58.4157569!16s%2Fg%2F11ckvg1dmb!3m7!1s0x95bccbada504b9c3:0x22e809f8f489eb43!8m2!3d-34.6036342!4d-58.4157569!9m1!1b1!16s%2Fg%2F11ckvg1dmb?entry=ttu",ChIJw7kEpa3LvJURQ-uJ9PgJ6CI,0x95bccbada504b9c3:0x22e809f8f489eb43,2515271356745640771,/g/11frrk8zqx,2515271356745640771
" Distribuidora de galletitas, Zona Oeste, CABA, Zona Norte, Zona SUR",Compañía de Golosinas,Compañía De Golosinas,Tienda de golosinas,+54 11 4371-3261,https://www.facebook.com/companiadegolosinas,"Av. Callao 621, C1022 AAG, Cdad. Autónoma de Buenos Aires",Av. Callao 621,San Nicolás,C1022,Argentina,AR,"-34,6017103","-58,3924713",89c2e311ecfffff,America/Buenos_Aires,,FALSE,"4,2",168,https://search.google.com/local/reviews?placeid=ChIJzcxdaMDKvJURqWszUF6fy90&q=*&authuser=0&hl=en&gl=AR,,https://lh3.googleusercontent.com/gps-cs-s/AHRPTWlxTSnqAE1hrVAx8eR4S3qu0vH3VojCKW898EA8RIajfPmLXOL-NaqBlsMq-KM3T3En7j6-GbYWUKlR4ga_A2bxfg4X9Bf8T3NIbKCT_F66UYtoJyfsOShBvBzv9Z2J2bRXSSUL=w800-h500-k-no,https://lh3.googleusercontent.com/gps-cs-s/AHRPTWlxTSnqAE1hrVAx8eR4S3qu0vH3VojCKW898EA8RIajfPmLXOL-NaqBlsMq-KM3T3En7j6-GbYWUKlR4ga_A2bxfg4X9Bf8T3NIbKCT_F66UYtoJyfsOShBvBzv9Z2J2bRXSSUL=w1600-h1000-k-no,,,,OPERATIONAL,"{""Monday"": [""7:30AM-9PM""], ""Tuesday"": [""7:30AM-9PM""], ""Wednesday"": [""7:30AM-9PM""], ""Thursday"": [""7:30AM-9PM""], ""Friday"": [""7:30AM-9PM""], ""Saturday"": [""10AM-5:30PM""], ""Sunday"": [""Closed""]}","Monday,7:30AM,9PM|Tuesday,7:30AM,9PM|Wednesday,7:30AM,9PM|Thursday,7:30AM,9PM|Friday,7:30AM,9PM|Saturday,10AM,5:30PM",,,,,,,,,,"{""Service options"": {""Delivery"": true}, ""Accessibility"": {""Wheelchair-accessible car park"": false}, ""Planning"": {""Quick visit"": true}, ""Payments"": {""Credit cards"": true, ""Debit cards"": true, ""NFC mobile payments"": true}}",,,FALSE,None,Compañía de Golosinas,,"https://www.google.com/maps/place/Compa%C3%B1%C3%ADa+de+Golosinas/@-34.6017103,-58.3924713,14z/data=!4m8!1m2!2m1!1sCompa%C3%B1%C3%ADa+de+Golosinas!3m4!1s0x95bccac0685dcccd:0xddcb9f5e50336ba9!8m2!3d-34.6017103!4d-58.3924713","https://www.google.com/maps/place/Compa%C3%B1%C3%ADa+de+Golosinas/@-34.6017103,-58.3924713,13.99z/data=!4m16!1m7!3m6!1s0x95bccac0685dcccd:0xddcb9f5e50336ba9!2sCompa%C3%B1%C3%ADa+de+Golosinas!8m2!3d-34.6017103!4d-58.3924713!16s%2Fg%2F11ckvg1dmb!3m7!1s0x95bccac0685dcccd:0xddcb9f5e50336ba9!8m2!3d-34.6017103!4d-58.3924713!9m1!1b1!16s%2Fg%2F11ckvg1dmb?entry=ttu",ChIJzcxdaMDKvJURqWszUF6fy90,0x95bccac0685dcccd:0xddcb9f5e50336ba9,15982042930075626409,/g/11gf05wq87,-2464701143633925207
" Distribuidora de galletitas, Zona Oeste, CABA, Zona Norte, Zona SUR",Galle Sur,Galle Sur,Tienda de alimentación,+54 11 4240-5038,,"Int. Manuel Quindimil 633, B1824 Lanús, Provincia de Buenos Aires",Int. Manuel Quindimil 633,Lanús Oeste,B1824,Argentina,AR,"-34,6936148","-58,3973781",89c2e3134d3ffff,America/Buenos_Aires,,FALSE,"4,4",173,https://search.google.com/local/reviews?placeid=ChIJgbmb6x3NvJURCecGwfFHJ0Q&q=*&authuser=0&hl=en&gl=AR,,https://lh3.googleusercontent.com/gps-cs-s/AHRPTWkpCsTVFSpsVsz5oUfTpihbtcEIxXxbCqXIOeMQ1LwFxlYSkyskF8lLVMdq4FQE23VbREheOP5ipvM9swav-SEhx86fH50mtSDopwwuHmda0KednkM8D9pVj_PEqJGFhPWVocL5=w800-h500-k-no,https://lh3.googleusercontent.com/gps-cs-s/AHRPTWkpCsTVFSpsVsz5oUfTpihbtcEIxXxbCqXIOeMQ1LwFxlYSkyskF8lLVMdq4FQE23VbREheOP5ipvM9swav-SEhx86fH50mtSDopwwuHmda0KednkM8D9pVj_PEqJGFhPWVocL5=w1600-h1000-k-no,https://lh3.googleusercontent.com/-k_Q3d5WLXpU/AAAAAAAAAAI/AAAAAAAAAAA/Q60Bwjo2IR0/s44-p-k-no-ns-nd/photo.jpg,,,OPERATIONAL,"{""Monday"": [""7AM-4:30PM""], ""Tuesday"": [""7AM-4:30PM""], ""Wednesday"": [""7AM-4:30PM""], ""Thursday"": [""7AM-4:30PM""], ""Friday"": [""7AM-4:30PM""], ""Saturday"": [""7AM-1PM""], ""Sunday"": [""Closed""]}","Monday,7AM,4:30PM|Tuesday,7AM,4:30PM|Wednesday,7AM,4:30PM|Thursday,7AM,4:30PM|Friday,7AM,4:30PM|Saturday,7AM,1PM",,,,,,,,,,"{""Service options"": {""Delivery"": true}, ""Accessibility"": {""Wheelchair-accessible entrance"": true}, ""Planning"": {""Quick visit"": true}, ""Payments"": {""Debit cards"": true, ""NFC mobile payments"": true, ""Credit cards"": true}}",,,TRUE,110650141940968341880,Galle Sur,https://www.google.com/maps/contrib/110650141940968341880,"https://www.google.com/maps/place/Galle+Sur/@-34.6936148,-58.3973781,14z/data=!4m8!1m2!2m1!1sGalle+Sur!3m4!1s0x95bccd1deb9bb981:0x442747f1c106e709!8m2!3d-34.6936148!4d-58.3973781","https://www.google.com/maps/place/Galle+Sur/@-34.6936148,-58.3973781,13.99z/data=!4m16!1m7!3m6!1s0x95bccd1deb9bb981:0x442747f1c106e709!2sGalle+Sur!8m2!3d-34.6936148!4d-58.3973781!16s%2Fg%2F11ckvg1dmb!3m7!1s0x95bccd1deb9bb981:0x442747f1c106e709!8m2!3d-34.6936148!4d-58.3973781!9m1!1b1!16s%2Fg%2F11ckvg1dmb?entry=ttu",ChIJgbmb6x3NvJURCecGwfFHJ0Q,0x95bccd1deb9bb981:0x442747f1c106e709,4910973022321960713,/g/1tw_pfx5,4910973022321960713
" Distribuidora de galletitas, Zona Oeste, CABA, Zona Norte, Zona SUR",Golci SRL,Golci Srl,Tienda de galletas,+54 11 4303-5644,http://golci.com.ar/GOLCI-006-CONTACTO.html,C1288 Buenos Aires,,"Barracas, Comuna 4",C1288,Argentina,AR,"-34,642832","-58,377917",89c2e31140bffff,America/Buenos_Aires,,FALSE,"4,2",32,https://search.google.com/local/reviews?placeid=ChIJ9W84mk7LvJURs38X6Zv7aC8&q=*&authuser=0&hl=en&gl=AR,,https://lh3.googleusercontent.com/gps-cs-s/AHRPTWmAZyjT0dBkJRowtj3_Ln42ZEV74kjJQsBhms0qv_SlTrBvRZtH4qab3Jy8jfy_Lw7XqC-Ag23KZNMb7PKOuSfY7uVMjZW2BwfFVTVkcMF_Mw-2rTp0KpnqpPCMapyseqPD2f4w=w800-h500-k-no,https://lh3.googleusercontent.com/gps-cs-s/AHRPTWmAZyjT0dBkJRowtj3_Ln42ZEV74kjJQsBhms0qv_SlTrBvRZtH4qab3Jy8jfy_Lw7XqC-Ag23KZNMb7PKOuSfY7uVMjZW2BwfFVTVkcMF_Mw-2rTp0KpnqpPCMapyseqPD2f4w=w1600-h1000-k-no,,,,OPERATIONAL,"{""Monday"": [""8AM-5PM""], ""Tuesday"": [""8AM-5PM""], ""Wednesday"": [""8AM-5PM""], ""Thursday"": [""8AM-5:30PM""], ""Friday"": [""8AM-5PM""], ""Saturday"": [""Closed""], ""Sunday"": [""Closed""]}","Monday,8AM,5PM|Tuesday,8AM,5PM|Wednesday,8AM,5PM|Thursday,8AM,5:30PM|Friday,8AM,5PM",,,,,,,,,,"{""Service options"": {""Dine-in"": false}, ""Dining options"": {""Dessert"": true}}",,,FALSE,None,Golci SRL,,"https://www.google.com/maps/place/Golci+SRL/@-34.642832,-58.377917,14z/data=!4m8!1m2!2m1!1sGolci+SRL!3m4!1s0x95bccb4e9a386ff5:0x2f68fb9be9177fb3!8m2!3d-34.642832!4d-58.377917","https://www.google.com/maps/place/Golci+SRL/@-34.642832,-58.377917,13.99z/data=!4m16!1m7!3m6!1s0x95bccb4e9a386ff5:0x2f68fb9be9177fb3!2sGolci+SRL!8m2!3d-34.642832!4d-58.377917!16s%2Fg%2F11ckvg1dmb!3m7!1s0x95bccb4e9a386ff5:0x2f68fb9be9177fb3!8m2!3d-34.642832!4d-58.377917!9m1!1b1!16s%2Fg%2F11ckvg1dmb?entry=ttu",ChIJ9W84mk7LvJURs38X6Zv7aC8,0x95bccb4e9a386ff5:0x2f68fb9be9177fb3,3416256964409655219,/g/1tdbgml3,3416256964409655219
" Distribuidora de galletitas, Zona Oeste, CABA, Zona Norte, Zona SUR",El Torito - Mayorista de Kiosco,El Torito Mayorista De Kiosco,Mayorista,+54 11 2251-6774,http://www.eltoritomayorista.com.ar/,"O'Brien 1180, C1137ABB Cdad. Autónoma de Buenos Aires",O'Brien 1180,"Constitución, Buenos Aires, Comuna 1",C1137,Argentina,AR,"-34,629105","-58,3823918",89c2e311017ffff,America/Buenos_Aires,,FALSE,"4,1",82,https://search.google.com/local/reviews?placeid=ChIJ30wTcjDLvJURFUa7Zt6YX0o&q=*&authuser=0&hl=en&gl=AR,,https://lh3.googleusercontent.com/gps-cs-s/AHRPTWmIk2Zc6KtB3mwznihsjV_f8pu269fSiE_rKZmCFNg7ElJs-hx9HE_3atxWh6RlCQom62BxemY_wkuHNvnjSDsFBi16JEZgbZ11Wr_Mh3xgCubxdKtFdMWYswov-StNBxEuutQb=w800-h500-k-no,https://lh3.googleusercontent.com/gps-cs-s/AHRPTWmIk2Zc6KtB3mwznihsjV_f8pu269fSiE_rKZmCFNg7ElJs-hx9HE_3atxWh6RlCQom62BxemY_wkuHNvnjSDsFBi16JEZgbZ11Wr_Mh3xgCubxdKtFdMWYswov-StNBxEuutQb=w1600-h1000-k-no,https://lh3.googleusercontent.com/-TS16BhTWbe0/AAAAAAAAAAI/AAAAAAAAAAA/2aGCuLOnHm0/s44-p-k-no-ns-nd/photo.jpg,,,OPERATIONAL,"{""Monday"": [""8AM-4:30PM""], ""Tuesday"": [""8AM-4:30PM""], ""Wednesday"": [""8AM-4:30PM""], ""Thursday"": [""8AM-4:30PM""], ""Friday"": [""8AM-4:30PM""], ""Saturday"": [""8AM-1PM""], ""Sunday"": [""Closed""]}","Monday,8AM,4:30PM|Tuesday,8AM,4:30PM|Wednesday,8AM,4:30PM|Thursday,8AM,4:30PM|Friday,8AM,4:30PM|Saturday,8AM,1PM",,,,,,,,,,"{""Accessibility"": {""Wheelchair-accessible car park"": false}, ""Payments"": {""Credit cards"": true, ""Debit cards"": true}}",,,TRUE,102113834439532775392,El Torito - Mayorista de Kiosco,https://www.google.com/maps/contrib/102113834439532775392,"https://www.google.com/maps/place/El+Torito+-+Mayorista+de+Kiosco/@-34.629104999999996,-58.3823918,14z/data=!4m8!1m2!2m1!1sEl+Torito+-+Mayorista+de+Kiosco!3m4!1s0x95bccb3072134cdf:0x4a5f98de66bb4615!8m2!3d-34.629104999999996!4d-58.3823918","https://www.google.com/maps/place/El+Torito+-+Mayorista+de+Kiosco/@-34.629104999999996,-58.3823918,13.99z/data=!4m16!1m7!3m6!1s0x95bccb3072134cdf:0x4a5f98de66bb4615!2sEl+Torito+-+Mayorista+de+Kiosco!8m2!3d-34.629104999999996!4d-58.3823918!16s%2Fg%2F11ckvg1dmb!3m7!1s0x95bccb3072134cdf:0x4a5f98de66bb4615!8m2!3d-34.629104999999996!4d-58.3823918!9m1!1b1!16s%2Fg%2F11ckvg1dmb?entry=ttu",ChIJ30wTcjDLvJURFUa7Zt6YX0o,0x95bccb3072134cdf:0x4a5f98de66bb4615,5359170162567890453,/g/11bbrpwj4m,5359170162567890453
" Distribuidora de galletitas, Zona Oeste, CABA, Zona Norte, Zona SUR",Candy Colors Argentina Tienda de Golosinas por Color y Artículos para Candy Bar,Candy Colors Argentina Tienda De Golosinas Por Color Y Artículos Para Candy Bar,Tienda de golosinas,+54 11 7545-8214,http://www.candycolorsargentina.com.ar/,"Manzoni 83, C1407 ICA, Cdad. Autónoma de Buenos Aires",Manzoni 83,Villa Luro,C1407,Argentina,AR,"-34,6384583","-58,499477",89c2e312c63ffff,America/Buenos_Aires,,FALSE,5,75,https://search.google.com/local/reviews?placeid=ChIJdWPuPm_JvJUReDfAt0s1awE&q=*&authuser=0&hl=en&gl=AR,,https://lh3.googleusercontent.com/gps-cs-s/AHRPTWnk1UbFBhg0jh6qXZfFyBMJ2D7B3NIx7mz3awviJ8MfSS76Hcc5HH4M6iQ0c5VnmDu_feasn-kl1ZQjAK8-sTKPG2pv0hw14hMtlYjVfmidAo52_llvhcq7fDwzi0jTKaOJVsMF=w800-h500-k-no,https://lh3.googleusercontent.com/gps-cs-s/AHRPTWnk1UbFBhg0jh6qXZfFyBMJ2D7B3NIx7mz3awviJ8MfSS76Hcc5HH4M6iQ0c5VnmDu_feasn-kl1ZQjAK8-sTKPG2pv0hw14hMtlYjVfmidAo52_llvhcq7fDwzi0jTKaOJVsMF=w1600-h1000-k-no,https://lh3.googleusercontent.com/--92GDcA2BhY/AAAAAAAAAAI/AAAAAAAAAAA/MmppVvUfjxc/s44-p-k-no-ns-nd/photo.jpg,,,OPERATIONAL,"{""Monday"": [""Closed""], ""Tuesday"": [""12-6PM""], ""Wednesday"": [""12-6PM""], ""Thursday"": [""12-6PM""], ""Friday"": [""12-6PM""], ""Saturday"": [""11AM-3PM""], ""Sunday"": [""Closed""]}","Tuesday,12,6PM|Wednesday,12,6PM|Thursday,12,6PM|Friday,12,6PM|Saturday,11AM,3PM",,,,,,,,,,"{""Service options"": {""In-store pick-up"": true, ""In-store shopping"": true}, ""Accessibility"": {""Wheelchair-accessible car park"": false}, ""Planning"": {""Appointment required"": true, ""Quick visit"": true}, ""Payments"": {""Credit cards"": true, ""Debit cards"": true, ""NFC mobile payments"": true}}",,,TRUE,100296364318597015472,Candy Colors Argentina Tienda de Golosinas por Color y Artículos para Candy Bar,https://www.google.com/maps/contrib/100296364318597015472,"https://www.google.com/maps/place/Candy+Colors+Argentina+Tienda+de+Golosinas+por+Color+y+Art%C3%ADculos+para+Candy+Bar/@-34.638458299999996,-58.499477,14z/data=!4m8!1m2!2m1!1sCandy+Colors+Argentina+Tienda+de+Golosinas+por+Color+y+Art%C3%ADculos+para+Candy+Bar!3m4!1s0x95bcc96f3eee6375:0x16b354bb7c03778!8m2!3d-34.638458299999996!4d-58.499477","https://www.google.com/maps/place/Candy+Colors+Argentina+Tienda+de+Golosinas+por+Color+y+Art%C3%ADculos+para+Candy+Bar/@-34.638458299999996,-58.499477,13.99z/data=!4m16!1m7!3m6!1s0x95bcc96f3eee6375:0x16b354bb7c03778!2sCandy+Colors+Argentina+Tienda+de+Golosinas+por+Color+y+Art%C3%ADculos+para+Candy+Bar!8m2!3d-34.638458299999996!4d-58.499477!16s%2Fg%2F11ckvg1dmb!3m7!1s0x95bcc96f3eee6375:0x16b354bb7c03778!8m2!3d-34.638458299999996!4d-58.499477!9m1!1b1!16s%2Fg%2F11ckvg1dmb?entry=ttu",ChIJdWPuPm_JvJUReDfAt0s1awE,0x95bcc96f3eee6375:0x16b354bb7c03778,102234015867615096,/g/11gnsb0652,102234015867615096
" Distribuidora de galletitas, Zona Oeste, CABA, Zona Norte, Zona SUR",TODO DULCE,Todo Dulce,Tienda de golosinas,+54 11 4501-5139,,"Av. Nazca 2778, C1417CUQ Cdad. Autónoma de Buenos Aires",Av. Nazca 2778,"Villa del Parque, Comuna 11",C1417,Argentina,AR,"-34,6039099","-58,4880006",89c2e310ca3ffff,America/Buenos_Aires,,FALSE,"4,2",251,https://search.google.com/local/reviews?placeid=ChIJD6B4miG2vJURhsiFBz2ifOE&q=*&authuser=0&hl=en&gl=AR,,https://lh3.googleusercontent.com/gps-cs-s/AHRPTWkktOwXb7uWO073-f--ViT2DwYwNVwlKQcQwOKkrQyJoQ_s1ePOCoem8ayybcQbCgZFuM3dNf-ksF0a3R6sbR38L70P_ROwYGlWDCg-g7h0lg3Zn-wem5qkjHT3lZE7iCm-yEUt=w800-h500-k-no,https://lh3.googleusercontent.com/gps-cs-s/AHRPTWkktOwXb7uWO073-f--ViT2DwYwNVwlKQcQwOKkrQyJoQ_s1ePOCoem8ayybcQbCgZFuM3dNf-ksF0a3R6sbR38L70P_ROwYGlWDCg-g7h0lg3Zn-wem5qkjHT3lZE7iCm-yEUt=w1600-h1000-k-no,https://lh5.googleusercontent.com/-_0Q9DdYWumU/AAAAAAAAAAI/AAAAAAAAAAA/gL3MRq0atzc/s44-p-k-no-ns-nd/photo.jpg,,,OPERATIONAL,"{""Monday"": [""8AM-4PM""], ""Tuesday"": [""8AM-4PM""], ""Wednesday"": [""8AM-4PM""], ""Thursday"": [""8AM-4PM""], ""Friday"": [""8AM-4PM""], ""Saturday"": [""8AM-12PM""], ""Sunday"": [""Closed""]}","Monday,8AM,4PM|Tuesday,8AM,4PM|Wednesday,8AM,4PM|Thursday,8AM,4PM|Friday,8AM,4PM|Saturday,8AM,12PM",,,,,,,,,,"{""Service options"": {""Delivery"": true}, ""Accessibility"": {""Wheelchair-accessible car park"": false}, ""Planning"": {""Quick visit"": true}, ""Payments"": {""Debit cards"": true, ""NFC mobile payments"": true, ""Credit cards"": true}}",,,TRUE,116393186462119241979,TODO DULCE,https://www.google.com/maps/contrib/116393186462119241979,"https://www.google.com/maps/place/TODO+DULCE/@-34.6039099,-58.4880006,14z/data=!4m8!1m2!2m1!1sTODO+DULCE!3m4!1s0x95bcb6219a78a00f:0xe17ca23d0785c886!8m2!3d-34.6039099!4d-58.4880006","https://www.google.com/maps/place/TODO+DULCE/@-34.6039099,-58.4880006,13.99z/data=!4m16!1m7!3m6!1s0x95bcb6219a78a00f:0xe17ca23d0785c886!2sTODO+DULCE!8m2!3d-34.6039099!4d-58.4880006!16s%2Fg%2F11ckvg1dmb!3m7!1s0x95bcb6219a78a00f:0xe17ca23d0785c886!8m2!3d-34.6039099!4d-58.4880006!9m1!1b1!16s%2Fg%2F11ckvg1dmb?entry=ttu",ChIJD6B4miG2vJURhsiFBz2ifOE,0x95bcb6219a78a00f:0xe17ca23d0785c886,16248039938648819846,/g/11b6_cmgk5,-2198704135060731770
" Distribuidora de galletitas, Zona Oeste, CABA, Zona Norte, Zona SUR",Golosinas Dulsisa,Golosinas Dulsisa,Tienda de golosinas,+54 11 4864-7064,http://www.dulsisa.com/,"Av. Córdoba 3961, C1188AAF AAF, Cdad. Autónoma de Buenos Aires",Av. Córdoba 3961,Palermo,C1188,Argentina,AR,"-34,5975769","-58,4226815",89c2e311c23ffff,America/Buenos_Aires,,FALSE,"4,1",219,https://search.google.com/local/reviews?placeid=ChIJnYUNnHzKvJURmK2bwaLetAk&q=*&authuser=0&hl=en&gl=AR,,https://lh3.googleusercontent.com/gps-cs-s/AHRPTWkeQVJEsQCiNgJH4Tg0boWfMxEmaqY9nJrA8sNlbpSUmDrZKsFktQuaha5z3RuaGHpQcVayp-1Koq4Dpz9yMBiDRnYT5gcaU2t6RxAxY5PDU3rxm2DT6cwEC68H-Gc8hsnA6_Qc=w800-h500-k-no,https://lh3.googleusercontent.com/gps-cs-s/AHRPTWkeQVJEsQCiNgJH4Tg0boWfMxEmaqY9nJrA8sNlbpSUmDrZKsFktQuaha5z3RuaGHpQcVayp-1Koq4Dpz9yMBiDRnYT5gcaU2t6RxAxY5PDU3rxm2DT6cwEC68H-Gc8hsnA6_Qc=w1600-h1000-k-no,,,,OPERATIONAL,"{""Monday"": [""10AM-6PM""], ""Tuesday"": [""10AM-6PM""], ""Wednesday"": [""10AM-6PM""], ""Thursday"": [""10AM-6PM""], ""Friday"": [""10AM-6PM""], ""Saturday"": [""9:30AM-2PM""], ""Sunday"": [""Closed""]}","Monday,10AM,6PM|Tuesday,10AM,6PM|Wednesday,10AM,6PM|Thursday,10AM,6PM|Friday,10AM,6PM|Saturday,9:30AM,2PM",,,,,,,,,,"{""Service options"": {""Delivery"": true}, ""Accessibility"": {""Wheelchair-accessible car park"": false}, ""Planning"": {""Quick visit"": true}, ""Payments"": {""Credit cards"": true, ""Debit cards"": true, ""NFC mobile payments"": true}}",,,FALSE,None,Golosinas Dulsisa,,"https://www.google.com/maps/place/Golosinas+Dulsisa/@-34.5975769,-58.422681499999996,14z/data=!4m8!1m2!2m1!1sGolosinas+Dulsisa!3m4!1s0x95bcca7c9c0d859d:0x9b4dea2c19bad98!8m2!3d-34.5975769!4d-58.422681499999996","https://www.google.com/maps/place/Golosinas+Dulsisa/@-34.5975769,-58.422681499999996,13.99z/data=!4m16!1m7!3m6!1s0x95bcca7c9c0d859d:0x9b4dea2c19bad98!2sGolosinas+Dulsisa!8m2!3d-34.5975769!4d-58.422681499999996!16s%2Fg%2F11ckvg1dmb!3m7!1s0x95bcca7c9c0d859d:0x9b4dea2c19bad98!8m2!3d-34.5975769!4d-58.422681499999996!9m1!1b1!16s%2Fg%2F11ckvg1dmb?entry=ttu",ChIJnYUNnHzKvJURmK2bwaLetAk,0x95bcca7c9c0d859d:0x9b4dea2c19bad98,699428632763542936,/g/11b6dj70p_,699428632763542936
" Distribuidora de galletitas, Zona Oeste, CABA, Zona Norte, Zona SUR",DULSISA,Dulsisa,Tienda de golosinas,+54 11 4803-9312,https://www.dulsisa.com/,"Av. Gral. Las Heras 2241, C1127AAE Cdad. Autónoma de Buenos Aires",Av. Gral. Las Heras 2241,"Barrio Norte, Recoleta, Comuna 2",C1127,Argentina,AR,"-34,5880908","-58,3962096",89c2e311a9bffff,America/Buenos_Aires,,FALSE,"4,1",100,https://search.google.com/local/reviews?placeid=ChIJp16c6ZjKvJURVfT6a8WQfPc&q=*&authuser=0&hl=en&gl=AR,,https://lh3.googleusercontent.com/gps-proxy/ALd4DhGqyVHj_AwuGssa2ZLlSEl1OyFUR_HXKj6U1YtHs7oSU7fFigpyCiWQD4bsbwrc7VJeKP5_dWLJrK1oTqkBUV6eg6-XnSQacksh6xFgASy1Q1XHStP4fhdgJinghj_eD_eR-ip1QC_BQvTWjDP5ppuzVNoWJUJTYXKerHif7XSereaRNu8XJE2zbosjtUFrEObXLA=w800-h500-k-no,https://lh3.googleusercontent.com/gps-proxy/ALd4DhGqyVHj_AwuGssa2ZLlSEl1OyFUR_HXKj6U1YtHs7oSU7fFigpyCiWQD4bsbwrc7VJeKP5_dWLJrK1oTqkBUV6eg6-XnSQacksh6xFgASy1Q1XHStP4fhdgJinghj_eD_eR-ip1QC_BQvTWjDP5ppuzVNoWJUJTYXKerHif7XSereaRNu8XJE2zbosjtUFrEObXLA=w1600-h1000-k-no,,,,OPERATIONAL,"{""Monday"": [""10AM-6PM""], ""Tuesday"": [""10AM-6PM""], ""Wednesday"": [""10AM-6PM""], ""Thursday"": [""10AM-6PM""], ""Friday"": [""10AM-6PM""], ""Saturday"": [""9:30AM-2PM""], ""Sunday"": [""Closed""]}","Monday,10AM,6PM|Tuesday,10AM,6PM|Wednesday,10AM,6PM|Thursday,10AM,6PM|Friday,10AM,6PM|Saturday,9:30AM,2PM",,,,,,,,,,"{""Accessibility"": {""Wheelchair-accessible car park"": false}, ""Planning"": {""Quick visit"": true}, ""Payments"": {""Debit cards"": true, ""NFC mobile payments"": true, ""Credit cards"": true}}",,,FALSE,None,DULSISA,,"https://www.google.com/maps/place/DULSISA/@-34.588090799999996,-58.3962096,14z/data=!4m8!1m2!2m1!1sDULSISA!3m4!1s0x95bcca98e99c5ea7:0xf77c90c56bfaf455!8m2!3d-34.588090799999996!4d-58.3962096","https://www.google.com/maps/place/DULSISA/@-34.588090799999996,-58.3962096,13.99z/data=!4m16!1m7!3m6!1s0x95bcca98e99c5ea7:0xf77c90c56bfaf455!2sDULSISA!8m2!3d-34.588090799999996!4d-58.3962096!16s%2Fg%2F11ckvg1dmb!3m7!1s0x95bcca98e99c5ea7:0xf77c90c56bfaf455!8m2!3d-34.588090799999996!4d-58.3962096!9m1!1b1!16s%2Fg%2F11ckvg1dmb?entry=ttu",ChIJp16c6ZjKvJURVfT6a8WQfPc,0x95bcca98e99c5ea7:0xf77c90c56bfaf455,17833287802074887253,/g/1q62mdcc6,-613456271634664363
" Distribuidora de galletitas, Zona Oeste, CABA, Zona Norte, Zona SUR",Golosinas del Sur,Golosinas Del Sur,Tienda de golosinas,+54 11 7395-9668,http://www.golosinasdelsur.com.ar/,"Av. Bartolomé Mitre 2487, B1872GFP Sarandí, Provincia de Buenos Aires",Av. Bartolomé Mitre 2487,None,B1872,Argentina,AR,"-34,6750113","-58,3498504",89c2e3c4d5bffff,America/Buenos_Aires,,FALSE,"4,5",460,https://search.google.com/local/reviews?placeid=ChIJdUy1mz0zo5URSuahHGAsWYM&q=*&authuser=0&hl=en&gl=AR,,https://lh3.googleusercontent.com/gps-cs-s/AHRPTWny44YgUuHLh8iiqJCuBSTrbMABP2d06dpaIV1B83KhSoHEHAzcsfI9lG_7aTUYT7y-KnwwCvo4Cm4re6E3ZCGRpSrvRLZfnzXTponYnEzknwjuvGt0aNfpkptXpbtwYYP0OE877XMZD9c=w800-h500-k-no,https://lh3.googleusercontent.com/gps-cs-s/AHRPTWny44YgUuHLh8iiqJCuBSTrbMABP2d06dpaIV1B83KhSoHEHAzcsfI9lG_7aTUYT7y-KnwwCvo4Cm4re6E3ZCGRpSrvRLZfnzXTponYnEzknwjuvGt0aNfpkptXpbtwYYP0OE877XMZD9c=w1600-h1000-k-no,https://lh4.googleusercontent.com/-EZvN_8rpqCo/AAAAAAAAAAI/AAAAAAAAAAA/SCHKu0837og/s44-p-k-no-ns-nd/photo.jpg,,,OPERATIONAL,"{""Monday"": [""8AM-5PM""], ""Tuesday"": [""8AM-5PM""], ""Wednesday"": [""8AM-5PM""], ""Thursday"": [""8AM-5PM""], ""Friday"": [""8AM-5PM""], ""Saturday"": [""8AM-1PM""], ""Sunday"": [""Closed""]}","Monday,8AM,5PM|Tuesday,8AM,5PM|Wednesday,8AM,5PM|Thursday,8AM,5PM|Friday,8AM,5PM|Saturday,8AM,1PM",,,,,,,,,,"{""Service options"": {""Delivery"": true, ""In-store pick-up"": true, ""In-store shopping"": true}, ""Amenities"": {""Wi-Fi"": true}, ""Planning"": {""Quick visit"": true}, ""Payments"": {""Credit cards"": true, ""Debit cards"": true, ""NFC mobile payments"": true}}",,,TRUE,117103954420776908778,Golosinas del Sur,https://www.google.com/maps/contrib/117103954420776908778,"https://www.google.com/maps/place/Golosinas+del+Sur/@-34.6750113,-58.349850399999994,14z/data=!4m8!1m2!2m1!1sGolosinas+del+Sur!3m4!1s0x95a3333d9bb54c75:0x83592c601ca1e64a!8m2!3d-34.6750113!4d-58.349850399999994","https://www.google.com/maps/place/Golosinas+del+Sur/@-34.6750113,-58.349850399999994,13.99z/data=!4m16!1m7!3m6!1s0x95a3333d9bb54c75:0x83592c601ca1e64a!2sGolosinas+del+Sur!8m2!3d-34.6750113!4d-58.349850399999994!16s%2Fg%2F11ckvg1dmb!3m7!1s0x95a3333d9bb54c75:0x83592c601ca1e64a!8m2!3d-34.6750113!4d-58.349850399999994!9m1!1b1!16s%2Fg%2F11ckvg1dmb?entry=ttu",ChIJdUy1mz0zo5URSuahHGAsWYM,0x95a3333d9bb54c75:0x83592c601ca1e64a,9464644883204662858,/g/11gfnyb9mn,-8982099190504888758
" Distribuidora de galletitas, Zona Oeste, CABA, Zona Norte, Zona SUR",BYC distribuidora galletitas y más...,Byc Distribuidora Galletitas Y Más,Supermercado,+54 11 5527-4193,https://sites.google.com/view/www-bycdistribuidora12-com/p%C3%A1gina-principal,"Av. 25 de Mayo 644, B1824 Lanús, Provincia de Buenos Aires",Av. 25 de Mayo 644,Lanús Oeste,B1824,Argentina,AR,"-34,7071185","-58,4009039",89c2e389ac7ffff,America/Buenos_Aires,,FALSE,5,6,https://search.google.com/local/reviews?placeid=ChIJtcnZZUDNvJURvKqT1iNO3hc&q=*&authuser=0&hl=en&gl=AR,,https://lh3.googleusercontent.com/gps-cs-s/AHRPTWkujTCHnR-iwGJ3d1HiDtpFdiymoopXeoaITSWoq_Dt16ritllOetHaXRIPOSPPHDj7aA3KsxxPIC_l1h1OifThTSWr70qCwQvjfD-Ujr7HY7DPm-85fFKYVg86Zg-JiTh5Lk9nVg=w800-h500-k-no,https://lh3.googleusercontent.com/gps-cs-s/AHRPTWkujTCHnR-iwGJ3d1HiDtpFdiymoopXeoaITSWoq_Dt16ritllOetHaXRIPOSPPHDj7aA3KsxxPIC_l1h1OifThTSWr70qCwQvjfD-Ujr7HY7DPm-85fFKYVg86Zg-JiTh5Lk9nVg=w1600-h1000-k-no,https://lh6.googleusercontent.com/-LJ9V2Q4b7t0/AAAAAAAAAAI/AAAAAAAAAAA/Cn-K0RximvY/s44-p-k-no-ns-nd/photo.jpg,,,OPERATIONAL,"{""Monday"": [""9AM-1PM"", ""4-8PM""], ""Tuesday"": [""9AM-1PM"", ""4-8PM""], ""Wednesday"": [""9AM-1PM"", ""4-8PM""], ""Thursday"": [""9AM-1PM"", ""4-8PM""], ""Friday"": [""9AM-1PM"", ""4-8PM""], ""Saturday"": [""9AM-1PM"", ""4-8PM""], ""Sunday"": [""Closed""]}","Monday,9AM,1PM|Monday,4,8PM|Tuesday,9AM,1PM|Tuesday,4,8PM|Wednesday,9AM,1PM|Wednesday,4,8PM|Thursday,9AM,1PM|Thursday,4,8PM|Friday,9AM,1PM|Friday,4,8PM|Saturday,9AM,1PM|Saturday,4,8PM",,,,,,,,,,"{""Highlights"": {""Great produce"": true}, ""Planning"": {""Quick visit"": true}, ""Payments"": {""Debit cards"": true, ""NFC mobile payments"": true}}",,,TRUE,111649142220339519403,BYC distribuidora galletitas y más...,https://www.google.com/maps/contrib/111649142220339519403,"https://www.google.com/maps/place/BYC+distribuidora+galletitas+y+m%C3%A1s.../@-34.7071185,-58.400903899999996,14z/data=!4m8!1m2!2m1!1sBYC+distribuidora+galletitas+y+m%C3%A1s...!3m4!1s0x95bccd4065d9c9b5:0x17de4e23d693aabc!8m2!3d-34.7071185!4d-58.400903899999996","https://www.google.com/maps/place/BYC+distribuidora+galletitas+y+m%C3%A1s.../@-34.7071185,-58.400903899999996,13.99z/data=!4m16!1m7!3m6!1s0x95bccd4065d9c9b5:0x17de4e23d693aabc!2sBYC+distribuidora+galletitas+y+m%C3%A1s...!8m2!3d-34.7071185!4d-58.400903899999996!16s%2Fg%2F11ckvg1dmb!3m7!1s0x95bccd4065d9c9b5:0x17de4e23d693aabc!8m2!3d-34.7071185!4d-58.400903899999996!9m1!1b1!16s%2Fg%2F11ckvg1dmb?entry=ttu",ChIJtcnZZUDNvJURvKqT1iNO3hc,0x95bccd4065d9c9b5:0x17de4e23d693aabc,1719898023532931772,/g/11y2fs3zwg,1719898023532931772
" Distribuidora de galletitas, Zona Oeste, CABA, Zona Norte, Zona SUR",Demetrio,Demetrio,Tienda de golosinas,+54 11 4521-3616,,"Av. Triunvirato 4450, C1431 FBU, Cdad. Autónoma de Buenos Aires",Av. Triunvirato 4450,Villa Urquiza,C1431,Argentina,AR,"-34,5762021","-58,4836268",89c2e310b97ffff,America/Buenos_Aires,,FALSE,"4,6",2812,https://search.google.com/local/reviews?placeid=ChIJE5mrz2e2vJUROLOeydl4Hpc&q=*&authuser=0&hl=en&gl=AR,,https://lh3.googleusercontent.com/gps-cs-s/AHRPTWkRV8cbow_Ec7xxz7PTypX8A1Ek5N6fKGVyOr-9i83xEjtnB4szkfhB6RH02Ke8rcnbviVWZdCJr1Gk4l8m_kLKrCzdyG8uKkKxUZ9rCm6n7d0dt8q5CYO9G1irx-4iRWDoLIg=w800-h500-k-no,https://lh3.googleusercontent.com/gps-cs-s/AHRPTWkRV8cbow_Ec7xxz7PTypX8A1Ek5N6fKGVyOr-9i83xEjtnB4szkfhB6RH02Ke8rcnbviVWZdCJr1Gk4l8m_kLKrCzdyG8uKkKxUZ9rCm6n7d0dt8q5CYO9G1irx-4iRWDoLIg=w1600-h1000-k-no,https://lh3.googleusercontent.com/-e0LaxsepO34/AAAAAAAAAAI/AAAAAAAAAAA/cvuUJvefgKw/s44-p-k-no-ns-nd/photo.jpg,,,OPERATIONAL,"{""Monday"": [""9AM-8PM""], ""Tuesday"": [""9AM-8PM""], ""Wednesday"": [""9AM-8PM""], ""Thursday"": [""9AM-8PM""], ""Friday"": [""9AM-8PM""], ""Saturday"": [""9AM-8PM""], ""Sunday"": [""Closed""]}","Monday,9AM,8PM|Tuesday,9AM,8PM|Wednesday,9AM,8PM|Thursday,9AM,8PM|Friday,9AM,8PM|Saturday,9AM,8PM",,,,,,,,,,"{""Service options"": {""Delivery"": false}, ""Accessibility"": {""Wheelchair-accessible entrance"": true, ""Wheelchair-accessible car park"": false}, ""Planning"": {""Quick visit"": true}, ""Payments"": {""Credit cards"": true, ""Debit cards"": true, ""NFC mobile payments"": true}}",,,TRUE,117217376364569630097,Demetrio,https://www.google.com/maps/contrib/117217376364569630097,"https://www.google.com/maps/place/Demetrio/@-34.576202099999996,-58.483626799999996,14z/data=!4m8!1m2!2m1!1sDemetrio!3m4!1s0x95bcb667cfab9913:0x971e78d9c99eb338!8m2!3d-34.576202099999996!4d-58.483626799999996","https://www.google.com/maps/place/Demetrio/@-34.576202099999996,-58.483626799999996,13.99z/data=!4m16!1m7!3m6!1s0x95bcb667cfab9913:0x971e78d9c99eb338!2sDemetrio!8m2!3d-34.576202099999996!4d-58.483626799999996!16s%2Fg%2F11ckvg1dmb!3m7!1s0x95bcb667cfab9913:0x971e78d9c99eb338!8m2!3d-34.576202099999996!4d-58.483626799999996!9m1!1b1!16s%2Fg%2F11ckvg1dmb?entry=ttu",ChIJE5mrz2e2vJUROLOeydl4Hpc,0x95bcb667cfab9913:0x971e78d9c99eb338,10889273825814295352,/g/1wrtf0rx,-7557470247895256264
" Distribuidora de galletitas, Zona Oeste, CABA, Zona Norte, Zona SUR",La Dolce EEUU,La Dolce Eeuu,Tienda de golosinas,+54 11 4943-1428,http://www.ladolce.com.ar/,"Estados Unidos 2543, C1227ABO Cdad. Autónoma de Buenos Aires",Estados Unidos 2543,"San Cristóbal, Comuna 3",C1227,Argentina,AR,"-34,6196785","-58,401433",89c2e31118fffff,America/Buenos_Aires,,FALSE,"4,4",227,https://search.google.com/local/reviews?placeid=ChIJ945Mx-PKvJUR3-wZyUG9FCw&q=*&authuser=0&hl=en&gl=AR,,https://lh3.googleusercontent.com/gps-cs-s/AHRPTWllD3mkis7QsRlS1bViPAHGISRZx0z3231mpDljgjNxkqkN0yN3m-7SfMLaQjA78BuyFsvBl-6x0fZqRTyi8cdKsAh9WnaRX8l5_UCfOP0RYy9zzV_86A_-HRuHbyk6MkSX4g9m6g=w800-h500-k-no,https://lh3.googleusercontent.com/gps-cs-s/AHRPTWllD3mkis7QsRlS1bViPAHGISRZx0z3231mpDljgjNxkqkN0yN3m-7SfMLaQjA78BuyFsvBl-6x0fZqRTyi8cdKsAh9WnaRX8l5_UCfOP0RYy9zzV_86A_-HRuHbyk6MkSX4g9m6g=w1600-h1000-k-no,https://lh6.googleusercontent.com/-uZOi0MvpJTU/AAAAAAAAAAI/AAAAAAAAAAA/DkOZHOvsV6A/s44-p-k-no-ns-nd/photo.jpg,,,OPERATIONAL,"{""Monday"": [""8AM-4PM""], ""Tuesday"": [""8AM-4PM""], ""Wednesday"": [""8AM-4PM""], ""Thursday"": [""8AM-4PM""], ""Friday"": [""8AM-4PM""], ""Saturday"": [""8AM-12PM""], ""Sunday"": [""Closed""]}","Monday,8AM,4PM|Tuesday,8AM,4PM|Wednesday,8AM,4PM|Thursday,8AM,4PM|Friday,8AM,4PM|Saturday,8AM,12PM",,,,,,,,,,"{""Service options"": {""Delivery"": true, ""In-store pick-up"": true, ""In-store shopping"": true}, ""Accessibility"": {""Wheelchair-accessible car park"": true, ""Wheelchair-accessible entrance"": true}, ""Amenities"": {""Wi-Fi"": true}, ""Payments"": {""Cheques"": true, ""Credit cards"": true, ""Debit cards"": true, ""NFC mobile payments"": true}}",,,TRUE,103696231978899043144,La Dolce EEUU,https://www.google.com/maps/contrib/103696231978899043144,"https://www.google.com/maps/place/La+Dolce+EEUU/@-34.6196785,-58.401433,14z/data=!4m8!1m2!2m1!1sLa+Dolce+EEUU!3m4!1s0x95bccae3c74c8ef7:0x2c14bd41c919ecdf!8m2!3d-34.6196785!4d-58.401433","https://www.google.com/maps/place/La+Dolce+EEUU/@-34.6196785,-58.401433,13.99z/data=!4m16!1m7!3m6!1s0x95bccae3c74c8ef7:0x2c14bd41c919ecdf!2sLa+Dolce+EEUU!8m2!3d-34.6196785!4d-58.401433!16s%2Fg%2F11ckvg1dmb!3m7!1s0x95bccae3c74c8ef7:0x2c14bd41c919ecdf!8m2!3d-34.6196785!4d-58.401433!9m1!1b1!16s%2Fg%2F11ckvg1dmb?entry=ttu",ChIJ945Mx-PKvJUR3-wZyUG9FCw,0x95bccae3c74c8ef7:0x2c14bd41c919ecdf,3176371727447485663,/g/1hc1jr966,3176371727447485663
" Distribuidora de galletitas, Zona Oeste, CABA, Zona Norte, Zona SUR",Todo Sabor,Todo Sabor,Tienda de golosinas,+54 11 2180-0929,,"Joaquín V. González 2977, B1824AFS Lanús, Provincia de Buenos Aires",Joaquín V. González 2977,Lanús Oeste,B1824,Argentina,AR,"-34,7065598","-58,3906881",89c2e3c6d27ffff,America/Buenos_Aires,,FALSE,"4,2",650,https://search.google.com/local/reviews?placeid=ChIJwfTUpyPNvJURjHIuF1E7AVo&q=*&authuser=0&hl=en&gl=AR,,https://lh3.googleusercontent.com/gps-cs-s/AHRPTWlirN2WRVNDFF56mi_xKfdQO-v0SZiYOFZ-X87ItYcroEtVTCK18whlMLScKhtXfTkCdWHW2vJL88wG0UBI3zdhNwqPUqtqDF8Ca6L-tHUnOegn3y-Ntf4sEyBifUdvqWYU2kQ=w800-h500-k-no,https://lh3.googleusercontent.com/gps-cs-s/AHRPTWlirN2WRVNDFF56mi_xKfdQO-v0SZiYOFZ-X87ItYcroEtVTCK18whlMLScKhtXfTkCdWHW2vJL88wG0UBI3zdhNwqPUqtqDF8Ca6L-tHUnOegn3y-Ntf4sEyBifUdvqWYU2kQ=w1600-h1000-k-no,https://lh6.googleusercontent.com/-Zf1mnxLyy-U/AAAAAAAAAAI/AAAAAAAAAAA/7_FRQzVSMZo/s44-p-k-no-ns-nd/photo.jpg,,,OPERATIONAL,"{""Monday"": [""8AM-5PM""], ""Tuesday"": [""8AM-5PM""], ""Wednesday"": [""8AM-5PM""], ""Thursday"": [""8AM-5PM""], ""Friday"": [""8AM-5PM""], ""Saturday"": [""8AM-1PM""], ""Sunday"": [""Closed""]}","Monday,8AM,5PM|Tuesday,8AM,5PM|Wednesday,8AM,5PM|Thursday,8AM,5PM|Friday,8AM,5PM|Saturday,8AM,1PM",,,,,,,,,,"{""Service options"": {""Delivery"": true}, ""Accessibility"": {""Wheelchair-accessible car park"": false}, ""Planning"": {""Quick visit"": true}, ""Payments"": {""Debit cards"": true, ""NFC mobile payments"": true, ""Credit cards"": true}}",,,TRUE,112059606131532223757,Todo Sabor,https://www.google.com/maps/contrib/112059606131532223757,"https://www.google.com/maps/place/Todo+Sabor/@-34.7065598,-58.3906881,14z/data=!4m8!1m2!2m1!1sTodo+Sabor!3m4!1s0x95bccd23a7d4f4c1:0x5a013b51172e728c!8m2!3d-34.7065598!4d-58.3906881","https://www.google.com/maps/place/Todo+Sabor/@-34.7065598,-58.3906881,13.99z/data=!4m16!1m7!3m6!1s0x95bccd23a7d4f4c1:0x5a013b51172e728c!2sTodo+Sabor!8m2!3d-34.7065598!4d-58.3906881!16s%2Fg%2F11ckvg1dmb!3m7!1s0x95bccd23a7d4f4c1:0x5a013b51172e728c!8m2!3d-34.7065598!4d-58.3906881!9m1!1b1!16s%2Fg%2F11ckvg1dmb?entry=ttu",ChIJwfTUpyPNvJURjHIuF1E7AVo,0x95bccd23a7d4f4c1:0x5a013b51172e728c,6485530157857534604,/g/1tf9t_zm,6485530157857534604
" Distribuidora de galletitas, Zona Oeste, CABA, Zona Norte, Zona SUR",Goloriolo,Goloriolo,Tienda de golosinas,+54 11 3768-7980,http://www.goloriolo.com.ar/,"Cuenca 3199, C1417 ABA, Cdad. Autónoma de Buenos Aires",Cuenca 3199,Villa del Parque,C1417,Argentina,AR,"-34,6006288","-58,4956986",89c2e312b6fffff,America/Buenos_Aires,,FALSE,"4,2",273,https://search.google.com/local/reviews?placeid=ChIJNcvZNSW2vJUR5XlLn8KOaQc&q=*&authuser=0&hl=en&gl=AR,,https://lh3.googleusercontent.com/gps-cs-s/AHRPTWmzcjhwa6-8csvNMySKyRiy4XjdvFQc6io2uv1PfveAVvhyZcwVl3RGiZsv3Y4PJ4SNNHijqo2C1CBQ8biZIA1WMbYnontHXirc7Su_3CQSd7H_KkdvLyoFe118SK1G-2tVAp2x=w800-h500-k-no,https://lh3.googleusercontent.com/gps-cs-s/AHRPTWmzcjhwa6-8csvNMySKyRiy4XjdvFQc6io2uv1PfveAVvhyZcwVl3RGiZsv3Y4PJ4SNNHijqo2C1CBQ8biZIA1WMbYnontHXirc7Su_3CQSd7H_KkdvLyoFe118SK1G-2tVAp2x=w1600-h1000-k-no,,,,OPERATIONAL,"{""Monday"": [""9AM-8PM""], ""Tuesday"": [""9AM-8PM""], ""Wednesday"": [""9AM-8PM""], ""Thursday"": [""9AM-8PM""], ""Friday"": [""9AM-8PM""], ""Saturday"": [""9AM-8:30PM""], ""Sunday"": [""Closed""]}","Monday,9AM,8PM|Tuesday,9AM,8PM|Wednesday,9AM,8PM|Thursday,9AM,8PM|Friday,9AM,8PM|Saturday,9AM,8:30PM",,,,,,,,,,"{""Accessibility"": {""Wheelchair-accessible car park"": false}, ""Planning"": {""Quick visit"": true}, ""Payments"": {""Credit cards"": true, ""Debit cards"": true, ""NFC mobile payments"": true}}",,,FALSE,None,Goloriolo,,"https://www.google.com/maps/place/Goloriolo/@-34.600628799999996,-58.4956986,14z/data=!4m8!1m2!2m1!1sGoloriolo!3m4!1s0x95bcb62535d9cb35:0x7698ec29f4b79e5!8m2!3d-34.600628799999996!4d-58.4956986","https://www.google.com/maps/place/Goloriolo/@-34.600628799999996,-58.4956986,13.99z/data=!4m16!1m7!3m6!1s0x95bcb62535d9cb35:0x7698ec29f4b79e5!2sGoloriolo!8m2!3d-34.600628799999996!4d-58.4956986!16s%2Fg%2F11ckvg1dmb!3m7!1s0x95bcb62535d9cb35:0x7698ec29f4b79e5!8m2!3d-34.600628799999996!4d-58.4956986!9m1!1b1!16s%2Fg%2F11ckvg1dmb?entry=ttu",ChIJNcvZNSW2vJUR5XlLn8KOaQc,0x95bcb62535d9cb35:0x7698ec29f4b79e5,534114997367437797,/g/11gdh0l4yf,534114997367437797
" Distribuidora de galletitas, Zona Oeste, CABA, Zona Norte, Zona SUR",Fabrica Galletitas,Fabrica Galletitas,Tienda de galletas,+54 11 3916-6451,,"Av. Sáenz 249, C1437 Cdad. Autónoma de Buenos Aires",Av. Sáenz 249,"Nueva Pompeya, Comuna 4",C1437,Argentina,AR,"-34,6422016","-58,4163724",89c2e3106c7ffff,America/Buenos_Aires,,FALSE,"4,8",4,https://search.google.com/local/reviews?placeid=ChIJ_8Rr25fLvJURo8uSPD_4SDE&q=*&authuser=0&hl=en&gl=AR,,https://streetviewpixels-pa.googleapis.com/v1/thumbnail?panoid=0UqLBAlGAX2zPajg3uvqew&cb_client=search.gws-prod.gps&w=800&h=500&yaw=214.28857&pitch=0&thumbfov=100,https://streetviewpixels-pa.googleapis.com/v1/thumbnail?panoid=0UqLBAlGAX2zPajg3uvqew&cb_client=search.gws-prod.gps&w=1600&h=1000&yaw=214.28857&pitch=0&thumbfov=100,,,,OPERATIONAL,"{""Monday"": [""8:30AM-6PM""], ""Tuesday"": [""8:30AM-6PM""], ""Wednesday"": [""8:30AM-6PM""], ""Thursday"": [""8:30AM-6PM""], ""Friday"": [""8:30AM-6PM""], ""Saturday"": [""Closed""], ""Sunday"": [""Closed""]}","Monday,8:30AM,6PM|Tuesday,8:30AM,6PM|Wednesday,8:30AM,6PM|Thursday,8:30AM,6PM|Friday,8:30AM,6PM",,,,,,,,,,"{""Service options"": {""Delivery"": true}, ""Dining options"": {""Dessert"": true}}",,,FALSE,None,Fabrica Galletitas,,"https://www.google.com/maps/place/Fabrica+Galletitas/@-34.6422016,-58.4163724,14z/data=!4m8!1m2!2m1!1sFabrica+Galletitas!3m4!1s0x95bccb97db6bc4ff:0x3148f83f3c92cba3!8m2!3d-34.6422016!4d-58.4163724","https://www.google.com/maps/place/Fabrica+Galletitas/@-34.6422016,-58.4163724,13.99z/data=!4m16!1m7!3m6!1s0x95bccb97db6bc4ff:0x3148f83f3c92cba3!2sFabrica+Galletitas!8m2!3d-34.6422016!4d-58.4163724!16s%2Fg%2F11ckvg1dmb!3m7!1s0x95bccb97db6bc4ff:0x3148f83f3c92cba3!8m2!3d-34.6422016!4d-58.4163724!9m1!1b1!16s%2Fg%2F11ckvg1dmb?entry=ttu",ChIJ_8Rr25fLvJURo8uSPD_4SDE,0x95bccb97db6bc4ff:0x3148f83f3c92cba3,3551361256664517539,/g/11hzl9h4tc,3551361256664517539
" Distribuidora de galletitas, Zona Oeste, CABA, Zona Norte, Zona SUR",La Zulemita,La Zulemita,Mayorista,+54 11 4225-3795,,"Sitio de Montevideo 1146, B1820KDF Lanús, Provincia de Buenos Aires",Sitio de Montevideo 1146,Lanús Este,B1820,Argentina,AR,"-34,7064672","-58,3880508",89c2e3c6d2bffff,America/Buenos_Aires,,FALSE,"3,9",86,https://search.google.com/local/reviews?placeid=ChIJAdw7fiTNvJURdYpAz0FxQb8&q=*&authuser=0&hl=en&gl=AR,,https://lh3.googleusercontent.com/gps-cs-s/AHRPTWkuEwYjiVRr3p9id4JctkTcUbhJTlcHX1xtx2SECmfEEp2P_z-zzbwy85fGA2n3wGggVyEvZx8AJB2akPsdlF8VsSSZigdS0g7pch2PMG-JcAUkbm1KG5EGx5ZwqA4UnV4idujD=w800-h500-k-no,https://lh3.googleusercontent.com/gps-cs-s/AHRPTWkuEwYjiVRr3p9id4JctkTcUbhJTlcHX1xtx2SECmfEEp2P_z-zzbwy85fGA2n3wGggVyEvZx8AJB2akPsdlF8VsSSZigdS0g7pch2PMG-JcAUkbm1KG5EGx5ZwqA4UnV4idujD=w1600-h1000-k-no,https://lh5.googleusercontent.com/-HR92dYWuzNY/AAAAAAAAAAI/AAAAAAAAAAA/-qquM5C0yNY/s44-p-k-no-ns-nd/photo.jpg,,,OPERATIONAL,"{""Monday"": [""7:30AM-5PM""], ""Tuesday"": [""7:30AM-5PM""], ""Wednesday"": [""7:30AM-5PM""], ""Thursday"": [""7:30AM-5PM""], ""Friday"": [""7:30AM-5PM""], ""Saturday"": [""7:30AM-1PM""], ""Sunday"": [""Closed""]}","Monday,7:30AM,5PM|Tuesday,7:30AM,5PM|Wednesday,7:30AM,5PM|Thursday,7:30AM,5PM|Friday,7:30AM,5PM|Saturday,7:30AM,1PM",,,,,,,,,,"{""Accessibility"": {""Wheelchair-accessible entrance"": true}, ""Payments"": {""Debit cards"": true, ""Credit cards"": true}}",,,TRUE,108137627640124552666,La Zulemita,https://www.google.com/maps/contrib/108137627640124552666,"https://www.google.com/maps/place/La+Zulemita/@-34.7064672,-58.388050799999995,14z/data=!4m8!1m2!2m1!1sLa+Zulemita!3m4!1s0x95bccd247e3bdc01:0xbf417141cf408a75!8m2!3d-34.7064672!4d-58.388050799999995","https://www.google.com/maps/place/La+Zulemita/@-34.7064672,-58.388050799999995,13.99z/data=!4m16!1m7!3m6!1s0x95bccd247e3bdc01:0xbf417141cf408a75!2sLa+Zulemita!8m2!3d-34.7064672!4d-58.388050799999995!16s%2Fg%2F11ckvg1dmb!3m7!1s0x95bccd247e3bdc01:0xbf417141cf408a75!8m2!3d-34.7064672!4d-58.388050799999995!9m1!1b1!16s%2Fg%2F11ckvg1dmb?entry=ttu",ChIJAdw7fiTNvJURdYpAz0FxQb8,0x95bccd247e3bdc01:0xbf417141cf408a75,13781420862194354805,/g/1tgnn889,-4665323211515196811
" Distribuidora de galletitas, Zona Oeste, CABA, Zona Norte, Zona SUR",Golosinas,Golosinas,Tienda de golosinas,,,"Av. Triunvirato 4450, C7240 Cdad. Autónoma de Buenos Aires",Av. Triunvirato 4450,"Villa Urquiza, Comuna 12",C7240,Argentina,AR,"-34,5762021","-58,4836268",89c2e310b97ffff,America/Buenos_Aires,,FALSE,"4,6",16,https://search.google.com/local/reviews?placeid=ChIJZU2Sz2e2vJUROWIf2jAZRV8&q=*&authuser=0&hl=en&gl=AR,,https://lh3.googleusercontent.com/gps-cs-s/AHRPTWlMyZpN5jzS_HdPaYqsGtcfSWQYZiWU6rvBET-MF5KCjIJl2rL_eP6PUxUNQRf1WI-EH-YqonNuxuB-jA9TDZLpryb5fmmyC6yAuJhotZxrRvvngDGe5w27MLgzU45xhCqfYEUhsQ=w800-h500-k-no,https://lh3.googleusercontent.com/gps-cs-s/AHRPTWlMyZpN5jzS_HdPaYqsGtcfSWQYZiWU6rvBET-MF5KCjIJl2rL_eP6PUxUNQRf1WI-EH-YqonNuxuB-jA9TDZLpryb5fmmyC6yAuJhotZxrRvvngDGe5w27MLgzU45xhCqfYEUhsQ=w1600-h1000-k-no,,,,OPERATIONAL,"{""Monday"": [""9AM-7:30PM""], ""Tuesday"": [""9AM-7:30PM""], ""Wednesday"": [""9AM-7:30PM""], ""Thursday"": [""9AM-7:30PM""], ""Friday"": [""9AM-7:30PM""], ""Saturday"": [""9AM-1PM"", ""6-7:30PM""], ""Sunday"": [""Closed""]}","Monday,9AM,7:30PM|Tuesday,9AM,7:30PM|Wednesday,9AM,7:30PM|Thursday,9AM,7:30PM|Friday,9AM,7:30PM|Saturday,9AM,1PM|Saturday,6,7:30PM",,,,,,,,,,"{""Accessibility"": {""Wheelchair-accessible car park"": false}, ""Planning"": {""Quick visit"": true}, ""Payments"": {""Credit cards"": true, ""Debit cards"": true, ""NFC mobile payments"": true}}",,,FALSE,None,Golosinas,,"https://www.google.com/maps/place/Golosinas/@-34.576202099999996,-58.483626799999996,14z/data=!4m8!1m2!2m1!1sGolosinas!3m4!1s0x95bcb667cf924d65:0x5f451930da1f6239!8m2!3d-34.576202099999996!4d-58.483626799999996","https://www.google.com/maps/place/Golosinas/@-34.576202099999996,-58.483626799999996,13.99z/data=!4m16!1m7!3m6!1s0x95bcb667cf924d65:0x5f451930da1f6239!2sGolosinas!8m2!3d-34.576202099999996!4d-58.483626799999996!16s%2Fg%2F11ckvg1dmb!3m7!1s0x95bcb667cf924d65:0x5f451930da1f6239!8m2!3d-34.576202099999996!4d-58.483626799999996!9m1!1b1!16s%2Fg%2F11ckvg1dmb?entry=ttu",ChIJZU2Sz2e2vJUROWIf2jAZRV8,0x95bcb667cf924d65:0x5f451930da1f6239,6864920904604803641,/g/11j00rwl99,6864920904604803641
" Distribuidora de galletitas, Zona Oeste, CABA, Zona Norte, Zona SUR",La Bomba Distribuidora,La Bomba Distribuidora,Mayorista de confitería,,,"Villa Dominico Buenos Aires AR, Av. Manuel Belgrano 4636, B1874 ADT","Villa Dominico Buenos Aires AR, Av. Manuel Belgrano 4636",None,B1874,Argentina,AR,"-34,6941251","-58,3346389",89c2e3c4cd3ffff,America/Buenos_Aires,,FALSE,"4,2",455,https://search.google.com/local/reviews?placeid=ChIJkQvFYvAyo5UReXvdUxbD4cM&q=*&authuser=0&hl=en&gl=AR,,https://lh3.googleusercontent.com/gps-cs-s/AHRPTWm-KOEWsjpx2uX8dPn6VpLwH5uq7Ewu6kG8Ed_KPVptUbszKBVSPJv5KuKfTS7s32RLYGhB6LoSS89ZF01QCSt0zL7hANcRiAMezSijoA2UWvIVWm5W0WXlLCVDTo6smy5A75Og=w800-h500-k-no,https://lh3.googleusercontent.com/gps-cs-s/AHRPTWm-KOEWsjpx2uX8dPn6VpLwH5uq7Ewu6kG8Ed_KPVptUbszKBVSPJv5KuKfTS7s32RLYGhB6LoSS89ZF01QCSt0zL7hANcRiAMezSijoA2UWvIVWm5W0WXlLCVDTo6smy5A75Og=w1600-h1000-k-no,https://lh6.googleusercontent.com/-acKd7qIGCx0/AAAAAAAAAAI/AAAAAAAAAAA/2XtWBZCWrwA/s44-p-k-no-ns-nd/photo.jpg,,,OPERATIONAL,"{""Monday"": [""8AM-6PM""], ""Tuesday"": [""8AM-6PM""], ""Wednesday"": [""8AM-6PM""], ""Thursday"": [""8AM-6PM""], ""Friday"": [""8AM-6PM""], ""Saturday"": [""9AM-2PM""], ""Sunday"": [""Closed""]}","Monday,8AM,6PM|Tuesday,8AM,6PM|Wednesday,8AM,6PM|Thursday,8AM,6PM|Friday,8AM,6PM|Saturday,9AM,2PM",,,,,,,,,,"{""Accessibility"": {""Wheelchair-accessible car park"": false, ""Wheelchair-accessible entrance"": false}, ""Payments"": {""Credit cards"": true, ""Debit cards"": true}}",,,TRUE,105847433593313548393,La Bomba Distribuidora,https://www.google.com/maps/contrib/105847433593313548393,"https://www.google.com/maps/place/La+Bomba+Distribuidora/@-34.6941251,-58.334638899999995,14z/data=!4m8!1m2!2m1!1sLa+Bomba+Distribuidora!3m4!1s0x95a332f062c50b91:0xc3e1c31653dd7b79!8m2!3d-34.6941251!4d-58.334638899999995","https://www.google.com/maps/place/La+Bomba+Distribuidora/@-34.6941251,-58.334638899999995,13.99z/data=!4m16!1m7!3m6!1s0x95a332f062c50b91:0xc3e1c31653dd7b79!2sLa+Bomba+Distribuidora!8m2!3d-34.6941251!4d-58.334638899999995!16s%2Fg%2F11ckvg1dmb!3m7!1s0x95a332f062c50b91:0xc3e1c31653dd7b79!8m2!3d-34.6941251!4d-58.334638899999995!9m1!1b1!16s%2Fg%2F11ckvg1dmb?entry=ttu",ChIJkQvFYvAyo5UReXvdUxbD4cM,0x95a332f062c50b91:0xc3e1c31653dd7b79,14114777207819565945,/g/1tj2k1vz,-4331966865889985671
" Distribuidora de galletitas, Zona Oeste, CABA, Zona Norte, Zona SUR",Golodul SRL,Golodul Srl,Fábrica,+54 9 11 7212-0807,,"Av. Jorge Newbery 2748, C1426 Cdad. Autónoma de Buenos Aires",Av. Jorge Newbery 2748,"Chacarita, Comuna 14",C1426,Argentina,AR,"-34,5751552","-58,4436315",89c2e3119abffff,America/Buenos_Aires,,FALSE,,,,,https://streetviewpixels-pa.googleapis.com/v1/thumbnail?panoid=c5GgBDumMfikefQQ6ntygg&cb_client=search.gws-prod.gps&w=800&h=500&yaw=139.43677&pitch=0&thumbfov=100,https://lh3.googleusercontent.com/gps-cs-s/AHRPTWkPTa8lP2mqpKXMmBiKvUyKk-ZIfFfPRsVBBx_rtGqECML1WF0jENBwrOVXRxyEoZPvY1zA8uKDx4Pz9DqcVD7gUKJT18JsIrWDv2BnS897K2IQidvR4wClqQ0mMC41S-qYrJhYRw6aG04=w1600-h1000-k-no,https://lh3.googleusercontent.com/-OHT6LaMG3_U/AAAAAAAAAAI/AAAAAAAAAAA/Cnh94_QLrSU/s44-p-k-no-ns-nd/photo.jpg,,,OPERATIONAL,"{""Monday"": [""9AM-5PM""], ""Tuesday"": [""9AM-5PM""], ""Wednesday"": [""9AM-5PM""], ""Thursday"": [""9AM-5PM""], ""Friday"": [""9AM-5PM""], ""Saturday"": [""Closed""], ""Sunday"": [""Closed""]}","Monday,9AM,5PM|Tuesday,9AM,5PM|Wednesday,9AM,5PM|Thursday,9AM,5PM|Friday,9AM,5PM",,,,,,,,,,,,,TRUE,115460919467280272698,Golodul SRL,https://www.google.com/maps/contrib/115460919467280272698,"https://www.google.com/maps/place/Golodul+SRL/@-34.5751552,-58.443631499999995,14z/data=!4m8!1m2!2m1!1sGolodul+SRL!3m4!1s0x95bcbf350b72da4b:0x7348a838af37059c!8m2!3d-34.5751552!4d-58.443631499999995","https://www.google.com/maps/place/Golodul+SRL/@-34.5751552,-58.443631499999995,13.99z/data=!4m16!1m7!3m6!1s0x95bcbf350b72da4b:0x7348a838af37059c!2sGolodul+SRL!8m2!3d-34.5751552!4d-58.443631499999995!16s%2Fg%2F11ckvg1dmb!3m7!1s0x95bcbf350b72da4b:0x7348a838af37059c!8m2!3d-34.5751552!4d-58.443631499999995!9m1!1b1!16s%2Fg%2F11ckvg1dmb?entry=ttu",ChIJS9pyCzW_vJURnAU3rzioSHM,0x95bcbf350b72da4b:0x7348a838af37059c,8307074474096133532,/g/11h_bvnl7c,None
" Distribuidora de galletitas, Zona Oeste, CABA, Zona Norte, Zona SUR",La Golosinera 2052,La Golosinera 2052,Tienda de golosinas,+54 11 5263-9520,http://www.lagolosineria.com.ar/,"Av. Rivadavia 6093, C1406 Cdad. Autónoma de Buenos Aires",Av. Rivadavia 6093,"Caballito, Comuna 6",C1406,Argentina,AR,"-34,6246151","-58,4518359",89c2e3100a7ffff,America/Buenos_Aires,,FALSE,"4,2",746,https://search.google.com/local/reviews?placeid=ChIJi85I0iTKvJUR5QUpY6Sy49w&q=*&authuser=0&hl=en&gl=AR,,https://lh3.googleusercontent.com/gps-cs-s/AHRPTWlNSx-YfidQrzw_Q15sB1JN_cgcHiBQ0lBPox3RlUPqWpwYqTDAKuEcF7LYqARcjrcc4V4vruQOSdVwt-DNEZ8zQ27jiblXuIuIyDoyr4UkVd1k1cnpbVWN5rJq2CFToHbskItz=w800-h500-k-no,https://lh3.googleusercontent.com/gps-cs-s/AHRPTWlNSx-YfidQrzw_Q15sB1JN_cgcHiBQ0lBPox3RlUPqWpwYqTDAKuEcF7LYqARcjrcc4V4vruQOSdVwt-DNEZ8zQ27jiblXuIuIyDoyr4UkVd1k1cnpbVWN5rJq2CFToHbskItz=w1600-h1000-k-no,https://lh5.googleusercontent.com/-a0uwf2ztb2M/AAAAAAAAAAI/AAAAAAAAAAA/OtLabd7LqhQ/s44-p-k-no-ns-nd/photo.jpg,,,OPERATIONAL,"{""Monday"": [""9AM-8PM""], ""Tuesday"": [""9AM-8PM""], ""Wednesday"": [""9AM-8PM""], ""Thursday"": [""9AM-8PM""], ""Friday"": [""9AM-8PM""], ""Saturday"": [""9AM-8PM""], ""Sunday"": [""Closed""]}","Monday,9AM,8PM|Tuesday,9AM,8PM|Wednesday,9AM,8PM|Thursday,9AM,8PM|Friday,9AM,8PM|Saturday,9AM,8PM",,,,,,,,,,"{""Service options"": {""Delivery"": true, ""In-store pick-up"": true}, ""Accessibility"": {""Wheelchair-accessible car park"": false}, ""Planning"": {""Quick visit"": true}, ""Payments"": {""Debit cards"": true, ""NFC mobile payments"": true}}",,,TRUE,114545050739158672183,La Golosinera 2052,https://www.google.com/maps/contrib/114545050739158672183,"https://www.google.com/maps/place/La+Golosinera+2052/@-34.6246151,-58.4518359,14z/data=!4m8!1m2!2m1!1sLa+Golosinera+2052!3m4!1s0x95bcca24d248ce8b:0xdce3b2a4632905e5!8m2!3d-34.6246151!4d-58.4518359","https://www.google.com/maps/place/La+Golosinera+2052/@-34.6246151,-58.4518359,13.99z/data=!4m16!1m7!3m6!1s0x95bcca24d248ce8b:0xdce3b2a4632905e5!2sLa+Golosinera+2052!8m2!3d-34.6246151!4d-58.4518359!16s%2Fg%2F11ckvg1dmb!3m7!1s0x95bcca24d248ce8b:0xdce3b2a4632905e5!8m2!3d-34.6246151!4d-58.4518359!9m1!1b1!16s%2Fg%2F11ckvg1dmb?entry=ttu",ChIJi85I0iTKvJUR5QUpY6Sy49w,0x95bcca24d248ce8b:0xdce3b2a4632905e5,15916761927165478373,/g/11b6r024s6,-2529982146544073243
" Distribuidora de galletitas, Zona Oeste, CABA, Zona Norte, Zona SUR",Cilo S.R.L.,Cilo S R L,Fabricante de alimentos,+54 11 4922-8694,https://cilo.com.ar/,"Pirovano 524, C1437 Altamira, Cdad. Autónoma de Buenos Aires",Pirovano 524,Nueva Pompeya,C1437,Argentina,AR,"-34,6455674","-58,419555",89c2e31069bffff,America/Buenos_Aires,,FALSE,"4,1",34,https://search.google.com/local/reviews?placeid=ChIJP3EL-aDLvJUR5PPC5A75YVQ&q=*&authuser=0&hl=en&gl=AR,,https://lh3.googleusercontent.com/gps-cs-s/AHRPTWnu4LMqCSg1Htfo4gta7bMHPisRAUZGIpEe3kOzmbJVbu7CPWD7WuCz3NybQstMSfNwGHLaA-I4zt22hXJxh-RmLHRBFdg6XjjIgFkTu1XcJTzqmh1BvLAM95MmWPlG4UPpkNx1wJVqNSQw=w800-h500-k-no,https://lh3.googleusercontent.com/gps-cs-s/AHRPTWnu4LMqCSg1Htfo4gta7bMHPisRAUZGIpEe3kOzmbJVbu7CPWD7WuCz3NybQstMSfNwGHLaA-I4zt22hXJxh-RmLHRBFdg6XjjIgFkTu1XcJTzqmh1BvLAM95MmWPlG4UPpkNx1wJVqNSQw=w1600-h1000-k-no,https://lh5.googleusercontent.com/-j19jYscGZ8g/AAAAAAAAAAI/AAAAAAAAAAA/WKEV9rZ1AQs/s44-p-k-no-ns-nd/photo.jpg,,,OPERATIONAL,"{""Monday"": [""8AM-6PM""], ""Tuesday"": [""8AM-6PM""], ""Wednesday"": [""8AM-6PM""], ""Thursday"": [""8AM-6PM""], ""Friday"": [""8AM-6PM""], ""Saturday"": [""Closed""], ""Sunday"": [""Closed""]}","Monday,8AM,6PM|Tuesday,8AM,6PM|Wednesday,8AM,6PM|Thursday,8AM,6PM|Friday,8AM,6PM",,,,,,,,,,,,,TRUE,118252552560960299282,Cilo S.R.L.,https://www.google.com/maps/contrib/118252552560960299282,"https://www.google.com/maps/place/Cilo+S.R.L./@-34.6455674,-58.419554999999995,14z/data=!4m8!1m2!2m1!1sCilo+S.R.L.!3m4!1s0x95bccba0f90b713f:0x5461f90ee4c2f3e4!8m2!3d-34.6455674!4d-58.419554999999995","https://www.google.com/maps/place/Cilo+S.R.L./@-34.6455674,-58.419554999999995,13.99z/data=!4m16!1m7!3m6!1s0x95bccba0f90b713f:0x5461f90ee4c2f3e4!2sCilo+S.R.L.!8m2!3d-34.6455674!4d-58.419554999999995!16s%2Fg%2F11ckvg1dmb!3m7!1s0x95bccba0f90b713f:0x5461f90ee4c2f3e4!8m2!3d-34.6455674!4d-58.419554999999995!9m1!1b1!16s%2Fg%2F11ckvg1dmb?entry=ttu",ChIJP3EL-aDLvJUR5PPC5A75YVQ,0x95bccba0f90b713f:0x5461f90ee4c2f3e4,6080414814289720292,/g/1tg6lr7t,6080414814289720292
" Distribuidora de galletitas, Zona Oeste, CABA, Zona Norte, Zona SUR",Gold Mundo,Gold Mundo,Tienda de galletas,+54 11 4912-3933,http://www.golci.com.ar/,"Raulet 247, C1437DME Cdad. Autónoma de Buenos Aires",Raulet 247,"Nueva Pompeya, Comuna 4",C1437,Argentina,AR,"-34,6421325","-58,4163896",89c2e3106c7ffff,America/Buenos_Aires,,FALSE,"3,8",60,https://search.google.com/local/reviews?placeid=ChIJX0x94wnLvJURKFm56GB7Xi0&q=*&authuser=0&hl=en&gl=AR,,https://lh3.googleusercontent.com/gps-cs-s/AHRPTWl35XcNyDj1byV3JPrsJcgu-pHBjTIUuFgpj9VZnR98ORS5E8W9lVadEhm_zPk-v-GrLb1oFPrrT0oX_4xOtH4crq8onMQgPLAFuTqcMqcMwfpQ0W40vu4xG3jFmUgCU_G9Q1qo=w800-h500-k-no,https://lh3.googleusercontent.com/gps-cs-s/AHRPTWl35XcNyDj1byV3JPrsJcgu-pHBjTIUuFgpj9VZnR98ORS5E8W9lVadEhm_zPk-v-GrLb1oFPrrT0oX_4xOtH4crq8onMQgPLAFuTqcMqcMwfpQ0W40vu4xG3jFmUgCU_G9Q1qo=w1600-h1000-k-no,,,,OPERATIONAL,"{""Monday"": [""9AM-5PM""], ""Tuesday"": [""9AM-5PM""], ""Wednesday"": [""9AM-5PM""], ""Thursday"": [""9AM-5PM""], ""Friday"": [""9AM-5PM""], ""Saturday"": [""8AM-12PM""], ""Sunday"": [""Closed""]}","Monday,9AM,5PM|Tuesday,9AM,5PM|Wednesday,9AM,5PM|Thursday,9AM,5PM|Friday,9AM,5PM|Saturday,8AM,12PM",,,,,,,,,,"{""Service options"": {""Delivery"": true}, ""Accessibility"": {""Wheelchair-accessible car park"": false}, ""Dining options"": {""Dessert"": true}, ""Planning"": {""Quick visit"": true}, ""Payments"": {""Debit cards"": true}}",,,FALSE,None,Gold Mundo,,"https://www.google.com/maps/place/Gold+Mundo/@-34.642132499999995,-58.416389599999995,14z/data=!4m8!1m2!2m1!1sGold+Mundo!3m4!1s0x95bccb09e37d4c5f:0x2d5e7b60e8b95928!8m2!3d-34.642132499999995!4d-58.416389599999995","https://www.google.com/maps/place/Gold+Mundo/@-34.642132499999995,-58.416389599999995,13.99z/data=!4m16!1m7!3m6!1s0x95bccb09e37d4c5f:0x2d5e7b60e8b95928!2sGold+Mundo!8m2!3d-34.642132499999995!4d-58.416389599999995!16s%2Fg%2F11ckvg1dmb!3m7!1s0x95bccb09e37d4c5f:0x2d5e7b60e8b95928!8m2!3d-34.642132499999995!4d-58.416389599999995!9m1!1b1!16s%2Fg%2F11ckvg1dmb?entry=ttu",ChIJX0x94wnLvJURKFm56GB7Xi0,0x95bccb09e37d4c5f:0x2d5e7b60e8b95928,3269186035669096744,/g/1tf2589q,3269186035669096744
" Distribuidora de galletitas, Zona Oeste, CABA, Zona Norte, Zona SUR",Mateo,Mateo,Tienda de galletas,,https://mateoflores.mitiendanube.com/,"Pedernera 79, C1406 Cdad. Autónoma de Buenos Aires",Pedernera 79,"Flores, Comuna 7",C1406,Argentina,AR,"-34,6302928","-58,4637713",89c2e310507ffff,America/Buenos_Aires,,FALSE,"4,4",251,https://search.google.com/local/reviews?placeid=ChIJp4Kk9XnJvJURj3q34X5Es4o&q=*&authuser=0&hl=en&gl=AR,,https://lh3.googleusercontent.com/gps-cs-s/AHRPTWnY7L9O0sgR-_AJ_E0whmCsAbwpgO_xQ6xla6eyN8mU-sB2iSkuF0yZFPu2CIhIpoI94TF00tRs0WVLABnbUFIY9_MtselM_7NQYN_ygLnEEMKBCUPj3OXUF1leiU9zBJ_AWUWw=w800-h500-k-no,https://lh3.googleusercontent.com/gps-cs-s/AHRPTWnY7L9O0sgR-_AJ_E0whmCsAbwpgO_xQ6xla6eyN8mU-sB2iSkuF0yZFPu2CIhIpoI94TF00tRs0WVLABnbUFIY9_MtselM_7NQYN_ygLnEEMKBCUPj3OXUF1leiU9zBJ_AWUWw=w1600-h1000-k-no,https://lh5.googleusercontent.com/-KXgFDejtQTM/AAAAAAAAAAI/AAAAAAAAAAA/YRMJNK9MWRU/s44-p-k-no-ns-nd/photo.jpg,,,OPERATIONAL,"{""Monday"": [""9AM-8PM""], ""Tuesday"": [""9AM-8PM""], ""Wednesday"": [""9AM-8PM""], ""Thursday"": [""9AM-8PM""], ""Friday"": [""9AM-8PM""], ""Saturday"": [""9AM-8PM""], ""Sunday"": [""Closed""]}","Monday,9AM,8PM|Tuesday,9AM,8PM|Wednesday,9AM,8PM|Thursday,9AM,8PM|Friday,9AM,8PM|Saturday,9AM,8PM",,,,,,,,,,"{""Accessibility"": {""Wheelchair-accessible car park"": false}, ""Dining options"": {""Dessert"": true}, ""Amenities"": {""Toilet"": false}, ""Planning"": {""Quick visit"": true}, ""Payments"": {""Credit cards"": true, ""Debit cards"": true, ""NFC mobile payments"": true}}",,,TRUE,103002227200978091870,Mateo,https://www.google.com/maps/contrib/103002227200978091870,"https://www.google.com/maps/place/Mateo/@-34.6302928,-58.4637713,14z/data=!4m8!1m2!2m1!1sMateo!3m4!1s0x95bcc979f5a482a7:0x8ab3447ee1b77a8f!8m2!3d-34.6302928!4d-58.4637713","https://www.google.com/maps/place/Mateo/@-34.6302928,-58.4637713,13.99z/data=!4m16!1m7!3m6!1s0x95bcc979f5a482a7:0x8ab3447ee1b77a8f!2sMateo!8m2!3d-34.6302928!4d-58.4637713!16s%2Fg%2F11ckvg1dmb!3m7!1s0x95bcc979f5a482a7:0x8ab3447ee1b77a8f!8m2!3d-34.6302928!4d-58.4637713!9m1!1b1!16s%2Fg%2F11ckvg1dmb?entry=ttu",ChIJp4Kk9XnJvJURj3q34X5Es4o,0x95bcc979f5a482a7:0x8ab3447ee1b77a8f,9994407309808728719,/g/11b6ln57f6,-8452336763900822897
" Distribuidora de galletitas, Zona Oeste, CABA, Zona Norte, Zona SUR",GOLOSINAS COTILLON Ka-ko,Golosinas Cotillon Ka Ko,Pastelería,+54 11 4786-5947,http://www.kako.com.ar/,"Av. Juramento 1577, C1428 DMS, Cdad. Autónoma de Buenos Aires",Av. Juramento 1577,Belgrano,C1428,Argentina,AR,"-34,557036","-58,448723",89c2e3026b7ffff,America/Buenos_Aires,,FALSE,"4,5",348,https://search.google.com/local/reviews?placeid=ChIJhaaq1cy1vJURPAeH4t_Jecg&q=*&authuser=0&hl=en&gl=AR,,https://lh3.googleusercontent.com/gps-cs-s/AHRPTWlnncRALrYJN9bDEO2ffw4X1K-TERpG38llVCoEh-vg5EZ0qRBrqDwa-nXY0PaGg-tv-BKfXU6EMkLifNZEHgSHauP-c4hc0eSUJbgr4W5w8KZmyrNOK54ku1DKCcfb7gRRE_qr=w800-h500-k-no,https://lh3.googleusercontent.com/gps-cs-s/AHRPTWlnncRALrYJN9bDEO2ffw4X1K-TERpG38llVCoEh-vg5EZ0qRBrqDwa-nXY0PaGg-tv-BKfXU6EMkLifNZEHgSHauP-c4hc0eSUJbgr4W5w8KZmyrNOK54ku1DKCcfb7gRRE_qr=w1600-h1000-k-no,https://lh5.googleusercontent.com/--wuoP_ebaf4/AAAAAAAAAAI/AAAAAAAAAAA/oC5RW3611kQ/s44-p-k-no-ns-nd/photo.jpg,,,OPERATIONAL,"{""Monday"": [""9:30AM-7:30PM""], ""Tuesday"": [""9:30AM-7:30PM""], ""Wednesday"": [""9:30AM-7:30PM""], ""Thursday"": [""9:30AM-7:30PM""], ""Friday"": [""9:30AM-7:30PM""], ""Saturday"": [""9:30AM-2:30PM""], ""Sunday"": [""Closed""]}","Monday,9:30AM,7:30PM|Tuesday,9:30AM,7:30PM|Wednesday,9:30AM,7:30PM|Thursday,9:30AM,7:30PM|Friday,9:30AM,7:30PM|Saturday,9:30AM,2:30PM",,,,,,,,,,"{""Service options"": {""Delivery"": true}, ""Accessibility"": {""Wheelchair-accessible car park"": false, ""Wheelchair-accessible entrance"": false}, ""Planning"": {""Quick visit"": true}, ""Payments"": {""Credit cards"": true, ""Debit cards"": true, ""NFC mobile payments"": true}}",,,TRUE,114437041042501352066,GOLOSINAS COTILLON Ka-ko,https://www.google.com/maps/contrib/114437041042501352066,"https://www.google.com/maps/place/GOLOSINAS+COTILLON+Ka-ko/@-34.557036,-58.448722999999994,14z/data=!4m8!1m2!2m1!1sGOLOSINAS+COTILLON+Ka-ko!3m4!1s0x95bcb5ccd5aaa685:0xc879c9dfe287073c!8m2!3d-34.557036!4d-58.448722999999994","https://www.google.com/maps/place/GOLOSINAS+COTILLON+Ka-ko/@-34.557036,-58.448722999999994,13.99z/data=!4m16!1m7!3m6!1s0x95bcb5ccd5aaa685:0xc879c9dfe287073c!2sGOLOSINAS+COTILLON+Ka-ko!8m2!3d-34.557036!4d-58.448722999999994!16s%2Fg%2F11ckvg1dmb!3m7!1s0x95bcb5ccd5aaa685:0xc879c9dfe287073c!8m2!3d-34.557036!4d-58.448722999999994!9m1!1b1!16s%2Fg%2F11ckvg1dmb?entry=ttu",ChIJhaaq1cy1vJURPAeH4t_Jecg,0x95bcb5ccd5aaa685:0xc879c9dfe287073c,14445799243182966588,/g/11b6sysb95,-4000944830526585028
" Distribuidora de galletitas, Zona Oeste, CABA, Zona Norte, Zona SUR",Lado Dulce SRL - Distribuidora,Lado Dulce Srl Distribuidora,Tienda de alimentación,+54 11 4522-5552,http://ladodulce.com/,"Av. Chorroarín 701, C1427 Cdad. Autónoma de Buenos Aires",Av. Chorroarín 701,"La Paternal, Comuna 15",C1427,Argentina,AR,"-34,5891491","-58,4727109",89c2e3108cfffff,America/Buenos_Aires,,FALSE,5,3,https://search.google.com/local/reviews?placeid=ChIJoXqYdA62vJUR_nTjvQItkxE&q=*&authuser=0&hl=en&gl=AR,,https://streetviewpixels-pa.googleapis.com/v1/thumbnail?panoid=uoTnQRmjUCFiAjwHge-XEA&cb_client=search.gws-prod.gps&w=800&h=500&yaw=150.7894&pitch=0&thumbfov=100,https://streetviewpixels-pa.googleapis.com/v1/thumbnail?panoid=uoTnQRmjUCFiAjwHge-XEA&cb_client=search.gws-prod.gps&w=1600&h=1000&yaw=150.7894&pitch=0&thumbfov=100,,,,OPERATIONAL,"{""Monday"": [""7AM-12PM"", ""1-5PM""], ""Tuesday"": [""7AM-12PM"", ""1-5PM""], ""Wednesday"": [""7AM-12PM"", ""1-5PM""], ""Thursday"": [""7AM-12PM"", ""1-5PM""], ""Friday"": [""7AM-12PM"", ""1-5PM""], ""Saturday"": [""Closed""], ""Sunday"": [""Closed""]}","Monday,7AM,12PM|Monday,1,5PM|Tuesday,7AM,12PM|Tuesday,1,5PM|Wednesday,7AM,12PM|Wednesday,1,5PM|Thursday,7AM,12PM|Thursday,1,5PM|Friday,7AM,12PM|Friday,1,5PM",,,,,,,,,,"{""Service options"": {""Delivery"": true}, ""Highlights"": {""Great produce"": true}, ""Planning"": {""Quick visit"": true}}",,,FALSE,None,Lado Dulce SRL - Distribuidora,,"https://www.google.com/maps/place/Lado+Dulce+SRL+-+Distribuidora/@-34.5891491,-58.472710899999996,14z/data=!4m8!1m2!2m1!1sLado+Dulce+SRL+-+Distribuidora!3m4!1s0x95bcb60e74987aa1:0x11932d02bde374fe!8m2!3d-34.5891491!4d-58.472710899999996","https://www.google.com/maps/place/Lado+Dulce+SRL+-+Distribuidora/@-34.5891491,-58.472710899999996,13.99z/data=!4m16!1m7!3m6!1s0x95bcb60e74987aa1:0x11932d02bde374fe!2sLado+Dulce+SRL+-+Distribuidora!8m2!3d-34.5891491!4d-58.472710899999996!16s%2Fg%2F11ckvg1dmb!3m7!1s0x95bcb60e74987aa1:0x11932d02bde374fe!8m2!3d-34.5891491!4d-58.472710899999996!9m1!1b1!16s%2Fg%2F11ckvg1dmb?entry=ttu",ChIJoXqYdA62vJUR_nTjvQItkxE,0x95bcb60e74987aa1:0x11932d02bde374fe,1266405410020226302,/g/11fxd_fzv6,1266405410020226302
" Distribuidora de galletitas, Zona Oeste, CABA, Zona Norte, Zona SUR",MAYORISTA DE GOLOSINAS 12 DE OCTUBRE,Mayorista De Golosinas 12 De Octubre,Mayorista,+54 11 2403-0196,https://mayorista12deoctubre.com/,"Lanús 3698, B1708 Morón, Provincia de Buenos Aires",Lanús 3698,None,3698,Argentina,AR,"-34,682781","-58,634869",89c2e38eea3ffff,America/Buenos_Aires,,FALSE,5,4,https://search.google.com/local/reviews?placeid=ChIJW3sFeS_HvJUR3qyqoPXYgso&q=*&authuser=0&hl=en&gl=AR,,https://lh3.googleusercontent.com/gps-cs-s/AHRPTWkzV0yxIWW0xxOC_qBriv-JoZ0sy39Bzz-yAH6r3M6U5bnngv_WbhH9mzhxm3jABOF91nzYbvWAILXQmJiCgfO54QSkZx9e1FjeDTGq6yrSZ6sBzyjL9N61EWCbEOxmnX_IJNE=w800-h500-k-no,https://lh3.googleusercontent.com/gps-cs-s/AHRPTWkzV0yxIWW0xxOC_qBriv-JoZ0sy39Bzz-yAH6r3M6U5bnngv_WbhH9mzhxm3jABOF91nzYbvWAILXQmJiCgfO54QSkZx9e1FjeDTGq6yrSZ6sBzyjL9N61EWCbEOxmnX_IJNE=w1600-h1000-k-no,,,,OPERATIONAL,"{""Monday"": [""8:30AM-6:30PM""], ""Tuesday"": [""8:30AM-6:30PM""], ""Wednesday"": [""8:30AM-6:30PM""], ""Thursday"": [""8:30AM-6:30PM""], ""Friday"": [""8:30AM-6:30PM""], ""Saturday"": [""9AM-1PM""], ""Sunday"": [""Closed""]}","Monday,8:30AM,6:30PM|Tuesday,8:30AM,6:30PM|Wednesday,8:30AM,6:30PM|Thursday,8:30AM,6:30PM|Friday,8:30AM,6:30PM|Saturday,9AM,1PM",,,,,,,,,,"{""Payments"": {""Debit cards"": true}}",,,FALSE,None,MAYORISTA DE GOLOSINAS 12 DE OCTUBRE,,"https://www.google.com/maps/place/MAYORISTA+DE+GOLOSINAS+12+DE+OCTUBRE/@-34.682781,-58.634868999999995,14z/data=!4m8!1m2!2m1!1sMAYORISTA+DE+GOLOSINAS+12+DE+OCTUBRE!3m4!1s0x95bcc72f79057b5b:0xca82d8f5a0aaacde!8m2!3d-34.682781!4d-58.634868999999995","https://www.google.com/maps/place/MAYORISTA+DE+GOLOSINAS+12+DE+OCTUBRE/@-34.682781,-58.634868999999995,13.99z/data=!4m16!1m7!3m6!1s0x95bcc72f79057b5b:0xca82d8f5a0aaacde!2sMAYORISTA+DE+GOLOSINAS+12+DE+OCTUBRE!8m2!3d-34.682781!4d-58.634868999999995!16s%2Fg%2F11ckvg1dmb!3m7!1s0x95bcc72f79057b5b:0xca82d8f5a0aaacde!8m2!3d-34.682781!4d-58.634868999999995!9m1!1b1!16s%2Fg%2F11ckvg1dmb?entry=ttu",ChIJW3sFeS_HvJUR3qyqoPXYgso,0x95bcc72f79057b5b:0xca82d8f5a0aaacde,14592464292107955422,/g/11b76q27pc,-3854279781601596194
" Distribuidora de galletitas, Zona Oeste, CABA, Zona Norte, Zona SUR",Distribuidora Pacheco - Mayorista del Kiosco,Distribuidora Pacheco Mayorista Del Kiosco,Mayorista de confitería,+54 47404055,https://www.instagram.com/dist.pacheco/,"Av. Constituyentes 85, B1617AAA Gran Buenos Aires, Provincia de Buenos Aires",Av. Constituyentes 85,None,B1617,Argentina,AR,"-34,4596537","-58,6355648",89c2e3a9213ffff,America/Buenos_Aires,,FALSE,"4,7",85,https://search.google.com/local/reviews?placeid=ChIJaxaIRoWkvJURZlSn4ZyuETM&q=*&authuser=0&hl=en&gl=AR,,https://lh3.googleusercontent.com/gps-cs-s/AHRPTWmLnoxfxDE0EoUwEvV59k0gyC6aapRtZPK5TU4Gt1e3VHhExx-a3NgHJTiVdSGmfeAL2phxegNsMM73NOqUS0asYEmBUFMwg9KyHLwKkixWEt0zR9AOSWII4dYdnC4dYgCOM-HS=w800-h500-k-no,https://lh3.googleusercontent.com/gps-cs-s/AHRPTWmLnoxfxDE0EoUwEvV59k0gyC6aapRtZPK5TU4Gt1e3VHhExx-a3NgHJTiVdSGmfeAL2phxegNsMM73NOqUS0asYEmBUFMwg9KyHLwKkixWEt0zR9AOSWII4dYdnC4dYgCOM-HS=w1600-h1000-k-no,https://lh5.googleusercontent.com/-Ojd8kWAKwaA/AAAAAAAAAAI/AAAAAAAAAAA/MGSkUxAeaM8/s44-p-k-no-ns-nd/photo.jpg,,,OPERATIONAL,"{""Monday"": [""7:30AM-12PM"", ""2:30-6PM""], ""Tuesday"": [""7:30AM-12PM"", ""2:30-6PM""], ""Wednesday"": [""7:30AM-12PM"", ""2:30-6PM""], ""Thursday"": [""7:30AM-12PM"", ""2:30-6PM""], ""Friday"": [""7:30AM-12PM"", ""2:30-6PM""], ""Saturday"": [""7:30AM-1PM""], ""Sunday"": [""Closed""]}","Monday,7:30AM,12PM|Monday,2:30,6PM|Tuesday,7:30AM,12PM|Tuesday,2:30,6PM|Wednesday,7:30AM,12PM|Wednesday,2:30,6PM|Thursday,7:30AM,12PM|Thursday,2:30,6PM|Friday,7:30AM,12PM|Friday,2:30,6PM|Saturday,7:30AM,1PM",,,,,,,,,,"{""Service options"": {""Delivery"": false}, ""Accessibility"": {""Wheelchair-accessible entrance"": true, ""Wheelchair-accessible seating"": true}, ""Amenities"": {""Gender-neutral toilets"": true, ""Toilet"": false}, ""Crowd"": {""LGBTQ+ friendly"": true, ""Transgender safe space"": true}, ""Payments"": {""Debit cards"": true, ""NFC mobile payments"": true, ""Credit cards"": true}, ""Other"": {""LGBTQ+ friendly"": true}}",,,TRUE,117484885590825055722,Distribuidora Pacheco - Mayorista del Kiosco,https://www.google.com/maps/contrib/117484885590825055722,"https://www.google.com/maps/place/Distribuidora+Pacheco+-+Mayorista+del+Kiosco/@-34.4596537,-58.6355648,14z/data=!4m8!1m2!2m1!1sDistribuidora+Pacheco+-+Mayorista+del+Kiosco!3m4!1s0x95bca4854688166b:0x3311ae9ce1a75466!8m2!3d-34.4596537!4d-58.6355648","https://www.google.com/maps/place/Distribuidora+Pacheco+-+Mayorista+del+Kiosco/@-34.4596537,-58.6355648,13.99z/data=!4m16!1m7!3m6!1s0x95bca4854688166b:0x3311ae9ce1a75466!2sDistribuidora+Pacheco+-+Mayorista+del+Kiosco!8m2!3d-34.4596537!4d-58.6355648!16s%2Fg%2F11ckvg1dmb!3m7!1s0x95bca4854688166b:0x3311ae9ce1a75466!8m2!3d-34.4596537!4d-58.6355648!9m1!1b1!16s%2Fg%2F11ckvg1dmb?entry=ttu",ChIJaxaIRoWkvJURZlSn4ZyuETM,0x95bca4854688166b:0x3311ae9ce1a75466,3679914359362376806,/g/1thhlq0h,3679914359362376806
" Distribuidora de galletitas, Zona Oeste, CABA, Zona Norte, Zona SUR",Masmelos,Masmelos,Proveedor mayorista de alimentos y bebidas,+54 11 6728-0406,http://www.masmelos.com.ar/,"Colectora Norte, Colectora Sur Acceso Oeste 4201, B1744 Moreno, Provincia de Buenos Aires","Colectora Norte, Colectora Sur Acceso Oeste 4201",None,B1744,Argentina,AR,"-34,6339307","-58,7706968",89c2e3bac6bffff,America/Buenos_Aires,,FALSE,"4,5",569,https://search.google.com/local/reviews?placeid=ChIJO2IxHLqVvJURMtDEcO4neb4&q=*&authuser=0&hl=en&gl=AR,,https://lh3.googleusercontent.com/gps-cs-s/AHRPTWml2KjUWJNR8Xk5pEOlJcB5AYa3eeXT3ffjHYPZumdEqR_INggoBya-vhM-cqV-UKpHx80DwkdDNpyaXIgxTWlYfuSYKqAlMQ9nzX8FxX8rTvFDu8s6GlF0JcgN9tGIBfzz4kFWWg=w800-h500-k-no,https://lh3.googleusercontent.com/gps-cs-s/AHRPTWml2KjUWJNR8Xk5pEOlJcB5AYa3eeXT3ffjHYPZumdEqR_INggoBya-vhM-cqV-UKpHx80DwkdDNpyaXIgxTWlYfuSYKqAlMQ9nzX8FxX8rTvFDu8s6GlF0JcgN9tGIBfzz4kFWWg=w1600-h1000-k-no,https://lh5.googleusercontent.com/-A7n4uMX6uGQ/AAAAAAAAAAI/AAAAAAAAAAA/WpwWJmvy6os/s44-p-k-no-ns-nd/photo.jpg,,,OPERATIONAL,"{""Monday"": [""8AM-5PM""], ""Tuesday"": [""8AM-5PM""], ""Wednesday"": [""7AM-5PM""], ""Thursday"": [""8AM-5PM""], ""Friday"": [""8AM-5PM""], ""Saturday"": [""8AM-5PM""], ""Sunday"": [""Closed""]}","Monday,8AM,5PM|Tuesday,8AM,5PM|Wednesday,7AM,5PM|Thursday,8AM,5PM|Friday,8AM,5PM|Saturday,8AM,5PM",,,,,,,,,,"{""Service options"": {""Delivery"": true, ""Takeaway"": false}, ""Accessibility"": {""Wheelchair-accessible car park"": true, ""Wheelchair-accessible entrance"": true}, ""Payments"": {""Credit cards"": true, ""Debit cards"": true, ""NFC mobile payments"": true}}",,,TRUE,112056793055651370262,Masmelos,https://www.google.com/maps/contrib/112056793055651370262,"https://www.google.com/maps/place/Masmelos/@-34.6339307,-58.770696799999996,14z/data=!4m8!1m2!2m1!1sMasmelos!3m4!1s0x95bc95ba1c31623b:0xbe7927ee70c4d032!8m2!3d-34.6339307!4d-58.770696799999996","https://www.google.com/maps/place/Masmelos/@-34.6339307,-58.770696799999996,13.99z/data=!4m16!1m7!3m6!1s0x95bc95ba1c31623b:0xbe7927ee70c4d032!2sMasmelos!8m2!3d-34.6339307!4d-58.770696799999996!16s%2Fg%2F11ckvg1dmb!3m7!1s0x95bc95ba1c31623b:0xbe7927ee70c4d032!8m2!3d-34.6339307!4d-58.770696799999996!9m1!1b1!16s%2Fg%2F11ckvg1dmb?entry=ttu",ChIJO2IxHLqVvJURMtDEcO4neb4,0x95bc95ba1c31623b:0xbe7927ee70c4d032,13725045244435943474,/g/11fy4dgpyz,-4721698829273608142
" Distribuidora de galletitas, Zona Oeste, CABA, Zona Norte, Zona SUR",Productos Soriano SRL,Productos Soriano Srl,Fábrica,+54 11 4918-6047,,"José Martí 3347, C1437BYC Cdad. Autónoma de Buenos Aires",José Martí 3347,"Villa Soldati, Comuna 8",C1437,Argentina,AR,"-34,6631526","-58,4401345",89c2e31221bffff,America/Buenos_Aires,,FALSE,"4,5",60,https://search.google.com/local/reviews?placeid=ChIJTXjfrpLLvJUReHQC_rwAJrQ&q=*&authuser=0&hl=en&gl=AR,,https://lh3.googleusercontent.com/gps-cs-s/AHRPTWnd818lKIxmwJaNhn-OLt65d6vVjKorR1E-tfu7ywIpcezSqXe_fn2dllNjCr98pv4tZ0GxFvCMzmSGu0gGlo1bfL99hjS0YP9us0veyQ1K1fbp3QcgDRogn70yGf9Niy2Vz425yQ=w800-h500-k-no,https://lh3.googleusercontent.com/gps-cs-s/AHRPTWnd818lKIxmwJaNhn-OLt65d6vVjKorR1E-tfu7ywIpcezSqXe_fn2dllNjCr98pv4tZ0GxFvCMzmSGu0gGlo1bfL99hjS0YP9us0veyQ1K1fbp3QcgDRogn70yGf9Niy2Vz425yQ=w1600-h1000-k-no,https://lh3.googleusercontent.com/-2T5G_UUIqeg/AAAAAAAAAAI/AAAAAAAAAAA/x7KEz-d49Jg/s44-p-k-no-ns-nd/photo.jpg,,,OPERATIONAL,"{""Monday"": [""8AM-5PM""], ""Tuesday"": [""8AM-5PM""], ""Wednesday"": [""8AM-5PM""], ""Thursday"": [""8AM-5PM""], ""Friday"": [""8AM-5PM""], ""Saturday"": [""Closed""], ""Sunday"": [""Closed""]}","Monday,8AM,5PM|Tuesday,8AM,5PM|Wednesday,8AM,5PM|Thursday,8AM,5PM|Friday,8AM,5PM",,,,,,,,,,"{""Accessibility"": {""Wheelchair-accessible car park"": true, ""Wheelchair-accessible entrance"": true}}",,,TRUE,109242705234907025679,Productos Soriano SRL,https://www.google.com/maps/contrib/109242705234907025679,"https://www.google.com/maps/place/Productos+Soriano+SRL/@-34.6631526,-58.4401345,14z/data=!4m8!1m2!2m1!1sProductos+Soriano+SRL!3m4!1s0x95bccb92aedf784d:0xb42600bcfe027478!8m2!3d-34.6631526!4d-58.4401345","https://www.google.com/maps/place/Productos+Soriano+SRL/@-34.6631526,-58.4401345,13.99z/data=!4m16!1m7!3m6!1s0x95bccb92aedf784d:0xb42600bcfe027478!2sProductos+Soriano+SRL!8m2!3d-34.6631526!4d-58.4401345!16s%2Fg%2F11ckvg1dmb!3m7!1s0x95bccb92aedf784d:0xb42600bcfe027478!8m2!3d-34.6631526!4d-58.4401345!9m1!1b1!16s%2Fg%2F11ckvg1dmb?entry=ttu",ChIJTXjfrpLLvJUReHQC_rwAJrQ,0x95bccb92aedf784d:0xb42600bcfe027478,12981063787657458808,/g/1tj8bm80,-5465680286052092808
" Distribuidora de galletitas, Zona Oeste, CABA, Zona Norte, Zona SUR",Golosinar,Golosinar,Tienda de golosinas,+54 11 4372-3515,,"Av. Corrientes 1872, C1045 Cdad. Autónoma de Buenos Aires",Av. Corrientes 1872,"Balvanera, Comuna 3",C1045,Argentina,AR,"-34,6045561","-58,3933502",89c2e311ec3ffff,America/Buenos_Aires,,FALSE,"4,4",199,https://search.google.com/local/reviews?placeid=ChIJfaby4xLLvJURk17wfzC6tPo&q=*&authuser=0&hl=en&gl=AR,,https://lh3.googleusercontent.com/gps-cs-s/AHRPTWlW0Mthf2R3Rz4XiVamw8mRWdoLWPXM2RFTrVQ6UrqW9lYPXq0Nuyug8g09cVJeZW692kgzG3TAqFtKOmW0ir7FXYdVJzIF5aKBnL5vG-2O3-XzLLmYWz1VKIUbsZD22xI0S3U=w800-h500-k-no,https://lh3.googleusercontent.com/gps-cs-s/AHRPTWlW0Mthf2R3Rz4XiVamw8mRWdoLWPXM2RFTrVQ6UrqW9lYPXq0Nuyug8g09cVJeZW692kgzG3TAqFtKOmW0ir7FXYdVJzIF5aKBnL5vG-2O3-XzLLmYWz1VKIUbsZD22xI0S3U=w1600-h1000-k-no,https://lh3.googleusercontent.com/-AdJkCtm4uLs/AAAAAAAAAAI/AAAAAAAAAAA/zSJkYNyr6k4/s44-p-k-no-ns-nd/photo.jpg,,,OPERATIONAL,"{""Monday"": [""8AM-7PM""], ""Tuesday"": [""8AM-7PM""], ""Wednesday"": [""8AM-7PM""], ""Thursday"": [""8AM-7PM""], ""Friday"": [""8AM-7PM""], ""Saturday"": [""10AM-5PM""], ""Sunday"": [""Closed""]}","Monday,8AM,7PM|Tuesday,8AM,7PM|Wednesday,8AM,7PM|Thursday,8AM,7PM|Friday,8AM,7PM|Saturday,10AM,5PM",,,,,,,,,,"{""Service options"": {""Delivery"": true}, ""Accessibility"": {""Wheelchair-accessible car park"": false}, ""Planning"": {""Quick visit"": true}, ""Payments"": {""Credit cards"": true, ""Debit cards"": true, ""NFC mobile payments"": true}}",,,TRUE,115162151488385423899,Golosinar,https://www.google.com/maps/contrib/115162151488385423899,"https://www.google.com/maps/place/Golosinar/@-34.604556099999996,-58.3933502,14z/data=!4m8!1m2!2m1!1sGolosinar!3m4!1s0x95bccb12e3f2a67d:0xfab4ba307ff05e93!8m2!3d-34.604556099999996!4d-58.3933502","https://www.google.com/maps/place/Golosinar/@-34.604556099999996,-58.3933502,13.99z/data=!4m16!1m7!3m6!1s0x95bccb12e3f2a67d:0xfab4ba307ff05e93!2sGolosinar!8m2!3d-34.604556099999996!4d-58.3933502!16s%2Fg%2F11ckvg1dmb!3m7!1s0x95bccb12e3f2a67d:0xfab4ba307ff05e93!8m2!3d-34.604556099999996!4d-58.3933502!9m1!1b1!16s%2Fg%2F11ckvg1dmb?entry=ttu",ChIJfaby4xLLvJURk17wfzC6tPo,0x95bccb12e3f2a67d:0xfab4ba307ff05e93,18065268722757557907,/g/11fp29rll6,-381475350951993709
" Distribuidora de galletitas, Zona Oeste, CABA, Zona Norte, Zona SUR",Galletitas Gus - Rol Distribuidora Mayorista,Galletitas Gus Rol Distribuidora Mayorista,Panadería,+54 236 442-7309,,"9 de Julio 808, B6000 Junín, Provincia de Buenos Aires",9 de Julio 808,None,B6000,Argentina,AR,"-34,5912366","-60,9271362",89c2edd8c93ffff,America/Buenos_Aires,,FALSE,"4,5",34,https://search.google.com/local/reviews?placeid=ChIJn5INwOHquJURHXAe0DBV-1o&q=*&authuser=0&hl=en&gl=AR,,https://lh3.googleusercontent.com/gps-cs-s/AHRPTWlAa61naWwouqcaaX_eOiBAHugXBv7_MufEhPqa0jzCJ-Rgb7OacqF_yfaB4BGsCtOw8g4_tpBpqfCtSi_gNdvaapKY38w9qWjKvk4Ju-BhuEYbVyXRQcfcvv8pfmswH7q7G3bpng=w800-h500-k-no,https://lh3.googleusercontent.com/gps-cs-s/AHRPTWlAa61naWwouqcaaX_eOiBAHugXBv7_MufEhPqa0jzCJ-Rgb7OacqF_yfaB4BGsCtOw8g4_tpBpqfCtSi_gNdvaapKY38w9qWjKvk4Ju-BhuEYbVyXRQcfcvv8pfmswH7q7G3bpng=w1600-h1000-k-no,https://lh6.googleusercontent.com/-Cr9_afUGP20/AAAAAAAAAAI/AAAAAAAAAAA/YgyvI4YtVmc/s44-p-k-no-ns-nd/photo.jpg,,,OPERATIONAL,"{""Monday"": [""7AM-2PM""], ""Tuesday"": [""7AM-2PM""], ""Wednesday"": [""7AM-2PM""], ""Thursday"": [""7AM-2PM""], ""Friday"": [""7AM-2PM""], ""Saturday"": [""7AM-1PM""], ""Sunday"": [""Closed""]}","Monday,7AM,2PM|Tuesday,7AM,2PM|Wednesday,7AM,2PM|Thursday,7AM,2PM|Friday,7AM,2PM|Saturday,7AM,1PM",,,,,,,,,,"{""Service options"": {""Delivery"": true, ""In-store pick-up"": true, ""In-store shopping"": true}, ""Accessibility"": {""Wheelchair-accessible car park"": true, ""Wheelchair-accessible entrance"": true}, ""Planning"": {""Quick visit"": true}, ""Payments"": {""Debit cards"": true}}",,,TRUE,108849891069781076736,Galletitas Gus - Rol Distribuidora Mayorista,https://www.google.com/maps/contrib/108849891069781076736,"https://www.google.com/maps/place/Galletitas+Gus+-+Rol+Distribuidora+Mayorista/@-34.591236599999995,-60.9271362,14z/data=!4m8!1m2!2m1!1sGalletitas+Gus+-+Rol+Distribuidora+Mayorista!3m4!1s0x95b8eae1c00d929f:0x5afb5530d01e701d!8m2!3d-34.591236599999995!4d-60.9271362","https://www.google.com/maps/place/Galletitas+Gus+-+Rol+Distribuidora+Mayorista/@-34.591236599999995,-60.9271362,13.99z/data=!4m16!1m7!3m6!1s0x95b8eae1c00d929f:0x5afb5530d01e701d!2sGalletitas+Gus+-+Rol+Distribuidora+Mayorista!8m2!3d-34.591236599999995!4d-60.9271362!16s%2Fg%2F11ckvg1dmb!3m7!1s0x95b8eae1c00d929f:0x5afb5530d01e701d!8m2!3d-34.591236599999995!4d-60.9271362!9m1!1b1!16s%2Fg%2F11ckvg1dmb?entry=ttu",ChIJn5INwOHquJURHXAe0DBV-1o,0x95b8eae1c00d929f:0x5afb5530d01e701d,6555927350706335773,/g/1tcwh4_w,6555927350706335773
" Distribuidora de galletitas, Zona Oeste, CABA, Zona Norte, Zona SUR",Zona Norte Ice Cream,Zona Norte Ice Cream,Mayorista,+54 11 2464-3833,https://www.distribuidorazonanorte.com/,"Av. Avellaneda 4066, B1645 Virreyes, Provincia de Buenos Aires",Av. Avellaneda 4066,None,B1645,Argentina,AR,"-34,4627083","-58,5765056",89c2e30628fffff,America/Buenos_Aires,,FALSE,"4,5",143,https://search.google.com/local/reviews?placeid=ChIJa_gT7kelvJURamTXu_Axoxg&q=*&authuser=0&hl=en&gl=AR,,https://lh3.googleusercontent.com/gps-cs-s/AHRPTWkVgc8uZe_ouScDCI7rPfiPUchqMb-SxwVsRCbe2Yckfu3UE00cPtlLUgN8hfcynBKwLrAnnzSdGu55-GelJTuFhabiYompOFf4T4ZZEL4o2w37LWbAvNu33sbx4VH1FwcpBNtxbA=w800-h500-k-no,https://lh3.googleusercontent.com/gps-cs-s/AHRPTWkVgc8uZe_ouScDCI7rPfiPUchqMb-SxwVsRCbe2Yckfu3UE00cPtlLUgN8hfcynBKwLrAnnzSdGu55-GelJTuFhabiYompOFf4T4ZZEL4o2w37LWbAvNu33sbx4VH1FwcpBNtxbA=w1600-h1000-k-no,https://lh3.googleusercontent.com/-q8GFSfpZLWo/AAAAAAAAAAI/AAAAAAAAAAA/RhdFkfBc6yM/s44-p-k-no-ns-nd/photo.jpg,,,OPERATIONAL,"{""Monday"": [""10AM-6PM""], ""Tuesday"": [""10AM-6PM""], ""Wednesday"": [""10AM-6PM""], ""Thursday"": [""10AM-6PM""], ""Friday"": [""10AM-6PM""], ""Saturday"": [""10AM-5PM""], ""Sunday"": [""Closed""]}","Monday,10AM,6PM|Tuesday,10AM,6PM|Wednesday,10AM,6PM|Thursday,10AM,6PM|Friday,10AM,6PM|Saturday,10AM,5PM",,,,,,,,,,"{""Payments"": {""Credit cards"": true, ""Debit cards"": true}}",,,TRUE,109843876097916614791,Zona Norte Ice Cream,https://www.google.com/maps/contrib/109843876097916614791,"https://www.google.com/maps/place/Zona+Norte+Ice+Cream/@-34.462708299999996,-58.5765056,14z/data=!4m8!1m2!2m1!1sZona+Norte+Ice+Cream!3m4!1s0x95bca547ee13f86b:0x18a331f0bbd7646a!8m2!3d-34.462708299999996!4d-58.5765056","https://www.google.com/maps/place/Zona+Norte+Ice+Cream/@-34.462708299999996,-58.5765056,13.99z/data=!4m16!1m7!3m6!1s0x95bca547ee13f86b:0x18a331f0bbd7646a!2sZona+Norte+Ice+Cream!8m2!3d-34.462708299999996!4d-58.5765056!16s%2Fg%2F11ckvg1dmb!3m7!1s0x95bca547ee13f86b:0x18a331f0bbd7646a!8m2!3d-34.462708299999996!4d-58.5765056!9m1!1b1!16s%2Fg%2F11ckvg1dmb?entry=ttu",ChIJa_gT7kelvJURamTXu_Axoxg,0x95bca547ee13f86b:0x18a331f0bbd7646a,1775317588127474794,/g/11bymxdzqw,1775317588127474794
" Distribuidora de galletitas, Zona Oeste, CABA, Zona Norte, Zona SUR",GOLOSINAS OESTE ®,Golosinas Oeste ®,Mayorista de confitería,+54 11 6166-6268,https://www.golosinasoeste.com.ar/,"Balcarce 714, B1722 Merlo, Provincia de Buenos Aires",Balcarce 714,None,B1722,Argentina,AR,"-34,6794719","-58,7145822",89c2e385947ffff,America/Buenos_Aires,,FALSE,"4,7",96,https://search.google.com/local/reviews?placeid=ChIJkRt1zQzAvJUR_dIzjmyOBz4&q=*&authuser=0&hl=en&gl=AR,,https://lh3.googleusercontent.com/gps-cs-s/AHRPTWnyxWMYjzc1nzTCe7IjK6-RLiW36ekgE7yZSTOG3GNK5oAx8eGPxwBY8O6-5OJN5NLdvdUR9HL08bBpBIt6kqTr0m3V1SAifDajUsCkMv-flGlQiX6jTnMbeQa8OEsL1s9EBFrq=w800-h500-k-no,https://lh3.googleusercontent.com/gps-cs-s/AHRPTWnyxWMYjzc1nzTCe7IjK6-RLiW36ekgE7yZSTOG3GNK5oAx8eGPxwBY8O6-5OJN5NLdvdUR9HL08bBpBIt6kqTr0m3V1SAifDajUsCkMv-flGlQiX6jTnMbeQa8OEsL1s9EBFrq=w1600-h1000-k-no,https://lh5.googleusercontent.com/-VIeFEntLJac/AAAAAAAAAAI/AAAAAAAAAAA/y3R2e0iwDEU/s44-p-k-no-ns-nd/photo.jpg,,,OPERATIONAL,"{""Monday"": [""Closed""], ""Tuesday"": [""9AM-6PM""], ""Wednesday"": [""4-6PM""], ""Thursday"": [""4-6PM""], ""Friday"": [""4-6PM""], ""Saturday"": [""9AM-4PM""], ""Sunday"": [""Closed""]}","Tuesday,9AM,6PM|Wednesday,4,6PM|Thursday,4,6PM|Friday,4,6PM|Saturday,9AM,4PM","[{""online_service_hours"": {""Monday"": ""9 AM-5 PM"", ""Tuesday"": ""9 AM-8 PM"", ""Wednesday"": ""9 AM-8 PM"", ""Thursday"": ""9 AM-8 PM"", ""Friday"": ""9 AM-8 PM"", ""Saturday"": ""9 AM-8 PM"", ""Sunday"": ""Closed""}}, {""pickup"": {""Monday"": ""9 AM-1 PM,4-6 PM"", ""Tuesday"": ""9 AM-1 PM,4-6 PM"", ""Wednesday"": ""9 AM-1 PM"", ""Thursday"": ""10 AM-6 PM"", ""Friday"": ""9 AM-1 PM,4-6 PM"", ""Saturday"": ""9:30 AM-3 PM"", ""Sunday"": ""Closed""}}]",,,,,,,,,"{""From the business"": {""Identifies as women-owned"": true}, ""Service options"": {""Delivery"": true}, ""Crowd"": {""LGBTQ+ friendly"": true, ""Transgender safe space"": true}, ""Payments"": {""Credit cards"": true}, ""Other"": {""LGBTQ+ friendly"": true, ""Identifies as women-owned"": true}}",,,TRUE,118356834253603786547,GOLOSINAS OESTE ®,https://www.google.com/maps/contrib/118356834253603786547,"https://www.google.com/maps/place/GOLOSINAS+OESTE+%C2%AE/@-34.679471899999996,-58.714582199999995,14z/data=!4m8!1m2!2m1!1sGOLOSINAS+OESTE+%C2%AE!3m4!1s0x95bcc00ccd751b91:0x3e078e6c8e33d2fd!8m2!3d-34.679471899999996!4d-58.714582199999995","https://www.google.com/maps/place/GOLOSINAS+OESTE+%C2%AE/@-34.679471899999996,-58.714582199999995,13.99z/data=!4m16!1m7!3m6!1s0x95bcc00ccd751b91:0x3e078e6c8e33d2fd!2sGOLOSINAS+OESTE+%C2%AE!8m2!3d-34.679471899999996!4d-58.714582199999995!16s%2Fg%2F11ckvg1dmb!3m7!1s0x95bcc00ccd751b91:0x3e078e6c8e33d2fd!8m2!3d-34.679471899999996!4d-58.714582199999995!9m1!1b1!16s%2Fg%2F11ckvg1dmb?entry=ttu",ChIJkRt1zQzAvJUR_dIzjmyOBz4,0x95bcc00ccd751b91:0x3e078e6c8e33d2fd,4469697752081879805,/g/11fz9_7vkq,4469697752081879805
" Distribuidora de galletitas, Zona Oeste, CABA, Zona Norte, Zona SUR",B40 Golosinas,B40 Golosinas,Candy store,,,"C1431FBW, Av. Triunvirato 4652, C1431FBW Cdad. Autónoma de Buenos Aires","C1431FBW, Av. Triunvirato 4652","Villa Urquiza, Comuna 12",C1431,Argentina,AR,"-34,574703","-58,4861201",89c2e31094bffff,America/Buenos_Aires,,FALSE,"4,2",38,https://search.google.com/local/reviews?placeid=ChIJEVVvh122vJURnBS8uznWTiw&q=*&authuser=0&hl=en&gl=AR,,https://lh3.googleusercontent.com/gps-cs-s/AHRPTWkzlz1cFnXkyUeZLaDYZxCgyQo1_Xuj3MZG-FUTpYURtRmBDOeO774PUBb87174HF0Qszp_MAgGomk_iSg8GbYujvTMO-Clei1Wh8qb-hbP4PlOxEcDlE56MEnaZY2xIPbkV9ki=w800-h500-k-no,https://lh3.googleusercontent.com/gps-cs-s/AHRPTWkzlz1cFnXkyUeZLaDYZxCgyQo1_Xuj3MZG-FUTpYURtRmBDOeO774PUBb87174HF0Qszp_MAgGomk_iSg8GbYujvTMO-Clei1Wh8qb-hbP4PlOxEcDlE56MEnaZY2xIPbkV9ki=w1600-h1000-k-no,,,,OPERATIONAL,"{""Monday"": [""9AM-8PM""], ""Tuesday"": [""9AM-8PM""], ""Wednesday"": [""9AM-8PM""], ""Thursday"": [""9AM-8PM""], ""Friday"": [""9AM-8PM""], ""Saturday"": [""9AM-8PM""], ""Sunday"": [""Closed""]}","Monday,9AM,8PM|Tuesday,9AM,8PM|Wednesday,9AM,8PM|Thursday,9AM,8PM|Friday,9AM,8PM|Saturday,9AM,8PM",,,,,,,,,,"{""Accessibility"": {""Wheelchair-accessible car park"": false}, ""Planning"": {""Quick visit"": true}, ""Payments"": {""Debit cards"": true}}",,,FALSE,None,B40 Golosinas,,"https://www.google.com/maps/place/B40+Golosinas/@-34.574703,-58.4861201,14z/data=!4m8!1m2!2m1!1sB40+Golosinas!3m4!1s0x95bcb65d876f5511:0x2c4ed639bbbc149c!8m2!3d-34.574703!4d-58.4861201","https://www.google.com/maps/place/B40+Golosinas/@-34.574703,-58.4861201,13.99z/data=!4m16!1m7!3m6!1s0x95bcb65d876f5511:0x2c4ed639bbbc149c!2sB40+Golosinas!8m2!3d-34.574703!4d-58.4861201!16s%2Fg%2F11ckvg1dmb!3m7!1s0x95bcb65d876f5511:0x2c4ed639bbbc149c!8m2!3d-34.574703!4d-58.4861201!9m1!1b1!16s%2Fg%2F11ckvg1dmb?entry=ttu",ChIJEVVvh122vJURnBS8uznWTiw,0x95bcb65d876f5511:0x2c4ed639bbbc149c,3192724729303405724,/g/11cm07s_hr,3192724729303405724
" Distribuidora de galletitas, Zona Oeste, CABA, Zona Norte, Zona SUR",Bull Dog Golosinas Y Galletitas,Bull Dog Golosinas Y Galletitas,,,,"Av. Jujuy 283, C1083AAC Cdad. Autónoma de Buenos Aires",Av. Jujuy 283,"Balvanera, Comuna 3",C1083,Argentina,AR,"-34,6132656","-58,4054888",89c2e311133ffff,America/Buenos_Aires,,FALSE,,,,,https://lh3.googleusercontent.com/gps-cs-s/AHRPTWlmc-GUSE5yRMKJmwFVYjGKSXeDfBRStqJt11vluES4fUZ9gipYUKeFHBS3pZc7wAKhC6n6jD3v4_YTIYdHDPe_40ZtIK-y92d8LsntKDVZ1rOP96CJ8yX1YuiT3n2c07jTOr0FCw=w800-h500-k-no,https://lh3.googleusercontent.com/gps-cs-s/AHRPTWlmc-GUSE5yRMKJmwFVYjGKSXeDfBRStqJt11vluES4fUZ9gipYUKeFHBS3pZc7wAKhC6n6jD3v4_YTIYdHDPe_40ZtIK-y92d8LsntKDVZ1rOP96CJ8yX1YuiT3n2c07jTOr0FCw=w1600-h1000-k-no,,,,OPERATIONAL,,,,,,,,,,,,,,,FALSE,None,Bull Dog Golosinas Y Galletitas,,"https://www.google.com/maps/place/Bull+Dog+Golosinas+Y+Galletitas/@-34.6132656,-58.4054888,14z/data=!4m8!1m2!2m1!1sBull+Dog+Golosinas+Y+Galletitas!3m4!1s0x95bccaefe6c3008b:0x54e06ff112717d3e!8m2!3d-34.6132656!4d-58.4054888","https://www.google.com/maps/place/Bull+Dog+Golosinas+Y+Galletitas/@-34.6132656,-58.4054888,13.99z/data=!4m16!1m7!3m6!1s0x95bccaefe6c3008b:0x54e06ff112717d3e!2sBull+Dog+Golosinas+Y+Galletitas!8m2!3d-34.6132656!4d-58.4054888!16s%2Fg%2F11ckvg1dmb!3m7!1s0x95bccaefe6c3008b:0x54e06ff112717d3e!8m2!3d-34.6132656!4d-58.4054888!9m1!1b1!16s%2Fg%2F11ckvg1dmb?entry=ttu",ChIJiwDD5u_KvJURPn1xEvFv4FQ,0x95bccaefe6c3008b:0x54e06ff112717d3e,6116011375156362558,/g/11f042d9qp,None
" Distribuidora de galletitas, Zona Oeste, CABA, Zona Norte, Zona SUR",Nutresan,Nutresan,Tienda de alimentación,,,"Cochrane 3253, C1419 Cdad. Autónoma de Buenos Aires",Cochrane 3253,"Villa Pueyrredón, Comuna 12",C1419,Argentina,AR,"-34,582686","-58,5129126",89c2e3172cfffff,America/Buenos_Aires,,FALSE,"4,3",35,https://search.google.com/local/reviews?placeid=ChIJIZbMtK23vJURAcU0pfNUDyQ&q=*&authuser=0&hl=en&gl=AR,,https://lh3.googleusercontent.com/gps-cs-s/AHRPTWlRGbEAFGdLPs1MTNE8-31w_zbC4sxim6xketZOWG-9H8isqwGScuxm09Xn9rjhZZ6s8ERbJQh9MCUdfzK_WyXl4KcTBysxCIjic9rFD3mKBaGSJ_JaT2qGlf6yKHYQs_GvLVquuQ=w800-h500-k-no,https://lh3.googleusercontent.com/gps-cs-s/AHRPTWlRGbEAFGdLPs1MTNE8-31w_zbC4sxim6xketZOWG-9H8isqwGScuxm09Xn9rjhZZ6s8ERbJQh9MCUdfzK_WyXl4KcTBysxCIjic9rFD3mKBaGSJ_JaT2qGlf6yKHYQs_GvLVquuQ=w1600-h1000-k-no,https://lh3.googleusercontent.com/-IE84GEdheUk/AAAAAAAAAAI/AAAAAAAAAAA/CR8vgZuQ1X8/s44-p-k-no-ns-nd/photo.jpg,,,OPERATIONAL,"{""Monday"": [""Closed""], ""Tuesday"": [""Closed""], ""Wednesday"": [""Closed""], ""Thursday"": [""Closed""], ""Friday"": [""7AM-5PM""], ""Saturday"": [""Closed""], ""Sunday"": [""Closed""]}","Friday,7AM,5PM",,,,,,,,,,"{""Highlights"": {""Great produce"": true}, ""Accessibility"": {""Wheelchair-accessible car park"": false}, ""Planning"": {""Quick visit"": true}, ""Payments"": {""Debit cards"": true}}",,,TRUE,113566620921079667712,Nutresan,https://www.google.com/maps/contrib/113566620921079667712,"https://www.google.com/maps/place/Nutresan/@-34.582685999999995,-58.5129126,14z/data=!4m8!1m2!2m1!1sNutresan!3m4!1s0x95bcb7adb4cc9621:0x240f54f3a534c501!8m2!3d-34.582685999999995!4d-58.5129126","https://www.google.com/maps/place/Nutresan/@-34.582685999999995,-58.5129126,13.99z/data=!4m16!1m7!3m6!1s0x95bcb7adb4cc9621:0x240f54f3a534c501!2sNutresan!8m2!3d-34.582685999999995!4d-58.5129126!16s%2Fg%2F11ckvg1dmb!3m7!1s0x95bcb7adb4cc9621:0x240f54f3a534c501!8m2!3d-34.582685999999995!4d-58.5129126!9m1!1b1!16s%2Fg%2F11ckvg1dmb?entry=ttu",ChIJIZbMtK23vJURAcU0pfNUDyQ,0x95bcb7adb4cc9621:0x240f54f3a534c501,2598388915441550593,/g/11c3yqw0vz,2598388915441550593
" Distribuidora de galletitas, Zona Oeste, CABA, Zona Norte, Zona SUR",Mayorista Golosinas,Mayorista Golosinas,Tienda de golosinas,,,"EKS, Pres. Domingo Faustino Sarmiento 933, B1708 Morón, Provincia de Buenos Aires","EKS, Pres. Domingo Faustino Sarmiento 933",None,B1708,Argentina,AR,"-34,6481156","-58,6215686",89c2e38ccd7ffff,America/Buenos_Aires,,FALSE,"4,3",3,https://search.google.com/local/reviews?placeid=ChIJqehraGDHvJURLmHikuhRl8w&q=*&authuser=0&hl=en&gl=AR,,https://lh3.googleusercontent.com/gps-cs-s/AHRPTWmWzc_-VEnlKrhfSoYDQ_pQlTqboJFClSHd7iri26LvRUlQ7rr5ASyJIGo82KmiTZhm60-piXKNjuYDQUcK5qOcJjBdSuzVXcIDhgd_qLd0c18sO0f-4KUYMQEze_cZlXX2Bf7yxg=w800-h500-k-no,https://lh3.googleusercontent.com/gps-cs-s/AHRPTWmWzc_-VEnlKrhfSoYDQ_pQlTqboJFClSHd7iri26LvRUlQ7rr5ASyJIGo82KmiTZhm60-piXKNjuYDQUcK5qOcJjBdSuzVXcIDhgd_qLd0c18sO0f-4KUYMQEze_cZlXX2Bf7yxg=w1600-h1000-k-no,,,,OPERATIONAL,"{""Monday"": [""9AM-7PM""], ""Tuesday"": [""9AM-7PM""], ""Wednesday"": [""9AM-7PM""], ""Thursday"": [""9AM-7PM""], ""Friday"": [""9AM-7PM""], ""Saturday"": [""Closed""], ""Sunday"": [""Closed""]}","Monday,9AM,7PM|Tuesday,9AM,7PM|Wednesday,9AM,7PM|Thursday,9AM,7PM|Friday,9AM,7PM",,,,,,,,,,"{""Planning"": {""Quick visit"": true}}",,,FALSE,None,Mayorista Golosinas,,"https://www.google.com/maps/place/Mayorista+Golosinas/@-34.6481156,-58.621568599999996,14z/data=!4m8!1m2!2m1!1sMayorista+Golosinas!3m4!1s0x95bcc760686be8a9:0xcc9751e892e2612e!8m2!3d-34.6481156!4d-58.621568599999996","https://www.google.com/maps/place/Mayorista+Golosinas/@-34.6481156,-58.621568599999996,13.99z/data=!4m16!1m7!3m6!1s0x95bcc760686be8a9:0xcc9751e892e2612e!2sMayorista+Golosinas!8m2!3d-34.6481156!4d-58.621568599999996!16s%2Fg%2F11ckvg1dmb!3m7!1s0x95bcc760686be8a9:0xcc9751e892e2612e!8m2!3d-34.6481156!4d-58.621568599999996!9m1!1b1!16s%2Fg%2F11ckvg1dmb?entry=ttu",ChIJqehraGDHvJURLmHikuhRl8w,0x95bcc760686be8a9:0xcc9751e892e2612e,14742341964559180078,/g/11j2yq9yl7,-3704402109150371538
" Distribuidora de galletitas, Zona Oeste, CABA, Zona Norte, Zona SUR",La Caramelera,La Caramelera,Tienda de golosinas,+54 11 4782-0540,,"Vidal 1771, C1426AMG Cdad. Autónoma de Buenos Aires",Vidal 1771,"Belgrano, Comuna 13",C1426,Argentina,AR,"-34,5671711","-58,4575579",89c2e30248bffff,America/Buenos_Aires,,FALSE,"4,8",140,https://search.google.com/local/reviews?placeid=ChIJX3ZQKde1vJURlj7K7YVkMWw&q=*&authuser=0&hl=en&gl=AR,,https://lh3.googleusercontent.com/gps-cs-s/AHRPTWmsM9IpjvqYEeZjRRBZwbo97ksxqwCUNLDLnhd8XH0oVba2tUw5Iau_AoUcotScHyiFO_XYPsFfKvKeTBkXE1-EPWAR3aj2RTI2tnSkQIcHnnFfvnz1VpbxKpUTX5WTAHYJ8NGs=w800-h500-k-no,https://lh3.googleusercontent.com/gps-cs-s/AHRPTWmsM9IpjvqYEeZjRRBZwbo97ksxqwCUNLDLnhd8XH0oVba2tUw5Iau_AoUcotScHyiFO_XYPsFfKvKeTBkXE1-EPWAR3aj2RTI2tnSkQIcHnnFfvnz1VpbxKpUTX5WTAHYJ8NGs=w1600-h1000-k-no,,,,OPERATIONAL,"{""Monday"": [""9AM-7PM""], ""Tuesday"": [""9AM-7PM""], ""Wednesday"": [""9AM-7PM""], ""Thursday"": [""9AM-7PM""], ""Friday"": [""9AM-7PM""], ""Saturday"": [""9AM-7PM""], ""Sunday"": [""Closed""]}","Monday,9AM,7PM|Tuesday,9AM,7PM|Wednesday,9AM,7PM|Thursday,9AM,7PM|Friday,9AM,7PM|Saturday,9AM,7PM",,,,,,,,,,"{""Accessibility"": {""Wheelchair-accessible car park"": false, ""Wheelchair-accessible entrance"": false}, ""Planning"": {""Quick visit"": true}, ""Payments"": {""Credit cards"": true, ""Debit cards"": true, ""NFC mobile payments"": true}}",,,FALSE,None,La Caramelera,,"https://www.google.com/maps/place/La+Caramelera/@-34.567171099999996,-58.4575579,14z/data=!4m8!1m2!2m1!1sLa+Caramelera!3m4!1s0x95bcb5d72950765f:0x6c316485edca3e96!8m2!3d-34.567171099999996!4d-58.4575579","https://www.google.com/maps/place/La+Caramelera/@-34.567171099999996,-58.4575579,13.99z/data=!4m16!1m7!3m6!1s0x95bcb5d72950765f:0x6c316485edca3e96!2sLa+Caramelera!8m2!3d-34.567171099999996!4d-58.4575579!16s%2Fg%2F11ckvg1dmb!3m7!1s0x95bcb5d72950765f:0x6c316485edca3e96!8m2!3d-34.567171099999996!4d-58.4575579!9m1!1b1!16s%2Fg%2F11ckvg1dmb?entry=ttu",ChIJX3ZQKde1vJURlj7K7YVkMWw,0x95bcb5d72950765f:0x6c316485edca3e96,7796122956337921686,/g/1tj58yyx,7796122956337921686
" Distribuidora de galletitas, Zona Oeste, CABA, Zona Norte, Zona SUR",Golo Ofertas,Golo Ofertas,Tienda de alimentación,,,"Galería París, C1424 Cdad. Autónoma de Buenos Aires",Galería París,"Caballito, Comuna 6",C1424,Argentina,AR,"-34,617935","-58,4360185",89c2e31006fffff,America/Buenos_Aires,,FALSE,3,1,https://search.google.com/local/reviews?placeid=ChIJsfg6hZ_LvJUR8gwElLwNveM&q=*&authuser=0&hl=en&gl=AR,,https://streetviewpixels-pa.googleapis.com/v1/thumbnail?panoid=VhjotlieynAkAMTDSr496w&cb_client=search.gws-prod.gps&w=800&h=500&yaw=329.33447&pitch=0&thumbfov=100,https://streetviewpixels-pa.googleapis.com/v1/thumbnail?panoid=VhjotlieynAkAMTDSr496w&cb_client=search.gws-prod.gps&w=1600&h=1000&yaw=329.33447&pitch=0&thumbfov=100,,,,OPERATIONAL,"{""Monday"": [""9AM-8:30PM""], ""Tuesday"": [""9AM-8:30PM""], ""Wednesday"": [""9AM-8:30PM""], ""Thursday"": [""9AM-8:30PM""], ""Friday"": [""9AM-8:30PM""], ""Saturday"": [""9AM-8:30PM""], ""Sunday"": [""Closed""]}","Monday,9AM,8:30PM|Tuesday,9AM,8:30PM|Wednesday,9AM,8:30PM|Thursday,9AM,8:30PM|Friday,9AM,8:30PM|Saturday,9AM,8:30PM",,,,,,,,,,"{""Highlights"": {""Great produce"": true}, ""Planning"": {""Quick visit"": true}, ""Payments"": {""Debit cards"": true}}",,,FALSE,None,Golo Ofertas,,"https://www.google.com/maps/place/Golo+Ofertas/@-34.617934999999996,-58.436018499999996,14z/data=!4m8!1m2!2m1!1sGolo+Ofertas!3m4!1s0x95bccb9f853af8b1:0xe3bd0dbc94040cf2!8m2!3d-34.617934999999996!4d-58.436018499999996","https://www.google.com/maps/place/Golo+Ofertas/@-34.617934999999996,-58.436018499999996,13.99z/data=!4m16!1m7!3m6!1s0x95bccb9f853af8b1:0xe3bd0dbc94040cf2!2sGolo+Ofertas!8m2!3d-34.617934999999996!4d-58.436018499999996!16s%2Fg%2F11ckvg1dmb!3m7!1s0x95bccb9f853af8b1:0xe3bd0dbc94040cf2!8m2!3d-34.617934999999996!4d-58.436018499999996!9m1!1b1!16s%2Fg%2F11ckvg1dmb?entry=ttu",ChIJsfg6hZ_LvJUR8gwElLwNveM,0x95bccb9f853af8b1:0xe3bd0dbc94040cf2,16410287720796261618,/g/11h6n2n9cd,-2036456352913289998
" Distribuidora de galletitas, Zona Oeste, CABA, Zona Norte, Zona SUR",Potatos,Potatos,Fábrica,+54 11 3102-1633,,"Gutenberg 2022, B1870 Avellaneda, Provincia de Buenos Aires",Gutenberg 2022,None,B1870,Argentina,AR,"-34,6809936","-58,3826167",89c2e313613ffff,America/Buenos_Aires,,FALSE,"4,9",9,https://search.google.com/local/reviews?placeid=ChIJXZZJ9U_NvJURWMFpDiX7zwE&q=*&authuser=0&hl=en&gl=AR,,https://streetviewpixels-pa.googleapis.com/v1/thumbnail?panoid=J3Yz_RpRXl76xcHdzx1Xtw&cb_client=search.gws-prod.gps&w=800&h=500&yaw=108.5669&pitch=0&thumbfov=100,https://lh3.googleusercontent.com/gps-cs-s/AHRPTWlR2Ekd7_EhQBdJiFuoQujb1FVABOo7-LrvKrRiU5vyFzMyshahAJuW2YMonNGdeab4wi_I3D-MXpsK61mnt1l-b7IPK5O1nduAK7ggcFxU4_o2xItGxr0_t_-EQwjzV0z_7Q=w1600-h1000-k-no,https://lh3.googleusercontent.com/-4piv9BV2G6M/AAAAAAAAAAI/AAAAAAAAAAA/rHHZxA1ndMM/s44-p-k-no-ns-nd/photo.jpg,,,OPERATIONAL,"{""Monday"": [""9AM-1PM""], ""Tuesday"": [""9AM-1PM""], ""Wednesday"": [""9AM-1PM""], ""Thursday"": [""9AM-1PM""], ""Friday"": [""9AM-1PM""], ""Saturday"": [""Closed""], ""Sunday"": [""Closed""]}","Monday,9AM,1PM|Tuesday,9AM,1PM|Wednesday,9AM,1PM|Thursday,9AM,1PM|Friday,9AM,1PM",,,,,,,,,,,,,TRUE,100288160940623654785,Potatos,https://www.google.com/maps/contrib/100288160940623654785,"https://www.google.com/maps/place/Potatos/@-34.6809936,-58.3826167,14z/data=!4m8!1m2!2m1!1sPotatos!3m4!1s0x95bccd4ff549965d:0x1cffb250e69c158!8m2!3d-34.6809936!4d-58.3826167","https://www.google.com/maps/place/Potatos/@-34.6809936,-58.3826167,13.99z/data=!4m16!1m7!3m6!1s0x95bccd4ff549965d:0x1cffb250e69c158!2sPotatos!8m2!3d-34.6809936!4d-58.3826167!16s%2Fg%2F11ckvg1dmb!3m7!1s0x95bccd4ff549965d:0x1cffb250e69c158!8m2!3d-34.6809936!4d-58.3826167!9m1!1b1!16s%2Fg%2F11ckvg1dmb?entry=ttu",ChIJXZZJ9U_NvJURWMFpDiX7zwE,0x95bccd4ff549965d:0x1cffb250e69c158,130599050791207256,/g/11v71sl5c6,130599050791207256
" Distribuidora de galletitas, Zona Oeste, CABA, Zona Norte, Zona SUR",Pan Galletitas Merceria De Tutti,Pan Galletitas Merceria De Tutti,Tienda de regalos,,,C1236 Buenos Aires,,"Boedo, Comuna 5",C1236,Argentina,AR,"-34,6232465","-58,423276",89c2e31028fffff,America/Buenos_Aires,,FALSE,,,,,https://streetviewpixels-pa.googleapis.com/v1/thumbnail?panoid=JaDU1xSDxJ7EUdP8jIO_pQ&cb_client=search.gws-prod.gps&w=800&h=500&yaw=133.35565&pitch=0&thumbfov=100,https://streetviewpixels-pa.googleapis.com/v1/thumbnail?panoid=JaDU1xSDxJ7EUdP8jIO_pQ&cb_client=search.gws-prod.gps&w=1600&h=1000&yaw=133.35565&pitch=0&thumbfov=100,,,,OPERATIONAL,,,,,,,,,,,,"{""Planning"": {""Quick visit"": true}}",,,FALSE,None,Pan Galletitas Merceria De Tutti,,"https://www.google.com/maps/place/Pan+Galletitas+Merceria+De+Tutti/@-34.6232465,-58.423275999999994,14z/data=!4m8!1m2!2m1!1sPan+Galletitas+Merceria+De+Tutti!3m4!1s0x95bcca514a041973:0xf25d29704b090af6!8m2!3d-34.6232465!4d-58.423275999999994","https://www.google.com/maps/place/Pan+Galletitas+Merceria+De+Tutti/@-34.6232465,-58.423275999999994,13.99z/data=!4m16!1m7!3m6!1s0x95bcca514a041973:0xf25d29704b090af6!2sPan+Galletitas+Merceria+De+Tutti!8m2!3d-34.6232465!4d-58.423275999999994!16s%2Fg%2F11ckvg1dmb!3m7!1s0x95bcca514a041973:0xf25d29704b090af6!8m2!3d-34.6232465!4d-58.423275999999994!9m1!1b1!16s%2Fg%2F11ckvg1dmb?entry=ttu",ChIJcxkESlHKvJUR9goJS3ApXfI,0x95bcca514a041973:0xf25d29704b090af6,17464160492284611318,/g/11ddwvg9pz,None
" Distribuidora de galletitas, Zona Oeste, CABA, Zona Norte, Zona SUR",Alfajores Jorgito,Alfajores Jorgito,Fábrica,+54 11 4921-6051,https://www.alfajores-jorgito.com/,"Treinta y Tres Orientales 1840, C1257 Cdad. Autónoma de Buenos Aires",Treinta y Tres Orientales 1840,"Boedo, Comuna 5",1840,Argentina,AR,"-34,6350834","-58,4209072",89c2e31060fffff,America/Buenos_Aires,,FALSE,"4,2",176,https://search.google.com/local/reviews?placeid=ChIJ7VXtEqnLvJUR2GGdzOHKy2w&q=*&authuser=0&hl=en&gl=AR,,https://lh3.googleusercontent.com/gps-cs-s/AHRPTWk28s62XLblAuoYsH5TrMSxCrOQiLtvTcEzVm3IBz1QwEO2M086MLvkth3wRC6VnkAr4xTLIi80hMcJkpS2koK5mdkSDP2iBkAoxDwbqIsHHp1-JtUwp4ZBJ1t1hpHx4DaAGynb=w800-h500-k-no,https://lh3.googleusercontent.com/gps-cs-s/AHRPTWk28s62XLblAuoYsH5TrMSxCrOQiLtvTcEzVm3IBz1QwEO2M086MLvkth3wRC6VnkAr4xTLIi80hMcJkpS2koK5mdkSDP2iBkAoxDwbqIsHHp1-JtUwp4ZBJ1t1hpHx4DaAGynb=w1600-h1000-k-no,https://lh5.googleusercontent.com/-pgzWEcLJFBk/AAAAAAAAAAI/AAAAAAAAAAA/beQtC4ufVtU/s44-p-k-no-ns-nd/photo.jpg,,,OPERATIONAL,"{""Monday"": [""8AM-5PM""], ""Tuesday"": [""8AM-5PM""], ""Wednesday"": [""8AM-5PM""], ""Thursday"": [""8AM-5PM""], ""Friday"": [""8AM-4PM""], ""Saturday"": [""Closed""], ""Sunday"": [""Closed""]}","Monday,8AM,5PM|Tuesday,8AM,5PM|Wednesday,8AM,5PM|Thursday,8AM,5PM|Friday,8AM,4PM",,,,,,,,,,"{""Accessibility"": {""Wheelchair-accessible entrance"": true}}",,,TRUE,113236150747543752158,Alfajores Jorgito,https://www.google.com/maps/contrib/113236150747543752158,"https://www.google.com/maps/place/Alfajores+Jorgito/@-34.6350834,-58.420907199999995,14z/data=!4m8!1m2!2m1!1sAlfajores+Jorgito!3m4!1s0x95bccba912ed55ed:0x6ccbcae1cc9d61d8!8m2!3d-34.6350834!4d-58.420907199999995","https://www.google.com/maps/place/Alfajores+Jorgito/@-34.6350834,-58.420907199999995,13.99z/data=!4m16!1m7!3m6!1s0x95bccba912ed55ed:0x6ccbcae1cc9d61d8!2sAlfajores+Jorgito!8m2!3d-34.6350834!4d-58.420907199999995!16s%2Fg%2F11ckvg1dmb!3m7!1s0x95bccba912ed55ed:0x6ccbcae1cc9d61d8!8m2!3d-34.6350834!4d-58.420907199999995!9m1!1b1!16s%2Fg%2F11ckvg1dmb?entry=ttu",ChIJ7VXtEqnLvJUR2GGdzOHKy2w,0x95bccba912ed55ed:0x6ccbcae1cc9d61d8,7839582647517798872,/g/1v6l8phh,7839582647517798872
" Distribuidora de galletitas, Zona Oeste, CABA, Zona Norte, Zona SUR",Dulce Esquina,Dulce Esquina,Tienda de golosinas,+54 11 2241-3188,,"Av. Juan Bautista Alberdi 599, C1424 BYF, Cdad. Autónoma de Buenos Aires",Av. Juan Bautista Alberdi 599,Caballito,C1424,Argentina,AR,"-34,6230708","-58,4361988",89c2e310073ffff,America/Buenos_Aires,,FALSE,5,7,https://search.google.com/local/reviews?placeid=ChIJ8w26IEbKvJUR3I98M8o5de4&q=*&authuser=0&hl=en&gl=AR,,https://lh3.googleusercontent.com/gps-cs-s/AHRPTWlZVhJIEIvpGoS6h0Wrfc7nTLwV3wTF6A3jj84jr6UKaJhCGdqbGZ5hcbiqn1uJOWSLWZF3ENN9Z0gkQzdTxI-Zb33hX3ExzaoqGCEF3-9Qh3wibO9rJ-ACoXh7ZHKT41B9lvy3=w800-h500-k-no,https://lh3.googleusercontent.com/gps-cs-s/AHRPTWlZVhJIEIvpGoS6h0Wrfc7nTLwV3wTF6A3jj84jr6UKaJhCGdqbGZ5hcbiqn1uJOWSLWZF3ENN9Z0gkQzdTxI-Zb33hX3ExzaoqGCEF3-9Qh3wibO9rJ-ACoXh7ZHKT41B9lvy3=w1600-h1000-k-no,https://lh6.googleusercontent.com/-PMVYUYzMWdE/AAAAAAAAAAI/AAAAAAAAAAA/1QK3aGQp06Q/s44-p-k-no-ns-nd/photo.jpg,,,OPERATIONAL,"{""Monday"": [""10AM-8PM""], ""Tuesday"": [""10AM-8PM""], ""Wednesday"": [""10AM-8PM""], ""Thursday"": [""10AM-8PM""], ""Friday"": [""10AM-8PM""], ""Saturday"": [""10AM-6PM""], ""Sunday"": [""Closed""]}","Monday,10AM,8PM|Tuesday,10AM,8PM|Wednesday,10AM,8PM|Thursday,10AM,8PM|Friday,10AM,8PM|Saturday,10AM,6PM",,,,,,,,,,"{""Accessibility"": {""Wheelchair-accessible car park"": false}, ""Crowd"": {""LGBTQ+ friendly"": true, ""Transgender safe space"": true}, ""Planning"": {""Quick visit"": true}, ""Payments"": {""Credit cards"": true, ""Debit cards"": true}, ""Other"": {""LGBTQ+ friendly"": true}}",,,TRUE,108968228228144703138,Dulce Esquina,https://www.google.com/maps/contrib/108968228228144703138,"https://www.google.com/maps/place/Dulce+Esquina/@-34.6230708,-58.4361988,14z/data=!4m8!1m2!2m1!1sDulce+Esquina!3m4!1s0x95bcca4620ba0df3:0xee7539ca337c8fdc!8m2!3d-34.6230708!4d-58.4361988","https://www.google.com/maps/place/Dulce+Esquina/@-34.6230708,-58.4361988,13.99z/data=!4m16!1m7!3m6!1s0x95bcca4620ba0df3:0xee7539ca337c8fdc!2sDulce+Esquina!8m2!3d-34.6230708!4d-58.4361988!16s%2Fg%2F11ckvg1dmb!3m7!1s0x95bcca4620ba0df3:0xee7539ca337c8fdc!8m2!3d-34.6230708!4d-58.4361988!9m1!1b1!16s%2Fg%2F11ckvg1dmb?entry=ttu",ChIJ8w26IEbKvJUR3I98M8o5de4,0x95bcca4620ba0df3:0xee7539ca337c8fdc,17182703493911973852,/g/11n__wn368,-1264040579797577764
" Distribuidora de galletitas, Zona Oeste, CABA, Zona Norte, Zona SUR",DISTRIBUIDORA LUNIC,Distribuidora Lunic,Tienda de alimentos naturales,,http://www.distribuidoralunic.com.ar/,"Av. José María Moreno 1280, C1424 Cdad. Autónoma de Buenos Aires",Av. José María Moreno 1280,"Parque Chacabuco, Comuna 7",C1424,Argentina,AR,"-34,6335405","-58,4326706",89c2e3100dbffff,America/Buenos_Aires,,FALSE,"4,4",385,https://search.google.com/local/reviews?placeid=ChIJdTWzWqvLvJURwhbPBtadDu0&q=*&authuser=0&hl=en&gl=AR,,https://lh3.googleusercontent.com/gps-cs-s/AHRPTWnGpkUwnc5OpWly4HPMg5bE22X1EafzePsmYr62chtm6AoliGBfozbgb9FQoKl70II9ri9_Db4Ms8Wp5J0KOaeYOmgPJGQA8Q1V1vC2fPsQwgspOCP61v5BL5xHkSXBqfw9k3_juw=w800-h500-k-no,https://lh3.googleusercontent.com/gps-cs-s/AHRPTWnGpkUwnc5OpWly4HPMg5bE22X1EafzePsmYr62chtm6AoliGBfozbgb9FQoKl70II9ri9_Db4Ms8Wp5J0KOaeYOmgPJGQA8Q1V1vC2fPsQwgspOCP61v5BL5xHkSXBqfw9k3_juw=w1600-h1000-k-no,https://lh6.googleusercontent.com/-9Y1whyQy31s/AAAAAAAAAAI/AAAAAAAAAAA/oHQYtDV46Ww/s44-p-k-no-ns-nd/photo.jpg,,,OPERATIONAL,"{""Monday"": [""9AM-1PM"", ""2-6PM""], ""Tuesday"": [""9AM-1PM"", ""2-6PM""], ""Wednesday"": [""9AM-1PM"", ""2-6PM""], ""Thursday"": [""9AM-1PM"", ""2-6PM""], ""Friday"": [""9AM-1PM"", ""2-6PM""], ""Saturday"": [""9AM-2PM""], ""Sunday"": [""Closed""]}","Monday,9AM,1PM|Monday,2,6PM|Tuesday,9AM,1PM|Tuesday,2,6PM|Wednesday,9AM,1PM|Wednesday,2,6PM|Thursday,9AM,1PM|Thursday,2,6PM|Friday,9AM,1PM|Friday,2,6PM|Saturday,9AM,2PM",,,,,,,,,,"{""Service options"": {""In-store pick-up"": true, ""In-store shopping"": true}, ""Highlights"": {""Great produce"": true}, ""Accessibility"": {""Wheelchair-accessible car park"": false}, ""Amenities"": {""Toilet"": false}, ""Planning"": {""Quick visit"": true}, ""Payments"": {""Credit cards"": true, ""Debit cards"": true, ""NFC mobile payments"": true}}",,,TRUE,100140003759408622723,DISTRIBUIDORA LUNIC,https://www.google.com/maps/contrib/100140003759408622723,"https://www.google.com/maps/place/DISTRIBUIDORA+LUNIC/@-34.633540499999995,-58.432670599999994,14z/data=!4m8!1m2!2m1!1sDISTRIBUIDORA+LUNIC!3m4!1s0x95bccbab5ab33575:0xed0e9dd606cf16c2!8m2!3d-34.633540499999995!4d-58.432670599999994","https://www.google.com/maps/place/DISTRIBUIDORA+LUNIC/@-34.633540499999995,-58.432670599999994,13.99z/data=!4m16!1m7!3m6!1s0x95bccbab5ab33575:0xed0e9dd606cf16c2!2sDISTRIBUIDORA+LUNIC!8m2!3d-34.633540499999995!4d-58.432670599999994!16s%2Fg%2F11ckvg1dmb!3m7!1s0x95bccbab5ab33575:0xed0e9dd606cf16c2!8m2!3d-34.633540499999995!4d-58.432670599999994!9m1!1b1!16s%2Fg%2F11ckvg1dmb?entry=ttu",ChIJdTWzWqvLvJURwhbPBtadDu0,0x95bccbab5ab33575:0xed0e9dd606cf16c2,17081763979225667266,/g/11c53rllq3,-1364980094483884350
" Distribuidora de galletitas, Zona Oeste, CABA, Zona Norte, Zona SUR",Distri - South,Distri South,Distribuidor de comestibles,+54 11 4270-0305,https://distrisuronline.com/,"vii Parque Industrial y Tecnologico de Quilmes, Camino General Belgrano km 10.500 parcela 25, B1876 Bernal Oeste, Provincia de Buenos Aires","vii Parque Industrial y Tecnologico de Quilmes, Camino General Belgrano km 10.500 parcela 25",None,B1876,Argentina,AR,"-34,7366711","-58,3375172",89c2e3c6143ffff,America/Buenos_Aires,,FALSE,"3,8",354,https://search.google.com/local/reviews?placeid=ChIJk6Sx4acuo5URIzOaTu5YyIg&q=*&authuser=0&hl=en&gl=AR,,https://lh3.googleusercontent.com/gps-cs-s/AHRPTWnvDOQXKDQHv8jJQiPmENH5lqtMIN4RQAgQI8ulWrJJak1YuYEcqjTnxjbME8XyDtpn-WDYpBwrzKy567Fxw4eeUjV-NGrLA91EDq1HiGknHPAh3-n5hmnwd5S1klq3W92mYUEi=w800-h500-k-no,https://lh3.googleusercontent.com/gps-cs-s/AHRPTWnvDOQXKDQHv8jJQiPmENH5lqtMIN4RQAgQI8ulWrJJak1YuYEcqjTnxjbME8XyDtpn-WDYpBwrzKy567Fxw4eeUjV-NGrLA91EDq1HiGknHPAh3-n5hmnwd5S1klq3W92mYUEi=w1600-h1000-k-no,,,,OPERATIONAL,"{""Monday"": [""8AM-5PM""], ""Tuesday"": [""8AM-5PM""], ""Wednesday"": [""8AM-5PM""], ""Thursday"": [""8AM-5PM""], ""Friday"": [""8AM-5PM""], ""Saturday"": [""8AM-12PM""], ""Sunday"": [""Closed""]}","Monday,8AM,5PM|Tuesday,8AM,5PM|Wednesday,8AM,5PM|Thursday,8AM,5PM|Friday,8AM,5PM|Saturday,8AM,12PM",,,,,,,,,,"{""Service options"": {""Delivery"": true, ""On-site services"": true}, ""Accessibility"": {""Wheelchair-accessible car park"": true, ""Wheelchair-accessible entrance"": true}, ""Amenities"": {""Gender-neutral toilets"": true, ""Toilet"": true}, ""Payments"": {""Debit cards"": true}}",,,FALSE,None,Distri - South,,"https://www.google.com/maps/place/Distri+-+South/@-34.736671099999995,-58.3375172,14z/data=!4m8!1m2!2m1!1sDistri+-+South!3m4!1s0x95a32ea7e1b1a493:0x88c858ee4e9a3323!8m2!3d-34.736671099999995!4d-58.3375172","https://www.google.com/maps/place/Distri+-+South/@-34.736671099999995,-58.3375172,13.99z/data=!4m16!1m7!3m6!1s0x95a32ea7e1b1a493:0x88c858ee4e9a3323!2sDistri+-+South!8m2!3d-34.736671099999995!4d-58.3375172!16s%2Fg%2F11ckvg1dmb!3m7!1s0x95a32ea7e1b1a493:0x88c858ee4e9a3323!8m2!3d-34.736671099999995!4d-58.3375172!9m1!1b1!16s%2Fg%2F11ckvg1dmb?entry=ttu",ChIJk6Sx4acuo5URIzOaTu5YyIg,0x95a32ea7e1b1a493:0x88c858ee4e9a3323,9856225565044519715,/g/1tdy11jf,-8590518508665031901
" Distribuidora de galletitas, Zona Oeste, CABA, Zona Norte, Zona SUR",Distribuidora Lanus,Distribuidora Lanus,Comercio,+54 11 4218-3519,,"Av. Pres. Bernardino Rivadavia 1263, B1822 Valentín Alsina, Provincia de Buenos Aires",Av. Pres. Bernardino Rivadavia 1263,None,1263,Argentina,AR,"-34,6814767","-58,4062004",89c2e31343bffff,America/Buenos_Aires,,FALSE,4,220,https://search.google.com/local/reviews?placeid=ChIJ89ThxJfMvJURF0BbW_qNv4s&q=*&authuser=0&hl=en&gl=AR,,https://lh3.googleusercontent.com/gps-cs-s/AHRPTWmfIW62_CuSmIXtfFBQgpEqINAutYZjlK644Is6HKXQ1YDv6boQK9e5emYceUfZ3G2jM1USV00YQwvITPTyfNQETbIUDFnmGOhAp6ht_Ev7FnbQQv1GO32wkrEVnwRoIUpGnStG=w800-h500-k-no,https://lh3.googleusercontent.com/gps-cs-s/AHRPTWmfIW62_CuSmIXtfFBQgpEqINAutYZjlK644Is6HKXQ1YDv6boQK9e5emYceUfZ3G2jM1USV00YQwvITPTyfNQETbIUDFnmGOhAp6ht_Ev7FnbQQv1GO32wkrEVnwRoIUpGnStG=w1600-h1000-k-no,,,,OPERATIONAL,"{""Monday"": [""8AM-5PM""], ""Tuesday"": [""8AM-5PM""], ""Wednesday"": [""8AM-5PM""], ""Thursday"": [""8AM-5PM""], ""Friday"": [""8AM-5PM""], ""Saturday"": [""Closed""], ""Sunday"": [""Closed""]}","Monday,8AM,5PM|Tuesday,8AM,5PM|Wednesday,8AM,5PM|Thursday,8AM,5PM|Friday,8AM,5PM",,,,,,,,,,"{""Service options"": {""Delivery"": true}, ""Accessibility"": {""Wheelchair-accessible entrance"": true}, ""Planning"": {""Quick visit"": true}, ""Payments"": {""Debit cards"": true}}",,,FALSE,None,Distribuidora Lanus,,"https://www.google.com/maps/place/Distribuidora+Lanus/@-34.6814767,-58.406200399999996,14z/data=!4m8!1m2!2m1!1sDistribuidora+Lanus!3m4!1s0x95bccc97c4e1d4f3:0x8bbf8dfa5b5b4017!8m2!3d-34.6814767!4d-58.406200399999996","https://www.google.com/maps/place/Distribuidora+Lanus/@-34.6814767,-58.406200399999996,13.99z/data=!4m16!1m7!3m6!1s0x95bccc97c4e1d4f3:0x8bbf8dfa5b5b4017!2sDistribuidora+Lanus!8m2!3d-34.6814767!4d-58.406200399999996!16s%2Fg%2F11ckvg1dmb!3m7!1s0x95bccc97c4e1d4f3:0x8bbf8dfa5b5b4017!8m2!3d-34.6814767!4d-58.406200399999996!9m1!1b1!16s%2Fg%2F11ckvg1dmb?entry=ttu",ChIJ89ThxJfMvJURF0BbW_qNv4s,0x95bccc97c4e1d4f3:0x8bbf8dfa5b5b4017,10069923398237765655,/g/1hc88bdpr,-8376820675471785961
" Distribuidora de galletitas, Zona Oeste, CABA, Zona Norte, Zona SUR",Wakala Taste,Wakala Taste,Pastelería,,https://www.instagram.com/wakala.taste/%3Fhl%3Des-la,"Aguirre 128, C1414ASD Cdad. Autónoma de Buenos Aires",Aguirre 128,"Villa Crespo, Comuna 15",C1414,Argentina,AR,"-34,6008754","-58,4329953",89c2e311dd3ffff,America/Buenos_Aires,,FALSE,5,29,https://search.google.com/local/reviews?placeid=ChIJ0UX2vnHKvJUR8xegrtFVCvA&q=*&authuser=0&hl=en&gl=AR,,https://lh3.googleusercontent.com/gps-cs-s/AHRPTWnqpO1OfUtZ8FerK36kY_9AoleXQLHuV-9hnUHAJ3swcq4NrtojRJWBnM1a7jn1i8fHmE5BkiVvvT5TTc52A3sOs8p-Qv1aVmpw_3o7QVDmWfCqkS0x3mfqBJ24TA86zNCin9YGL8d-JAFB=w800-h500-k-no,https://lh3.googleusercontent.com/gps-cs-s/AHRPTWnqpO1OfUtZ8FerK36kY_9AoleXQLHuV-9hnUHAJ3swcq4NrtojRJWBnM1a7jn1i8fHmE5BkiVvvT5TTc52A3sOs8p-Qv1aVmpw_3o7QVDmWfCqkS0x3mfqBJ24TA86zNCin9YGL8d-JAFB=w1600-h1000-k-no,,,,OPERATIONAL,,,,,,,,,,,,"{""Service options"": {""Delivery"": true, ""Takeaway"": true}, ""Accessibility"": {""Wheelchair-accessible car park"": false}, ""Planning"": {""Quick visit"": true}, ""Payments"": {""Credit cards"": true, ""Debit cards"": true, ""NFC mobile payments"": true}}",,,FALSE,None,Wakala Taste,,"https://www.google.com/maps/place/Wakala+Taste/@-34.6008754,-58.432995299999995,14z/data=!4m8!1m2!2m1!1sWakala+Taste!3m4!1s0x95bcca71bef645d1:0xf00a55d1aea017f3!8m2!3d-34.6008754!4d-58.432995299999995","https://www.google.com/maps/place/Wakala+Taste/@-34.6008754,-58.432995299999995,13.99z/data=!4m16!1m7!3m6!1s0x95bcca71bef645d1:0xf00a55d1aea017f3!2sWakala+Taste!8m2!3d-34.6008754!4d-58.432995299999995!16s%2Fg%2F11ckvg1dmb!3m7!1s0x95bcca71bef645d1:0xf00a55d1aea017f3!8m2!3d-34.6008754!4d-58.432995299999995!9m1!1b1!16s%2Fg%2F11ckvg1dmb?entry=ttu",ChIJ0UX2vnHKvJUR8xegrtFVCvA,0x95bcca71bef645d1:0xf00a55d1aea017f3,17296731677936064499,/g/11krvjq0r2,-1150012395773487117
" Distribuidora de galletitas, Zona Oeste, CABA, Zona Norte, Zona SUR",Cioccolato,Cioccolato,Tienda de golosinas,+54 11 4901-1942,,"Rosario 842, C1424 Cdad. Autónoma de Buenos Aires",Rosario 842,"Caballito, Comuna 6",C1424,Argentina,AR,"-34,6206596","-58,4402695",89c2e310077ffff,America/Buenos_Aires,,FALSE,"4,2",310,https://search.google.com/local/reviews?placeid=ChIJGWuxnzjKvJURWKOCartZC-k&q=*&authuser=0&hl=en&gl=AR,,https://lh3.googleusercontent.com/gps-cs-s/AHRPTWnHK99pftitVf_vpYoVGlQnvH-0T73Ha8oTuLGJoTdvSSt7vtztFIa49ctjXDOKMmMM_FqGiNq_LKGmNSeegxwdf7Pbk2LdcFohSPNI4DrTyChugovB7YfktMLN7v6A08qGK14=w800-h500-k-no,https://lh3.googleusercontent.com/gps-cs-s/AHRPTWnHK99pftitVf_vpYoVGlQnvH-0T73Ha8oTuLGJoTdvSSt7vtztFIa49ctjXDOKMmMM_FqGiNq_LKGmNSeegxwdf7Pbk2LdcFohSPNI4DrTyChugovB7YfktMLN7v6A08qGK14=w1600-h1000-k-no,https://lh6.googleusercontent.com/-aOTp68LuMAM/AAAAAAAAAAI/AAAAAAAAAAA/2qKAhJZ4RjA/s44-p-k-no-ns-nd/photo.jpg,,,OPERATIONAL,"{""Monday"": [""9AM-7PM""], ""Tuesday"": [""9AM-7PM""], ""Wednesday"": [""9AM-7PM""], ""Thursday"": [""9AM-7PM""], ""Friday"": [""9AM-7PM""], ""Saturday"": [""9AM-7PM""], ""Sunday"": [""Closed""]}","Monday,9AM,7PM|Tuesday,9AM,7PM|Wednesday,9AM,7PM|Thursday,9AM,7PM|Friday,9AM,7PM|Saturday,9AM,7PM",,,,,,,,,,"{""Accessibility"": {""Wheelchair-accessible car park"": false}, ""Planning"": {""Quick visit"": true}, ""Payments"": {""Credit cards"": true, ""Debit cards"": true, ""NFC mobile payments"": true}}",,,TRUE,101944912595182634279,Cioccolato,https://www.google.com/maps/contrib/101944912595182634279,"https://www.google.com/maps/place/Cioccolato/@-34.620659599999996,-58.4402695,14z/data=!4m8!1m2!2m1!1sCioccolato!3m4!1s0x95bcca389fb16b19:0xe90b59bb6a82a358!8m2!3d-34.620659599999996!4d-58.4402695","https://www.google.com/maps/place/Cioccolato/@-34.620659599999996,-58.4402695,13.99z/data=!4m16!1m7!3m6!1s0x95bcca389fb16b19:0xe90b59bb6a82a358!2sCioccolato!8m2!3d-34.620659599999996!4d-58.4402695!16s%2Fg%2F11ckvg1dmb!3m7!1s0x95bcca389fb16b19:0xe90b59bb6a82a358!8m2!3d-34.620659599999996!4d-58.4402695!9m1!1b1!16s%2Fg%2F11ckvg1dmb?entry=ttu",ChIJGWuxnzjKvJURWKOCartZC-k,0x95bcca389fb16b19:0xe90b59bb6a82a358,16792614297061729112,/g/11f37v3vwy,-1654129776647822504
" Distribuidora de galletitas, Zona Oeste, CABA, Zona Norte, Zona SUR",La Golotienda,La Golotienda,Tienda de golosinas,,https://www.instagram.com/lagolotienda/,"Constitución 1036, B1646CXX San Fernando, Provincia de Buenos Aires",Constitución 1036,None,B1646,Argentina,AR,"-34,440729","-58,5569855",89c2e304687ffff,America/Buenos_Aires,,FALSE,"4,5",79,https://search.google.com/local/reviews?placeid=ChIJmyQ9RGKlvJUR1nVhuMP-Who&q=*&authuser=0&hl=en&gl=AR,,https://lh3.googleusercontent.com/gps-cs-s/AHRPTWngivfj0Ca42gsFsDS1zC-sXQeLfLtJRCrKs-Sh7szbhhyYsDsd1EX1LwoW14-5WzRkGZyOT8PWYV0DkXLtJ7RWz4r1ls2mR_cRT3LwidTWo_UK1L9pWUnZKL21QTwb326xwuCe=w800-h500-k-no,https://lh3.googleusercontent.com/gps-cs-s/AHRPTWngivfj0Ca42gsFsDS1zC-sXQeLfLtJRCrKs-Sh7szbhhyYsDsd1EX1LwoW14-5WzRkGZyOT8PWYV0DkXLtJ7RWz4r1ls2mR_cRT3LwidTWo_UK1L9pWUnZKL21QTwb326xwuCe=w1600-h1000-k-no,https://lh3.googleusercontent.com/-B0V0hiF8dtY/AAAAAAAAAAI/AAAAAAAAAAA/JlZzF2Lqi5Q/s44-p-k-no-ns-nd/photo.jpg,,,OPERATIONAL,"{""Monday"": [""9AM-8PM""], ""Tuesday"": [""9AM-8PM""], ""Wednesday"": [""9AM-8PM""], ""Thursday"": [""9AM-8PM""], ""Friday"": [""9AM-8PM""], ""Saturday"": [""9AM-8PM""], ""Sunday"": [""Closed""]}","Monday,9AM,8PM|Tuesday,9AM,8PM|Wednesday,9AM,8PM|Thursday,9AM,8PM|Friday,9AM,8PM|Saturday,9AM,8PM",,,,,,,,,,"{""Accessibility"": {""Wheelchair-accessible car park"": false}, ""Planning"": {""Quick visit"": true}, ""Payments"": {""Credit cards"": true, ""Debit cards"": true, ""NFC mobile payments"": true}}",,,TRUE,110342657406620590902,La Golotienda,https://www.google.com/maps/contrib/110342657406620590902,"https://www.google.com/maps/place/La+Golotienda/@-34.440729,-58.556985499999996,14z/data=!4m8!1m2!2m1!1sLa+Golotienda!3m4!1s0x95bca562443d249b:0x1a5afec3b86175d6!8m2!3d-34.440729!4d-58.556985499999996","https://www.google.com/maps/place/La+Golotienda/@-34.440729,-58.556985499999996,13.99z/data=!4m16!1m7!3m6!1s0x95bca562443d249b:0x1a5afec3b86175d6!2sLa+Golotienda!8m2!3d-34.440729!4d-58.556985499999996!16s%2Fg%2F11ckvg1dmb!3m7!1s0x95bca562443d249b:0x1a5afec3b86175d6!8m2!3d-34.440729!4d-58.556985499999996!9m1!1b1!16s%2Fg%2F11ckvg1dmb?entry=ttu",ChIJmyQ9RGKlvJUR1nVhuMP-Who,0x95bca562443d249b:0x1a5afec3b86175d6,1899110309455558102,/g/11dym8d9h8,1899110309455558102
" Distribuidora de galletitas, Zona Oeste, CABA, Zona Norte, Zona SUR",Celinda Alimentos sin TACC,Celinda Alimentos Sin Tacc,Mayorista,+54 9 11 4403-1037,http://www.celinda.com.ar/,"Av. Independencia 1983, C1225AAB Cdad. Autónoma de Buenos Aires",Av. Independencia 1983,"Balvanera, Comuna 3",C1225,Argentina,AR,"-34,6181204","-58,3942125",89c2e3111cfffff,America/Buenos_Aires,,FALSE,"3,5",13,https://search.google.com/local/reviews?placeid=ChIJtR_5Bwm3vJURQuSyy7ZzL3U&q=*&authuser=0&hl=en&gl=AR,,https://lh3.googleusercontent.com/gps-cs-s/AHRPTWmT624qgtYH5hQt5JNYdc--UDzOSdg7MjPTDiIEHoc_E2ayzk_ycDQhkciAnctbjlacpGb8UtlqZXHucGM-X4WFQ5tsv_3pNdZfLoNt9eVEdbRzIskPGlGhNeaw9vwEFtGszJWJ=w800-h500-k-no,https://lh3.googleusercontent.com/gps-cs-s/AHRPTWmT624qgtYH5hQt5JNYdc--UDzOSdg7MjPTDiIEHoc_E2ayzk_ycDQhkciAnctbjlacpGb8UtlqZXHucGM-X4WFQ5tsv_3pNdZfLoNt9eVEdbRzIskPGlGhNeaw9vwEFtGszJWJ=w1600-h1000-k-no,https://lh5.googleusercontent.com/-MsAL-TMhNt8/AAAAAAAAAAI/AAAAAAAAAAA/fbx8wqOEtr4/s44-p-k-no-ns-nd/photo.jpg,,,OPERATIONAL,"{""Monday"": [""9AM-8PM""], ""Tuesday"": [""9AM-8PM""], ""Wednesday"": [""9AM-8PM""], ""Thursday"": [""9AM-8PM""], ""Friday"": [""9AM-8PM""], ""Saturday"": [""9AM-3PM""], ""Sunday"": [""Closed""]}","Monday,9AM,8PM|Tuesday,9AM,8PM|Wednesday,9AM,8PM|Thursday,9AM,8PM|Friday,9AM,8PM|Saturday,9AM,3PM",,,,,,,,,,"{""Accessibility"": {""Wheelchair-accessible car park"": false}, ""Payments"": {""Credit cards"": true, ""Debit cards"": true}}",,,TRUE,101005153962464709385,Celinda Alimentos sin TACC,https://www.google.com/maps/contrib/101005153962464709385,"https://www.google.com/maps/place/Celinda+Alimentos+sin+TACC/@-34.618120399999995,-58.394212499999995,14z/data=!4m8!1m2!2m1!1sCelinda+Alimentos+sin+TACC!3m4!1s0x95bcb70907f91fb5:0x752f73b6cbb2e442!8m2!3d-34.618120399999995!4d-58.394212499999995","https://www.google.com/maps/place/Celinda+Alimentos+sin+TACC/@-34.618120399999995,-58.394212499999995,13.99z/data=!4m16!1m7!3m6!1s0x95bcb70907f91fb5:0x752f73b6cbb2e442!2sCelinda+Alimentos+sin+TACC!8m2!3d-34.618120399999995!4d-58.394212499999995!16s%2Fg%2F11ckvg1dmb!3m7!1s0x95bcb70907f91fb5:0x752f73b6cbb2e442!8m2!3d-34.618120399999995!4d-58.394212499999995!9m1!1b1!16s%2Fg%2F11ckvg1dmb?entry=ttu",ChIJtR_5Bwm3vJURQuSyy7ZzL3U,0x95bcb70907f91fb5:0x752f73b6cbb2e442,8444095055281710146,/g/11c5s3dlrh,8444095055281710146
" Distribuidora de galletitas, Zona Oeste, CABA, Zona Norte, Zona SUR",tutto dolce,Tutto Dolce,Tienda de golosinas,+54 11 3928-9437,,"Av. Bartolomé Mitre 1139, B1870AAL Avellaneda, Provincia de Buenos Aires",Av. Bartolomé Mitre 1139,None,B1870,Argentina,AR,"-34,664681","-58,361197",89c2e3c499bffff,America/Buenos_Aires,,FALSE,"4,4",89,https://search.google.com/local/reviews?placeid=ChIJx4Tvbk8zo5URYAdI-NSJFfo&q=*&authuser=0&hl=en&gl=AR,,https://lh3.googleusercontent.com/gps-proxy/ALd4DhEjy8I1DSew7oZrBqZNn1ZJnUQtK0vrEpluhiAprJa_fp4Rnm2t1Q1OlFOz9typFewCS0no-ow5HF-2mDxbI2_OVwPs8Y9MfIA13GOX4qGU9yyQFwDjAOFcF6NRzuXFLxjW0xtIzM8NBbww2Nny9Xf_wc-8IFyZwIyssRISNMQnZ6jsv96AS6Vmz2zI7qkge3R0sg=w800-h500-k-no,https://lh3.googleusercontent.com/gps-proxy/ALd4DhEjy8I1DSew7oZrBqZNn1ZJnUQtK0vrEpluhiAprJa_fp4Rnm2t1Q1OlFOz9typFewCS0no-ow5HF-2mDxbI2_OVwPs8Y9MfIA13GOX4qGU9yyQFwDjAOFcF6NRzuXFLxjW0xtIzM8NBbww2Nny9Xf_wc-8IFyZwIyssRISNMQnZ6jsv96AS6Vmz2zI7qkge3R0sg=w1600-h1000-k-no,,,,OPERATIONAL,"{""Monday"": [""9AM-8PM""], ""Tuesday"": [""9AM-8PM""], ""Wednesday"": [""9AM-8PM""], ""Thursday"": [""9AM-8PM""], ""Friday"": [""9AM-8PM""], ""Saturday"": [""9AM-8PM""], ""Sunday"": [""Closed""]}","Monday,9AM,8PM|Tuesday,9AM,8PM|Wednesday,9AM,8PM|Thursday,9AM,8PM|Friday,9AM,8PM|Saturday,9AM,8PM",,,,,,,,,,"{""Service options"": {""Delivery"": true}, ""Accessibility"": {""Wheelchair-accessible car park"": false}, ""Planning"": {""Quick visit"": true}, ""Payments"": {""Credit cards"": true, ""Debit cards"": true, ""NFC mobile payments"": true}}",,,FALSE,None,tutto dolce,,"https://www.google.com/maps/place/tutto+dolce/@-34.664681,-58.361197,14z/data=!4m8!1m2!2m1!1stutto+dolce!3m4!1s0x95a3334f6eef84c7:0xfa1589d4f8480760!8m2!3d-34.664681!4d-58.361197","https://www.google.com/maps/place/tutto+dolce/@-34.664681,-58.361197,13.99z/data=!4m16!1m7!3m6!1s0x95a3334f6eef84c7:0xfa1589d4f8480760!2stutto+dolce!8m2!3d-34.664681!4d-58.361197!16s%2Fg%2F11ckvg1dmb!3m7!1s0x95a3334f6eef84c7:0xfa1589d4f8480760!8m2!3d-34.664681!4d-58.361197!9m1!1b1!16s%2Fg%2F11ckvg1dmb?entry=ttu",ChIJx4Tvbk8zo5URYAdI-NSJFfo,0x95a3334f6eef84c7:0xfa1589d4f8480760,18020461031784449888,/g/11b6zpdrp0,-426283041925101728
" Distribuidora de galletitas, Zona Oeste, CABA, Zona Norte, Zona SUR",Rapanui,Rapanui,Tienda de productos de chocolate,+54 810-888-7272,https://rapanui.com.ar/,"Av. Pedro Goyena 1515, C1406 Cdad. Autónoma de Buenos Aires",Av. Pedro Goyena 1515,"Caballito, Comuna 6",1515,Argentina,AR,"-34,6276795","-58,4489237",89c2e3100a3ffff,America/Buenos_Aires,,FALSE,"4,6",19047,https://search.google.com/local/reviews?placeid=ChIJX5MqYDDKvJURCwW5-ztt0i0&q=*&authuser=0&hl=en&gl=AR,,https://lh3.googleusercontent.com/gps-cs-s/AHRPTWlkSuSPaRbsE5pyvFKNbhtFXr0x2zvHZrQmI6IVLeZvn72IlYFFGEvNjbCYQ6v4P0AG7Y0lo1RUX2bAN9kzsM3c8WLWIGaMU8_YMYfgT8_1uBZXUBlMiqH68dIfX90HRVCpp78lRQ=w800-h500-k-no,https://lh3.googleusercontent.com/gps-cs-s/AHRPTWlkSuSPaRbsE5pyvFKNbhtFXr0x2zvHZrQmI6IVLeZvn72IlYFFGEvNjbCYQ6v4P0AG7Y0lo1RUX2bAN9kzsM3c8WLWIGaMU8_YMYfgT8_1uBZXUBlMiqH68dIfX90HRVCpp78lRQ=w1600-h1000-k-no,https://lh5.googleusercontent.com/-KpgFEGmXhYo/AAAAAAAAAAI/AAAAAAAAAAA/TlcBcvaeg-A/s44-p-k-no-ns-nd/photo.jpg,,,OPERATIONAL,"{""Monday"": [""11AM-1AM""], ""Tuesday"": [""11AM-1AM""], ""Wednesday"": [""11AM-1AM""], ""Thursday"": [""11AM-1AM""], ""Friday"": [""11AM-2AM""], ""Saturday"": [""11AM-2AM""], ""Sunday"": [""11AM-1AM""]}","Sunday,11AM,1AM|Monday,11AM,1AM|Tuesday,11AM,1AM|Wednesday,11AM,1AM|Thursday,11AM,1AM|Friday,11AM,2AM|Saturday,11AM,2AM",,,,,,,,,,"{""Service options"": {""Delivery"": true, ""In-store pick-up"": true, ""On-site services"": true, ""Takeaway"": true, ""Dine-in"": true}, ""Highlights"": {""Great dessert"": true}, ""Accessibility"": {""Wheelchair-accessible toilet"": true, ""Wheelchair-accessible car park"": false}, ""Dining options"": {""Dessert"": true}, ""Amenities"": {""Toilet"": true}, ""Planning"": {""Quick visit"": true}, ""Payments"": {""Credit cards"": true, ""Debit cards"": true, ""NFC mobile payments"": true}}",,,TRUE,104193783521863052038,Rapanui,https://www.google.com/maps/contrib/104193783521863052038,"https://www.google.com/maps/place/Rapanui/@-34.6276795,-58.448923699999995,14z/data=!4m8!1m2!2m1!1sRapanui!3m4!1s0x95bcca30602a935f:0x2dd26d3bfbb9050b!8m2!3d-34.6276795!4d-58.448923699999995","https://www.google.com/maps/place/Rapanui/@-34.6276795,-58.448923699999995,13.99z/data=!4m16!1m7!3m6!1s0x95bcca30602a935f:0x2dd26d3bfbb9050b!2sRapanui!8m2!3d-34.6276795!4d-58.448923699999995!16s%2Fg%2F11ckvg1dmb!3m7!1s0x95bcca30602a935f:0x2dd26d3bfbb9050b!8m2!3d-34.6276795!4d-58.448923699999995!9m1!1b1!16s%2Fg%2F11ckvg1dmb?entry=ttu",ChIJX5MqYDDKvJURCwW5-ztt0i0,0x95bcca30602a935f:0x2dd26d3bfbb9050b,3301821581209699595,/g/11b88m40n0,3301821581209699595
" Distribuidora de galletitas, Zona Oeste, CABA, Zona Norte, Zona SUR",MAYORISTAS Once,Mayoristas Once,Mayorista,+54 11 6916-3636,http://www.mayoristasonce.com/,"Jorge Luis Borges 2333, C1425FFG Cdad. Autónoma de Buenos Aires",Jorge Luis Borges 2333,"Palermo, Comuna 14",C1425,Argentina,AR,"-34,583685","-58,4227143",89c2e311833ffff,America/Buenos_Aires,,FALSE,,,,,https://streetviewpixels-pa.googleapis.com/v1/thumbnail?panoid=Wsnl4IfSKIqj52bGmm4SGg&cb_client=search.gws-prod.gps&w=800&h=500&yaw=137.31104&pitch=0&thumbfov=100,https://streetviewpixels-pa.googleapis.com/v1/thumbnail?panoid=Wsnl4IfSKIqj52bGmm4SGg&cb_client=search.gws-prod.gps&w=1600&h=1000&yaw=137.31104&pitch=0&thumbfov=100,,,,OPERATIONAL,,,,,,,,,,,,,,,FALSE,None,MAYORISTAS Once,,"https://www.google.com/maps/place/MAYORISTAS+Once/@-34.583684999999996,-58.422714299999996,14z/data=!4m8!1m2!2m1!1sMAYORISTAS+Once!3m4!1s0x95bcb583f719b0f9:0x36b63fa7b6f54182!8m2!3d-34.583684999999996!4d-58.422714299999996","https://www.google.com/maps/place/MAYORISTAS+Once/@-34.583684999999996,-58.422714299999996,13.99z/data=!4m16!1m7!3m6!1s0x95bcb583f719b0f9:0x36b63fa7b6f54182!2sMAYORISTAS+Once!8m2!3d-34.583684999999996!4d-58.422714299999996!16s%2Fg%2F11ckvg1dmb!3m7!1s0x95bcb583f719b0f9:0x36b63fa7b6f54182!8m2!3d-34.583684999999996!4d-58.422714299999996!9m1!1b1!16s%2Fg%2F11ckvg1dmb?entry=ttu",ChIJ-bAZ94O1vJURgkH1tqc_tjY,0x95bcb583f719b0f9:0x36b63fa7b6f54182,3942408513371062658,/g/11g02tl0lq,None
" Distribuidora de galletitas, Zona Oeste, CABA, Zona Norte, Zona SUR",Potigian,Potigian,Tienda de alimentación,,http://www.potigian.com.ar/,"Av. Juan de Garay 1206, C1153 Cdad. Autónoma de Buenos Aires",Av. Juan de Garay 1206,"Constitución, Buenos Aires, Comuna 1",C1153,Argentina,AR,"-34,6270712","-58,3829798",89c2e311017ffff,America/Buenos_Aires,,FALSE,"4,4",155,https://search.google.com/local/reviews?placeid=ChIJjSAxt-3LvJURUM1mDpw8Axo&q=*&authuser=0&hl=en&gl=AR,,https://lh3.googleusercontent.com/gps-cs-s/AHRPTWlzZTaOaMbO2xnxYvPIuVQF1fCyHwWJ1pjYeh8_PZdEG3pKAmIhh4yHslgv9DAl8T5R09QZhb_patft6GMMRO2RLRt6yza0poO9kRsaHHpAG17h28yo5XYfB7wwj00EE3vyYxqurlLu_8s=w800-h500-k-no,https://lh3.googleusercontent.com/gps-cs-s/AHRPTWlzZTaOaMbO2xnxYvPIuVQF1fCyHwWJ1pjYeh8_PZdEG3pKAmIhh4yHslgv9DAl8T5R09QZhb_patft6GMMRO2RLRt6yza0poO9kRsaHHpAG17h28yo5XYfB7wwj00EE3vyYxqurlLu_8s=w1600-h1000-k-no,https://lh4.googleusercontent.com/-HH8ydmFmlUw/AAAAAAAAAAI/AAAAAAAAAAA/d64Mh6zibx4/s44-p-k-no-ns-nd/photo.jpg,,,CLOSED_TEMPORARILY,,,,,,,,,,,,"{""Service options"": {""Delivery"": true}, ""Payments"": {""Debit cards"": true, ""NFC mobile payments"": true, ""Credit cards"": true}}",,,TRUE,104583686418702691157,Potigian,https://www.google.com/maps/contrib/104583686418702691157,"https://www.google.com/maps/place/Potigian/@-34.627071199999996,-58.382979799999994,14z/data=!4m8!1m2!2m1!1sPotigian!3m4!1s0x95bccbedb731208d:0x1a033c9c0e66cd50!8m2!3d-34.627071199999996!4d-58.382979799999994","https://www.google.com/maps/place/Potigian/@-34.627071199999996,-58.382979799999994,13.99z/data=!4m16!1m7!3m6!1s0x95bccbedb731208d:0x1a033c9c0e66cd50!2sPotigian!8m2!3d-34.627071199999996!4d-58.382979799999994!16s%2Fg%2F11ckvg1dmb!3m7!1s0x95bccbedb731208d:0x1a033c9c0e66cd50!8m2!3d-34.627071199999996!4d-58.382979799999994!9m1!1b1!16s%2Fg%2F11ckvg1dmb?entry=ttu",ChIJjSAxt-3LvJURUM1mDpw8Axo,0x95bccbedb731208d:0x1a033c9c0e66cd50,1874408510870441296,/g/11qjpsg81z,1874408510870441296
" Cotillón, Zona Oeste, CABA, Zona Norte, Zona SUR",Ciudad Cotillón,Ciudad Cotillón,Tienda de artículos de fiesta,+54 11 4954-3333,https://ciudadcotillon4.mitiendanube.com/,"Lavalle 2257, C1051ABI Cdad. Autónoma de Buenos Aires",Lavalle 2257,"Balvanera, Comuna 3",C1051,Argentina,AR,"-34,6031117","-58,3991217",89c2e311e8bffff,America/Buenos_Aires,,FALSE,"4,2",5343,https://search.google.com/local/reviews?placeid=ChIJF1-NRuvKvJURVV4h7AueAmM&q=*&authuser=0&hl=en&gl=AR,,https://lh3.googleusercontent.com/gps-cs-s/AHRPTWkCu9tkobDsc_QZPXpDZOY1EVkG8PgHFVpj_tDcizfL8eT2xTnVhyYmmuqlUm50yOUAsn1uKlZh1wKslo-iFwy5C17t4t2ZQo_t8LjKZKbpZPnczgQbM7sXuy5X63Zi65tR1tsBiA=w800-h500-k-no,https://lh3.googleusercontent.com/gps-cs-s/AHRPTWkCu9tkobDsc_QZPXpDZOY1EVkG8PgHFVpj_tDcizfL8eT2xTnVhyYmmuqlUm50yOUAsn1uKlZh1wKslo-iFwy5C17t4t2ZQo_t8LjKZKbpZPnczgQbM7sXuy5X63Zi65tR1tsBiA=w1600-h1000-k-no,https://lh3.googleusercontent.com/-QS3Chzcw5ns/AAAAAAAAAAI/AAAAAAAAAAA/w_0cP8QxlXQ/s44-p-k-no-ns-nd/photo.jpg,,,OPERATIONAL,"{""Monday"": [""9AM-6:30PM""], ""Tuesday"": [""9AM-6:30PM""], ""Wednesday"": [""9AM-6:30PM""], ""Thursday"": [""9AM-6:30PM""], ""Friday"": [""9AM-6:30PM""], ""Saturday"": [""9AM-2PM""], ""Sunday"": [""Closed""]}","Monday,9AM,6:30PM|Tuesday,9AM,6:30PM|Wednesday,9AM,6:30PM|Thursday,9AM,6:30PM|Friday,9AM,6:30PM|Saturday,9AM,2PM",,,,,,,,,,"{""Service options"": {""Delivery"": true, ""In-store pick-up"": true, ""In-store shopping"": true, ""Same-day delivery"": true}, ""Accessibility"": {""Wheelchair-accessible entrance"": true, ""Wheelchair-accessible car park"": false}, ""Planning"": {""Quick visit"": true}, ""Payments"": {""Credit cards"": true, ""Debit cards"": true, ""NFC mobile payments"": true}}",,,TRUE,115325839088218129950,Ciudad Cotillón,https://www.google.com/maps/contrib/115325839088218129950,"https://www.google.com/maps/place/Ciudad+Cotill%C3%B3n/@-34.6031117,-58.399121699999995,14z/data=!4m8!1m2!2m1!1sCiudad+Cotill%C3%B3n!3m4!1s0x95bccaeb468d5f17:0x63029e0bec215e55!8m2!3d-34.6031117!4d-58.399121699999995","https://www.google.com/maps/place/Ciudad+Cotill%C3%B3n/@-34.6031117,-58.399121699999995,13.99z/data=!4m16!1m7!3m6!1s0x95bccaeb468d5f17:0x63029e0bec215e55!2sCiudad+Cotill%C3%B3n!8m2!3d-34.6031117!4d-58.399121699999995!16s%2Fg%2F11ckvg1dmb!3m7!1s0x95bccaeb468d5f17:0x63029e0bec215e55!8m2!3d-34.6031117!4d-58.399121699999995!9m1!1b1!16s%2Fg%2F11ckvg1dmb?entry=ttu",ChIJF1-NRuvKvJURVV4h7AueAmM,0x95bccaeb468d5f17:0x63029e0bec215e55,7134438533751725653,/g/1wk4f7fh,7134438533751725653
" Cotillón, Zona Oeste, CABA, Zona Norte, Zona SUR",Cotillón Ticoral Express,Cotillón Ticoral Express,Tienda de artículos de fiesta,+54 11 4954-4433,http://www.ticoexpress.com.ar/,"Lavalle 2328, C1052AAB Cdad. Autónoma de Buenos Aires",Lavalle 2328,"Balvanera, Comuna 3",C1052,Argentina,AR,"-34,6035527","-58,3999713",89c2e311e83ffff,America/Buenos_Aires,,FALSE,"4,1",6870,https://search.google.com/local/reviews?placeid=ChIJnbwfWuvKvJURFUy1Q_DioGg&q=*&authuser=0&hl=en&gl=AR,,https://lh3.googleusercontent.com/gps-cs-s/AHRPTWny3U9dMaa_I_LQksvVeyEEoB9-MXCHCqXBThkP0LjG4kyGtUHO3WYE275RvoPcuz1UNDe_a0w-GYPfHDArFD3UqIfkKw3Mt8YUm5mUGppttcLdP_68aCz_YS5KXXFt0vsuc75F=w800-h500-k-no,https://lh3.googleusercontent.com/gps-cs-s/AHRPTWny3U9dMaa_I_LQksvVeyEEoB9-MXCHCqXBThkP0LjG4kyGtUHO3WYE275RvoPcuz1UNDe_a0w-GYPfHDArFD3UqIfkKw3Mt8YUm5mUGppttcLdP_68aCz_YS5KXXFt0vsuc75F=w1600-h1000-k-no,https://lh3.googleusercontent.com/-w0C3uhUgw0M/AAAAAAAAAAI/AAAAAAAAAAA/jw8oUszmXvs/s44-p-k-no-ns-nd/photo.jpg,,,OPERATIONAL,"{""Monday"": [""9AM-6PM""], ""Tuesday"": [""9AM-6PM""], ""Wednesday"": [""9AM-6PM""], ""Thursday"": [""9AM-6PM""], ""Friday"": [""9AM-6PM""], ""Saturday"": [""9:10AM-1:30PM""], ""Sunday"": [""Closed""]}","Monday,9AM,6PM|Tuesday,9AM,6PM|Wednesday,9AM,6PM|Thursday,9AM,6PM|Friday,9AM,6PM|Saturday,9:10AM,1:30PM",,,,,,,,,,"{""Service options"": {""Delivery"": true, ""In-store pick-up"": true, ""Same-day delivery"": true}, ""Accessibility"": {""Wheelchair-accessible entrance"": true, ""Wheelchair-accessible car park"": false}, ""Planning"": {""Quick visit"": true}, ""Payments"": {""Credit cards"": true, ""Debit cards"": true, ""NFC mobile payments"": true}}",,,TRUE,107324507283792505137,Cotillón Ticoral Express,https://www.google.com/maps/contrib/107324507283792505137,"https://www.google.com/maps/place/Cotill%C3%B3n+Ticoral+Express/@-34.6035527,-58.3999713,14z/data=!4m8!1m2!2m1!1sCotill%C3%B3n+Ticoral+Express!3m4!1s0x95bccaeb5a1fbc9d:0x68a0e2f043b54c15!8m2!3d-34.6035527!4d-58.3999713","https://www.google.com/maps/place/Cotill%C3%B3n+Ticoral+Express/@-34.6035527,-58.3999713,13.99z/data=!4m16!1m7!3m6!1s0x95bccaeb5a1fbc9d:0x68a0e2f043b54c15!2sCotill%C3%B3n+Ticoral+Express!8m2!3d-34.6035527!4d-58.3999713!16s%2Fg%2F11ckvg1dmb!3m7!1s0x95bccaeb5a1fbc9d:0x68a0e2f043b54c15!8m2!3d-34.6035527!4d-58.3999713!9m1!1b1!16s%2Fg%2F11ckvg1dmb?entry=ttu",ChIJnbwfWuvKvJURFUy1Q_DioGg,0x95bccaeb5a1fbc9d:0x68a0e2f043b54c15,7539275297774193685,/g/1tg9twmq,7539275297774193685
" Cotillón, Zona Oeste, CABA, Zona Norte, Zona SUR",Patri Mar Cotillon,Patri Mar Cotillon,Tienda de artículos de fiesta,+54 11 3603-9502,http://www.cotifan.com.ar/,"Cnel. Ramón L. Falcón 6967, C1408 DSE, Cdad. Autónoma de Buenos Aires",Cnel. Ramón L. Falcón 6967,Liniers,C1408,Argentina,AR,"-34,6399091","-58,524433",89c2e312d93ffff,America/Buenos_Aires,,FALSE,"4,4",581,https://search.google.com/local/reviews?placeid=ChIJsTm6PUfIvJURv5Q22mDqrh8&q=*&authuser=0&hl=en&gl=AR,,https://lh3.googleusercontent.com/gps-cs-s/AHRPTWl6-wH8PwNoqP2fXA8QLRWFQMOKo9_cTzYCUtbtgKmYCmnub4aTbKFSNQBrAx61U_rJfX51tapbV4fuhAChlrwuUpWenHAygQaExwyNagxYIWKL1faV5wWUHxrBWOCy-x47gvPBbQ=w800-h500-k-no,https://lh3.googleusercontent.com/gps-cs-s/AHRPTWl6-wH8PwNoqP2fXA8QLRWFQMOKo9_cTzYCUtbtgKmYCmnub4aTbKFSNQBrAx61U_rJfX51tapbV4fuhAChlrwuUpWenHAygQaExwyNagxYIWKL1faV5wWUHxrBWOCy-x47gvPBbQ=w1600-h1000-k-no,,,,OPERATIONAL,"{""Monday"": [""9:30AM-6:30PM""], ""Tuesday"": [""9:30AM-6:30PM""], ""Wednesday"": [""9:30AM-6:30PM""], ""Thursday"": [""9:30AM-6:30PM""], ""Friday"": [""9:30AM-6:30PM""], ""Saturday"": [""9:30AM-2PM""], ""Sunday"": [""Closed""]}","Monday,9:30AM,6:30PM|Tuesday,9:30AM,6:30PM|Wednesday,9:30AM,6:30PM|Thursday,9:30AM,6:30PM|Friday,9:30AM,6:30PM|Saturday,9:30AM,2PM",,,,,,,,,,"{""Service options"": {""Delivery"": true, ""In-store pick-up"": true, ""Same-day delivery"": true}, ""Accessibility"": {""Wheelchair-accessible entrance"": true, ""Wheelchair-accessible car park"": false}, ""Planning"": {""Quick visit"": true}, ""Payments"": {""Credit cards"": true, ""Debit cards"": true, ""NFC mobile payments"": true}}",,,FALSE,None,Patri Mar Cotillon,,"https://www.google.com/maps/place/Patri+Mar+Cotillon/@-34.6399091,-58.524432999999995,14z/data=!4m8!1m2!2m1!1sPatri+Mar+Cotillon!3m4!1s0x95bcc8473dba39b1:0x1faeea60da3694bf!8m2!3d-34.6399091!4d-58.524432999999995","https://www.google.com/maps/place/Patri+Mar+Cotillon/@-34.6399091,-58.524432999999995,13.99z/data=!4m16!1m7!3m6!1s0x95bcc8473dba39b1:0x1faeea60da3694bf!2sPatri+Mar+Cotillon!8m2!3d-34.6399091!4d-58.524432999999995!16s%2Fg%2F11ckvg1dmb!3m7!1s0x95bcc8473dba39b1:0x1faeea60da3694bf!8m2!3d-34.6399091!4d-58.524432999999995!9m1!1b1!16s%2Fg%2F11ckvg1dmb?entry=ttu",ChIJsTm6PUfIvJURv5Q22mDqrh8,0x95bcc8473dba39b1:0x1faeea60da3694bf,2283019762822190271,/g/1tdd1wn1,2283019762822190271
" Cotillón, Zona Oeste, CABA, Zona Norte, Zona SUR",The Cotillonero - Cotillion Luminoso,The Cotillonero Cotillion Luminoso,Tienda de artículos de fiesta,+54 11 5253-0273,https://www.elcotillonero.com/,"Aráoz 272, C1414 Cdad. Autónoma de Buenos Aires",Aráoz 272,"Villa Crespo, Comuna 15",C1414,Argentina,AR,"-34,6007899","-58,438654",89c2e311d9bffff,America/Buenos_Aires,,FALSE,"4,7",519,https://search.google.com/local/reviews?placeid=ChIJmW8lvXTKvJURnw9HvHJn3yc&q=*&authuser=0&hl=en&gl=AR,,https://lh3.googleusercontent.com/gps-cs-s/AHRPTWk4UCdOXMMksT0LqStqVHuXdxr8MUxIHoWqYO2HPTyAcol6kRan3ZvP2P1K-QYxiEv9MnbdgGYsijH74NhyrbmTbIKuTDH20zEb1tj3lPcEUbqcsDcWJtL6w5l1HjL_R6a86wAK=w800-h500-k-no,https://lh3.googleusercontent.com/gps-cs-s/AHRPTWk4UCdOXMMksT0LqStqVHuXdxr8MUxIHoWqYO2HPTyAcol6kRan3ZvP2P1K-QYxiEv9MnbdgGYsijH74NhyrbmTbIKuTDH20zEb1tj3lPcEUbqcsDcWJtL6w5l1HjL_R6a86wAK=w1600-h1000-k-no,https://lh3.googleusercontent.com/-cd2tjz8tLjw/AAAAAAAAAAI/AAAAAAAAAAA/6Sj6ZbdtGAA/s44-p-k-no-ns-nd/photo.jpg,,,OPERATIONAL,"{""Monday"": [""10AM-7PM""], ""Tuesday"": [""10AM-7PM""], ""Wednesday"": [""10AM-7PM""], ""Thursday"": [""10AM-7PM""], ""Friday"": [""10AM-7PM""], ""Saturday"": [""10AM-3PM""], ""Sunday"": [""Closed""]}","Monday,10AM,7PM|Tuesday,10AM,7PM|Wednesday,10AM,7PM|Thursday,10AM,7PM|Friday,10AM,7PM|Saturday,10AM,3PM",,,,,,,,,,"{""Service options"": {""Delivery"": true, ""In-store pick-up"": true, ""In-store shopping"": true, ""Same-day delivery"": true}, ""Accessibility"": {""Wheelchair-accessible car park"": false}, ""Planning"": {""Quick visit"": true}, ""Payments"": {""Credit cards"": true, ""Debit cards"": true, ""NFC mobile payments"": true}}",,,TRUE,111072357280602604883,The Cotillonero - Cotillion Luminoso,https://www.google.com/maps/contrib/111072357280602604883,"https://www.google.com/maps/place/The+Cotillonero+-+Cotillion+Luminoso/@-34.600789899999995,-58.438654,14z/data=!4m8!1m2!2m1!1sThe+Cotillonero+-+Cotillion+Luminoso!3m4!1s0x95bcca74bd256f99:0x27df6772bc470f9f!8m2!3d-34.600789899999995!4d-58.438654","https://www.google.com/maps/place/The+Cotillonero+-+Cotillion+Luminoso/@-34.600789899999995,-58.438654,13.99z/data=!4m16!1m7!3m6!1s0x95bcca74bd256f99:0x27df6772bc470f9f!2sThe+Cotillonero+-+Cotillion+Luminoso!8m2!3d-34.600789899999995!4d-58.438654!16s%2Fg%2F11ckvg1dmb!3m7!1s0x95bcca74bd256f99:0x27df6772bc470f9f!8m2!3d-34.600789899999995!4d-58.438654!9m1!1b1!16s%2Fg%2F11ckvg1dmb?entry=ttu",ChIJmW8lvXTKvJURnw9HvHJn3yc,0x95bcca74bd256f99:0x27df6772bc470f9f,2873128829768372127,/g/11c325sm8k,2873128829768372127
" Cotillón, Zona Oeste, CABA, Zona Norte, Zona SUR",Cotillón Sergio,Cotillón Sergio,Tienda de artículos de fiesta,+54 11 5238-0144,http://www.cotillonsergio.com/,"Av. Corrientes 2533, C1046 AAD, Cdad. Autónoma de Buenos Aires",Av. Corrientes 2533,Balvanera,C1046,Argentina,AR,"-34,6045919","-58,402659",89c2e311e97ffff,America/Buenos_Aires,,FALSE,"4,2",2766,https://search.google.com/local/reviews?placeid=ChIJc6Qx3OzKvJURB5qxOR1Eq7M&q=*&authuser=0&hl=en&gl=AR,,https://lh3.googleusercontent.com/gps-cs-s/AHRPTWnuJjSZBJ9tvEiiOTJof7nFS7LnA1mtN01kt-EQxSszTJ9xGSfySPbGa2RL33fEbgm3AtqG8_MDcAlCgSvqZKSwU0E8B5MhJd6fs7k4InuukZCVyi10dq8KfSeOhXvbsYYGFQ8VWg=w800-h500-k-no,https://lh3.googleusercontent.com/gps-cs-s/AHRPTWnuJjSZBJ9tvEiiOTJof7nFS7LnA1mtN01kt-EQxSszTJ9xGSfySPbGa2RL33fEbgm3AtqG8_MDcAlCgSvqZKSwU0E8B5MhJd6fs7k4InuukZCVyi10dq8KfSeOhXvbsYYGFQ8VWg=w1600-h1000-k-no,,,,OPERATIONAL,"{""Monday"": [""9AM-7PM""], ""Tuesday"": [""9AM-7PM""], ""Wednesday"": [""9AM-7PM""], ""Thursday"": [""9AM-7PM""], ""Friday"": [""9AM-7PM""], ""Saturday"": [""9AM-6PM""], ""Sunday"": [""Closed""]}","Monday,9AM,7PM|Tuesday,9AM,7PM|Wednesday,9AM,7PM|Thursday,9AM,7PM|Friday,9AM,7PM|Saturday,9AM,6PM",,,,,,,,,,"{""Service options"": {""Delivery"": true, ""Same-day delivery"": true}, ""Accessibility"": {""Wheelchair-accessible car park"": false}, ""Planning"": {""Quick visit"": true}, ""Payments"": {""Credit cards"": true, ""Debit cards"": true, ""NFC mobile payments"": true}}",,,FALSE,None,Cotillón Sergio,,"https://www.google.com/maps/place/Cotill%C3%B3n+Sergio/@-34.604591899999996,-58.402659,14z/data=!4m8!1m2!2m1!1sCotill%C3%B3n+Sergio!3m4!1s0x95bccaecdc31a473:0xb3ab441d39b19a07!8m2!3d-34.604591899999996!4d-58.402659","https://www.google.com/maps/place/Cotill%C3%B3n+Sergio/@-34.604591899999996,-58.402659,13.99z/data=!4m16!1m7!3m6!1s0x95bccaecdc31a473:0xb3ab441d39b19a07!2sCotill%C3%B3n+Sergio!8m2!3d-34.604591899999996!4d-58.402659!16s%2Fg%2F11ckvg1dmb!3m7!1s0x95bccaecdc31a473:0xb3ab441d39b19a07!8m2!3d-34.604591899999996!4d-58.402659!9m1!1b1!16s%2Fg%2F11ckvg1dmb?entry=ttu",ChIJc6Qx3OzKvJURB5qxOR1Eq7M,0x95bccaecdc31a473:0xb3ab441d39b19a07,12946516446119303687,/g/11b6x6tyqs,-5500227627590247929
" Cotillón, Zona Oeste, CABA, Zona Norte, Zona SUR",Cotillon En Once,Cotillon En Once,Tienda de artículos de fiesta,+54 11 5176-6763,,"Av. Corrientes, C1032 Cdad. Autónoma de Buenos Aires",Av. Corrientes,"Balvanera, Comuna 3",C1032,Argentina,AR,"-34,6043444","-58,4049172",89c2e311e97ffff,America/Buenos_Aires,,FALSE,"4,3",406,https://search.google.com/local/reviews?placeid=ChIJxe1hvLfLvJUR7_aKKMSW1zM&q=*&authuser=0&hl=en&gl=AR,,https://lh3.googleusercontent.com/gps-cs-s/AHRPTWljM3A-ebV7BT0D3xuaVxrk37tZScHnitHtSdGyD16h2oGut1C5sPylo7lT2-_muWDM_KSCcqL0cVBWPJfM0NJU5C0bjtTtwZ4rm75hkpcYZ8PsvQN6fu1fLEkw__umfCeTnNEzTg=w800-h500-k-no,https://lh3.googleusercontent.com/gps-cs-s/AHRPTWljM3A-ebV7BT0D3xuaVxrk37tZScHnitHtSdGyD16h2oGut1C5sPylo7lT2-_muWDM_KSCcqL0cVBWPJfM0NJU5C0bjtTtwZ4rm75hkpcYZ8PsvQN6fu1fLEkw__umfCeTnNEzTg=w1600-h1000-k-no,,,,OPERATIONAL,"{""Monday"": [""9AM-6:30PM""], ""Tuesday"": [""9AM-6:30PM""], ""Wednesday"": [""9AM-6:30PM""], ""Thursday"": [""9AM-6:30PM""], ""Friday"": [""9AM-6:30PM""], ""Saturday"": [""9AM-2PM""], ""Sunday"": [""Closed""]}","Monday,9AM,6:30PM|Tuesday,9AM,6:30PM|Wednesday,9AM,6:30PM|Thursday,9AM,6:30PM|Friday,9AM,6:30PM|Saturday,9AM,2PM",,,,,,,,,,"{""Service options"": {""Same-day delivery"": true}, ""Accessibility"": {""Wheelchair-accessible car park"": false}, ""Planning"": {""Quick visit"": true}, ""Payments"": {""Credit cards"": true, ""Debit cards"": true, ""NFC mobile payments"": true}}",,,FALSE,None,Cotillon En Once,,"https://www.google.com/maps/place/Cotillon+En+Once/@-34.604344399999995,-58.4049172,14z/data=!4m8!1m2!2m1!1sCotillon+En+Once!3m4!1s0x95bccbb7bc61edc5:0x33d796c4288af6ef!8m2!3d-34.604344399999995!4d-58.4049172","https://www.google.com/maps/place/Cotillon+En+Once/@-34.604344399999995,-58.4049172,13.99z/data=!4m16!1m7!3m6!1s0x95bccbb7bc61edc5:0x33d796c4288af6ef!2sCotillon+En+Once!8m2!3d-34.604344399999995!4d-58.4049172!16s%2Fg%2F11ckvg1dmb!3m7!1s0x95bccbb7bc61edc5:0x33d796c4288af6ef!8m2!3d-34.604344399999995!4d-58.4049172!9m1!1b1!16s%2Fg%2F11ckvg1dmb?entry=ttu",ChIJxe1hvLfLvJUR7_aKKMSW1zM,0x95bccbb7bc61edc5:0x33d796c4288af6ef,3735620185165068015,/g/11f9xdxy0s,3735620185165068015
" Cotillón, Zona Oeste, CABA, Zona Norte, Zona SUR",Coty Manía Cotillón & Repostería - Once,Coty Manía Cotillón And Repostería Once,Tienda de artículos de fiesta,+54 45433482,http://www.cotymania.com/,"Lavalle 2345, C1052 Cdad. Autónoma de Buenos Aires",Lavalle 2345,"Balvanera, Comuna 3",C1052,Argentina,AR,"-34,6031774","-58,4002536",89c2e311e83ffff,America/Buenos_Aires,,FALSE,"4,4",801,https://search.google.com/local/reviews?placeid=ChIJq6p6quzKvJURduscNIfb7Kg&q=*&authuser=0&hl=en&gl=AR,,https://lh3.googleusercontent.com/gps-cs-s/AHRPTWlbSnajoEfbgL8maPhl76xcOaRqdmFWMhZyi8Y5zDJ3WTAPVjtDDLa6Df_WLjdMxNcS3-OVXnWYmV_VtGAoW_aZ2pwImbq4CswfujyKlxh8sk_Fw8bz4ALys2_lQLVTkbvFu2b6=w800-h500-k-no,https://lh3.googleusercontent.com/gps-cs-s/AHRPTWlbSnajoEfbgL8maPhl76xcOaRqdmFWMhZyi8Y5zDJ3WTAPVjtDDLa6Df_WLjdMxNcS3-OVXnWYmV_VtGAoW_aZ2pwImbq4CswfujyKlxh8sk_Fw8bz4ALys2_lQLVTkbvFu2b6=w1600-h1000-k-no,https://lh6.googleusercontent.com/-WbLMisEwDZ0/AAAAAAAAAAI/AAAAAAAAAAA/-_4fYHABJ7I/s44-p-k-no-ns-nd/photo.jpg,,,OPERATIONAL,"{""Monday"": [""9AM-6PM""], ""Tuesday"": [""9AM-6PM""], ""Wednesday"": [""9AM-6PM""], ""Thursday"": [""9AM-6PM""], ""Friday"": [""9AM-6PM""], ""Saturday"": [""9AM-3PM""], ""Sunday"": [""Closed""]}","Monday,9AM,6PM|Tuesday,9AM,6PM|Wednesday,9AM,6PM|Thursday,9AM,6PM|Friday,9AM,6PM|Saturday,9AM,3PM",,,,,,,,,,"{""Service options"": {""Delivery"": true, ""In-store shopping"": true, ""Same-day delivery"": true}, ""Accessibility"": {""Wheelchair-accessible entrance"": true, ""Wheelchair-accessible car park"": false}, ""Planning"": {""Quick visit"": true}, ""Payments"": {""Credit cards"": true, ""Debit cards"": true, ""NFC mobile payments"": true}}",,,TRUE,100896880155019272214,Coty Manía Cotillón & Repostería - Once,https://www.google.com/maps/contrib/100896880155019272214,"https://www.google.com/maps/place/Coty+Man%C3%ADa+Cotill%C3%B3n+%26+Reposter%C3%ADa+-+Once/@-34.6031774,-58.4002536,14z/data=!4m8!1m2!2m1!1sCoty+Man%C3%ADa+Cotill%C3%B3n+%26+Reposter%C3%ADa+-+Once!3m4!1s0x95bccaecaa7aaaab:0xa8ecdb87341ceb76!8m2!3d-34.6031774!4d-58.4002536","https://www.google.com/maps/place/Coty+Man%C3%ADa+Cotill%C3%B3n+%26+Reposter%C3%ADa+-+Once/@-34.6031774,-58.4002536,13.99z/data=!4m16!1m7!3m6!1s0x95bccaecaa7aaaab:0xa8ecdb87341ceb76!2sCoty+Man%C3%ADa+Cotill%C3%B3n+%26+Reposter%C3%ADa+-+Once!8m2!3d-34.6031774!4d-58.4002536!16s%2Fg%2F11ckvg1dmb!3m7!1s0x95bccaecaa7aaaab:0xa8ecdb87341ceb76!8m2!3d-34.6031774!4d-58.4002536!9m1!1b1!16s%2Fg%2F11ckvg1dmb?entry=ttu",ChIJq6p6quzKvJURduscNIfb7Kg,0x95bccaecaa7aaaab:0xa8ecdb87341ceb76,12172345266616986486,/g/11ddwy0jg_,-6274398807092565130
" Cotillón, Zona Oeste, CABA, Zona Norte, Zona SUR",Cotillón Fun Days,Cotillón Fun Days,Tienda de artículos de fiesta,+54 11 4806-4668,,"Juncal 2049, C1114 Cdad. Autónoma de Buenos Aires",Juncal 2049,"Barrio Norte, Recoleta, Comuna 2",2049,Argentina,AR,"-34,5930398","-58,3966076",89c2e311e77ffff,America/Buenos_Aires,,FALSE,"4,7",198,https://search.google.com/local/reviews?placeid=ChIJy0ttvZfKvJURYWBFlmzY5LU&q=*&authuser=0&hl=en&gl=AR,,https://lh3.googleusercontent.com/gps-cs-s/AHRPTWlLCt0aW7BcTIJq7wLn3AZ7VWxxlqXDlB7_6P2eobfwCWsQ3Ae7qhiK2GadJQMupd2s1yesKqQ8gxMXDdK1K_XQpxCc35htrR_izd8i7wMk_PqivwmA0932jJmtLptZXB07E48=w800-h500-k-no,https://lh3.googleusercontent.com/gps-cs-s/AHRPTWlLCt0aW7BcTIJq7wLn3AZ7VWxxlqXDlB7_6P2eobfwCWsQ3Ae7qhiK2GadJQMupd2s1yesKqQ8gxMXDdK1K_XQpxCc35htrR_izd8i7wMk_PqivwmA0932jJmtLptZXB07E48=w1600-h1000-k-no,https://lh5.googleusercontent.com/-l7bBvbngtr8/AAAAAAAAAAI/AAAAAAAAAAA/uacnkX5NYdg/s44-p-k-no-ns-nd/photo.jpg,,,OPERATIONAL,"{""Monday"": [""10AM-7:30PM""], ""Tuesday"": [""10AM-7:30PM""], ""Wednesday"": [""10AM-7:30PM""], ""Thursday"": [""10AM-7:30PM""], ""Friday"": [""10AM-7:30PM""], ""Saturday"": [""Closed""], ""Sunday"": [""Closed""]}","Monday,10AM,7:30PM|Tuesday,10AM,7:30PM|Wednesday,10AM,7:30PM|Thursday,10AM,7:30PM|Friday,10AM,7:30PM",,,,,,,,,,"{""Service options"": {""Delivery"": true, ""In-store pick-up"": true, ""In-store shopping"": true, ""Same-day delivery"": true}, ""Accessibility"": {""Wheelchair-accessible car park"": false, ""Wheelchair-accessible entrance"": false}, ""Planning"": {""Quick visit"": true}, ""Payments"": {""Credit cards"": true, ""Debit cards"": true, ""NFC mobile payments"": true}}",,,TRUE,111033382567763059026,Cotillón Fun Days,https://www.google.com/maps/contrib/111033382567763059026,"https://www.google.com/maps/place/Cotill%C3%B3n+Fun+Days/@-34.5930398,-58.396607599999996,14z/data=!4m8!1m2!2m1!1sCotill%C3%B3n+Fun+Days!3m4!1s0x95bcca97bd6d4bcb:0xb5e4d86c96456061!8m2!3d-34.5930398!4d-58.396607599999996","https://www.google.com/maps/place/Cotill%C3%B3n+Fun+Days/@-34.5930398,-58.396607599999996,13.99z/data=!4m16!1m7!3m6!1s0x95bcca97bd6d4bcb:0xb5e4d86c96456061!2sCotill%C3%B3n+Fun+Days!8m2!3d-34.5930398!4d-58.396607599999996!16s%2Fg%2F11ckvg1dmb!3m7!1s0x95bcca97bd6d4bcb:0xb5e4d86c96456061!8m2!3d-34.5930398!4d-58.396607599999996!9m1!1b1!16s%2Fg%2F11ckvg1dmb?entry=ttu",ChIJy0ttvZfKvJURYWBFlmzY5LU,0x95bcca97bd6d4bcb:0xb5e4d86c96456061,13106838776444182625,/g/1tjmfvn3,-5339905297265368991
" Cotillón, Zona Oeste, CABA, Zona Norte, Zona SUR",Planeta Cotillón,Planeta Cotillón,Tienda de artículos de fiesta,,,"Lavalle 2152, C1051ABH Cdad. Autónoma de Buenos Aires",Lavalle 2152,"Balvanera, Comuna 3",C1051,Argentina,AR,"-34,6035114","-58,3975448",89c2e311e8bffff,America/Buenos_Aires,,FALSE,"4,4",112,https://search.google.com/local/reviews?placeid=ChIJE2hwHuvKvJUR3IxazirBXwk&q=*&authuser=0&hl=en&gl=AR,,https://lh3.googleusercontent.com/gps-cs-s/AHRPTWns3cFk7cd0FJsHOv3pER93ny110RIobrseBdDzZX-NIgX1sjFnR6NjtLraBnC8HqeuuNCR9TVUgwitGIwuuDSLYMHXW18JYjS5X8aM2y5r-63zwAj-RC--PLrDlrtsGMOcBlRt=w800-h500-k-no,https://lh3.googleusercontent.com/gps-cs-s/AHRPTWns3cFk7cd0FJsHOv3pER93ny110RIobrseBdDzZX-NIgX1sjFnR6NjtLraBnC8HqeuuNCR9TVUgwitGIwuuDSLYMHXW18JYjS5X8aM2y5r-63zwAj-RC--PLrDlrtsGMOcBlRt=w1600-h1000-k-no,,,,OPERATIONAL,"{""Monday"": [""9AM-6PM""], ""Tuesday"": [""9AM-6PM""], ""Wednesday"": [""9AM-6PM""], ""Thursday"": [""9AM-6PM""], ""Friday"": [""9AM-6PM""], ""Saturday"": [""9AM-2PM""], ""Sunday"": [""Closed""]}","Monday,9AM,6PM|Tuesday,9AM,6PM|Wednesday,9AM,6PM|Thursday,9AM,6PM|Friday,9AM,6PM|Saturday,9AM,2PM",,,,,,,,,,"{""Service options"": {""Delivery"": true, ""Same-day delivery"": true}, ""Accessibility"": {""Wheelchair-accessible car park"": false}, ""Planning"": {""Quick visit"": true}, ""Payments"": {""Credit cards"": true, ""Debit cards"": true, ""NFC mobile payments"": true}}",,,FALSE,None,Planeta Cotillón,,"https://www.google.com/maps/place/Planeta+Cotill%C3%B3n/@-34.603511399999995,-58.3975448,14z/data=!4m8!1m2!2m1!1sPlaneta+Cotill%C3%B3n!3m4!1s0x95bccaeb1e706813:0x95fc12ace5a8cdc!8m2!3d-34.603511399999995!4d-58.3975448","https://www.google.com/maps/place/Planeta+Cotill%C3%B3n/@-34.603511399999995,-58.3975448,13.99z/data=!4m16!1m7!3m6!1s0x95bccaeb1e706813:0x95fc12ace5a8cdc!2sPlaneta+Cotill%C3%B3n!8m2!3d-34.603511399999995!4d-58.3975448!16s%2Fg%2F11ckvg1dmb!3m7!1s0x95bccaeb1e706813:0x95fc12ace5a8cdc!8m2!3d-34.603511399999995!4d-58.3975448!9m1!1b1!16s%2Fg%2F11ckvg1dmb?entry=ttu",ChIJE2hwHuvKvJUR3IxazirBXwk,0x95bccaeb1e706813:0x95fc12ace5a8cdc,675470858723691740,/g/11b6nq3whq,675470858723691740
" Cotillón, Zona Oeste, CABA, Zona Norte, Zona SUR",Cotillon Moments and Co. Party Store,Cotillon Moments And Co Party Store,Tienda de artículos de fiesta,+54 11 5910-5567,https://www.instagram.com/moments_and_company%3Figsh%3DaHJ2MjZ0MGZzczF1,"Estados Unidos 970, C1101AAT Cdad. Autónoma de Buenos Aires",Estados Unidos 970,"Constitución, Buenos Aires, Comuna 1",C1101,Argentina,AR,"-34,6186361","-58,3796942",89c2e311393ffff,America/Buenos_Aires,,FALSE,"4,8",16,https://search.google.com/local/reviews?placeid=ChIJbavMFD3LvJUR3_4B28xMMwc&q=*&authuser=0&hl=en&gl=AR,,https://lh3.googleusercontent.com/gps-cs-s/AHRPTWndk0JNrvCUIIUQcv6PjCMIYDmgdvQNDK_SBperNQYXXqB0HgNCji72MP7fCHc2-_252uuBXAB9XKNHaN2ertUK9p2WnmvFdarIvcbEk-1TfVJDvU7Z74qyPKqfIf-WTE0lah_I9If1tHYA=w800-h500-k-no,https://lh3.googleusercontent.com/gps-cs-s/AHRPTWndk0JNrvCUIIUQcv6PjCMIYDmgdvQNDK_SBperNQYXXqB0HgNCji72MP7fCHc2-_252uuBXAB9XKNHaN2ertUK9p2WnmvFdarIvcbEk-1TfVJDvU7Z74qyPKqfIf-WTE0lah_I9If1tHYA=w1600-h1000-k-no,https://lh5.googleusercontent.com/-0-YusI9xl9E/AAAAAAAAAAI/AAAAAAAAAAA/LdaeRMVR1dU/s44-p-k-no-ns-nd/photo.jpg,,,OPERATIONAL,"{""Monday"": [""10AM-7:30PM""], ""Tuesday"": [""10AM-7:30PM""], ""Wednesday"": [""10AM-7:30PM""], ""Thursday"": [""10AM-7:30PM""], ""Friday"": [""10AM-7:30PM""], ""Saturday"": [""11AM-3PM""], ""Sunday"": [""Closed""]}","Monday,10AM,7:30PM|Tuesday,10AM,7:30PM|Wednesday,10AM,7:30PM|Thursday,10AM,7:30PM|Friday,10AM,7:30PM|Saturday,11AM,3PM",,,,,,,,,,"{""From the business"": {""Identifies as women-owned"": true}, ""Service options"": {""On-site services"": true}, ""Planning"": {""Quick visit"": true}, ""Payments"": {""Credit cards"": true, ""Debit cards"": true, ""NFC mobile payments"": true}, ""Other"": {""Identifies as women-owned"": true}}",,,TRUE,111707551857954703163,Cotillon Moments and Co. Party Store,https://www.google.com/maps/contrib/111707551857954703163,"https://www.google.com/maps/place/Cotillon+Moments+and+Co.+Party+Store/@-34.618636099999996,-58.379694199999996,14z/data=!4m8!1m2!2m1!1sCotillon+Moments+and+Co.+Party+Store!3m4!1s0x95bccb3d14ccab6d:0x7334cccdb01fedf!8m2!3d-34.618636099999996!4d-58.379694199999996","https://www.google.com/maps/place/Cotillon+Moments+and+Co.+Party+Store/@-34.618636099999996,-58.379694199999996,13.99z/data=!4m16!1m7!3m6!1s0x95bccb3d14ccab6d:0x7334cccdb01fedf!2sCotillon+Moments+and+Co.+Party+Store!8m2!3d-34.618636099999996!4d-58.379694199999996!16s%2Fg%2F11ckvg1dmb!3m7!1s0x95bccb3d14ccab6d:0x7334cccdb01fedf!8m2!3d-34.618636099999996!4d-58.379694199999996!9m1!1b1!16s%2Fg%2F11ckvg1dmb?entry=ttu",ChIJbavMFD3LvJUR3_4B28xMMwc,0x95bccb3d14ccab6d:0x7334cccdb01fedf,518842824809119455,/g/11yvpc01lr,518842824809119455
" Cotillón, Zona Oeste, CABA, Zona Norte, Zona SUR",Cotillón Disfraz Cabezón,Cotillón Disfraz Cabezón,Tienda de disfraces,+54 11 4989-7969,http://www.disfrazcabezon.com.ar/,"Av. Rivadavia 3314, C1177 Cdad. Autónoma de Buenos Aires",Av. Rivadavia 3314,"Balvanera, Comuna 3",C1177,Argentina,AR,"-34,6108169","-58,41332",89c2e311cc3ffff,America/Buenos_Aires,,FALSE,"4,7",638,https://search.google.com/local/reviews?placeid=ChIJS7DHjj3KvJURGUymDvR0_PE&q=*&authuser=0&hl=en&gl=AR,,https://lh3.googleusercontent.com/gps-cs-s/AHRPTWl0tzseQUQhsdSHLdmi6PC2YSbW0KBUezpTz4pjkr_g6bs_r1jbrBM95xOayaahUHflH5dOQi63iFWHXzOh_c5hs3y4swXV5HX--NDwG0nm4fdndJYimmgI14_rv7BkiNsv4qqA=w800-h500-k-no,https://lh3.googleusercontent.com/gps-cs-s/AHRPTWl0tzseQUQhsdSHLdmi6PC2YSbW0KBUezpTz4pjkr_g6bs_r1jbrBM95xOayaahUHflH5dOQi63iFWHXzOh_c5hs3y4swXV5HX--NDwG0nm4fdndJYimmgI14_rv7BkiNsv4qqA=w1600-h1000-k-no,https://lh5.googleusercontent.com/-f8B_a7P1gIY/AAAAAAAAAAI/AAAAAAAAAAA/S1VQGx28xdg/s44-p-k-no-ns-nd/photo.jpg,,,OPERATIONAL,"{""Monday"": [""10AM-2PM"", ""4-8PM""], ""Tuesday"": [""10AM-2PM"", ""4-8PM""], ""Wednesday"": [""10AM-2PM"", ""4-8PM""], ""Thursday"": [""10AM-2PM"", ""4-8PM""], ""Friday"": [""10AM-2PM"", ""4-8PM""], ""Saturday"": [""10AM-5PM""], ""Sunday"": [""Closed""]}","Monday,10AM,2PM|Monday,4,8PM|Tuesday,10AM,2PM|Tuesday,4,8PM|Wednesday,10AM,2PM|Wednesday,4,8PM|Thursday,10AM,2PM|Thursday,4,8PM|Friday,10AM,2PM|Friday,4,8PM|Saturday,10AM,5PM",,,,,,,https://api.whatsapp.com/send?phone=541149897969&text=Info,,https://api.whatsapp.com/send?phone=541149897969&text=Info,"{""From the business"": {""Identifies as women-owned"": true}, ""Service options"": {""Delivery"": true, ""In-store pick-up"": true, ""In-store shopping"": true}, ""Accessibility"": {""Wheelchair-accessible seating"": true, ""Wheelchair-accessible toilet"": true, ""Wheelchair-accessible car park"": false}, ""Amenities"": {""Toilet"": true, ""Wi-Fi"": true}, ""Crowd"": {""LGBTQ+ friendly"": true, ""Transgender safe space"": true}, ""Planning"": {""Quick visit"": true}, ""Payments"": {""Credit cards"": true, ""Debit cards"": true, ""NFC mobile payments"": true}, ""Other"": {""LGBTQ+ friendly"": true, ""Identifies as women-owned"": true}}",,,TRUE,113269921190517344257,Cotillón Disfraz Cabezón,https://www.google.com/maps/contrib/113269921190517344257,"https://www.google.com/maps/place/Cotill%C3%B3n+Disfraz+Cabez%C3%B3n/@-34.610816899999996,-58.41332,14z/data=!4m8!1m2!2m1!1sCotill%C3%B3n+Disfraz+Cabez%C3%B3n!3m4!1s0x95bcca3d8ec7b04b:0xf1fc74f40ea64c19!8m2!3d-34.610816899999996!4d-58.41332","https://www.google.com/maps/place/Cotill%C3%B3n+Disfraz+Cabez%C3%B3n/@-34.610816899999996,-58.41332,13.99z/data=!4m16!1m7!3m6!1s0x95bcca3d8ec7b04b:0xf1fc74f40ea64c19!2sCotill%C3%B3n+Disfraz+Cabez%C3%B3n!8m2!3d-34.610816899999996!4d-58.41332!16s%2Fg%2F11ckvg1dmb!3m7!1s0x95bcca3d8ec7b04b:0xf1fc74f40ea64c19!8m2!3d-34.610816899999996!4d-58.41332!9m1!1b1!16s%2Fg%2F11ckvg1dmb?entry=ttu",ChIJS7DHjj3KvJURGUymDvR0_PE,0x95bcca3d8ec7b04b:0xf1fc74f40ea64c19,17436940448838339609,/g/12cpc3frs,-1009803624871212007
" Cotillón, Zona Oeste, CABA, Zona Norte, Zona SUR",FIREFLY LIGHT COTILLON,Firefly Light Cotillon,Tienda de artículos de fiesta,+54 11 6177-3799,https://www.instagram.com/cotillonluminosofirefly,"Pieres 1294, C1440BZR Cdad. Autónoma de Buenos Aires",Pieres 1294,"Mataderos, Comuna 9",C1440,Argentina,AR,"-34,6519155","-58,5033038",89c2e38d267ffff,America/Buenos_Aires,,FALSE,"4,5",85,https://search.google.com/local/reviews?placeid=ChIJSZnwn6zJvJURqmtHWnmJ-sg&q=*&authuser=0&hl=en&gl=AR,,https://lh3.googleusercontent.com/gps-cs-s/AHRPTWmCQ1wxd8PdNaWRAeOvimb6DlDVHSejmgYLHVTZGqucmI2vUvKz3Glu15fNeh9Wj0ZeoFofGtYDQOM1hPwP4KF-CeEEYZ-GtDXzh8PRW7s3kuuW4x0wAwKhdwMzrfyUm23AvZHSiQ=w800-h500-k-no,https://lh3.googleusercontent.com/gps-cs-s/AHRPTWmCQ1wxd8PdNaWRAeOvimb6DlDVHSejmgYLHVTZGqucmI2vUvKz3Glu15fNeh9Wj0ZeoFofGtYDQOM1hPwP4KF-CeEEYZ-GtDXzh8PRW7s3kuuW4x0wAwKhdwMzrfyUm23AvZHSiQ=w1600-h1000-k-no,https://lh3.googleusercontent.com/-1V8JHZtQHzs/AAAAAAAAAAI/AAAAAAAAAAA/Wnv8APbKGCY/s44-p-k-no-ns-nd/photo.jpg,,,OPERATIONAL,"{""Monday"": [""10AM-1:30PM"", ""4-8PM""], ""Tuesday"": [""10AM-1:30PM"", ""4-8PM""], ""Wednesday"": [""10AM-1:30PM"", ""4-8PM""], ""Thursday"": [""10AM-1:30PM"", ""4-8PM""], ""Friday"": [""10AM-1:30PM"", ""4-8PM""], ""Saturday"": [""10AM-1PM"", ""4-8PM""], ""Sunday"": [""Closed""]}","Monday,10AM,1:30PM|Monday,4,8PM|Tuesday,10AM,1:30PM|Tuesday,4,8PM|Wednesday,10AM,1:30PM|Wednesday,4,8PM|Thursday,10AM,1:30PM|Thursday,4,8PM|Friday,10AM,1:30PM|Friday,4,8PM|Saturday,10AM,1PM|Saturday,4,8PM",,,,,,,,,,"{""Service options"": {""White glove service"": true, ""In-store pick-up"": true, ""In-store shopping"": true, ""On-site services"": true, ""Same-day delivery"": true}, ""Accessibility"": {""Wheelchair-accessible entrance"": true, ""Wheelchair-accessible seating"": true, ""Wheelchair-accessible car park"": false}, ""Offerings"": {""Assembly service"": true}, ""Amenities"": {""Wi-Fi"": true}, ""Planning"": {""Quick visit"": true}, ""Payments"": {""Credit cards"": true, ""Debit cards"": true, ""NFC mobile payments"": true}}",,,TRUE,118064599485585949461,FIREFLY LIGHT COTILLON,https://www.google.com/maps/contrib/118064599485585949461,"https://www.google.com/maps/place/FIREFLY+LIGHT+COTILLON/@-34.6519155,-58.5033038,14z/data=!4m8!1m2!2m1!1sFIREFLY+LIGHT+COTILLON!3m4!1s0x95bcc9ac9ff09949:0xc8fa89795a476baa!8m2!3d-34.6519155!4d-58.5033038","https://www.google.com/maps/place/FIREFLY+LIGHT+COTILLON/@-34.6519155,-58.5033038,13.99z/data=!4m16!1m7!3m6!1s0x95bcc9ac9ff09949:0xc8fa89795a476baa!2sFIREFLY+LIGHT+COTILLON!8m2!3d-34.6519155!4d-58.5033038!16s%2Fg%2F11ckvg1dmb!3m7!1s0x95bcc9ac9ff09949:0xc8fa89795a476baa!8m2!3d-34.6519155!4d-58.5033038!9m1!1b1!16s%2Fg%2F11ckvg1dmb?entry=ttu",ChIJSZnwn6zJvJURqmtHWnmJ-sg,0x95bcc9ac9ff09949:0xc8fa89795a476baa,14482038706061929386,/g/11b6tzbvsn,-3964705367647622230
" Cotillón, Zona Oeste, CABA, Zona Norte, Zona SUR",Cotillón Serlau (tienda y ambientaciónes),Cotillón Serlau Tienda Y Ambientaciónes,Tienda de artículos de fiesta,+54 11 2682-5215,,"Francisco Bilbao 3305, C1406 Cdad. Autónoma de Buenos Aires",Francisco Bilbao 3305,"Flores, Comuna 7",C1406,Argentina,AR,"-34,6406965","-58,4685313",89c2e31232fffff,America/Buenos_Aires,,FALSE,"4,6",162,https://search.google.com/local/reviews?placeid=ChIJF4kk4fXJvJUR3vrsh2O97RM&q=*&authuser=0&hl=en&gl=AR,,https://lh3.googleusercontent.com/gps-cs-s/AHRPTWmF9N7uj-O5gZ04BxkyvBQN6L18gN7wuMAbYL1l0OX79KuVSr_HCQc50UGUniUkJV1-cmdcgwMoT0hUT9eXoJNm1-XFBmRoj-BgN8yMivkUHG9hsXDXdGZI7E9XTEE0Lin8Qg9L=w800-h500-k-no,https://lh3.googleusercontent.com/gps-cs-s/AHRPTWmF9N7uj-O5gZ04BxkyvBQN6L18gN7wuMAbYL1l0OX79KuVSr_HCQc50UGUniUkJV1-cmdcgwMoT0hUT9eXoJNm1-XFBmRoj-BgN8yMivkUHG9hsXDXdGZI7E9XTEE0Lin8Qg9L=w1600-h1000-k-no,https://lh4.googleusercontent.com/-wzbXVJE6RUE/AAAAAAAAAAI/AAAAAAAAAAA/BZdTqDggrek/s44-p-k-no-ns-nd/photo.jpg,,,OPERATIONAL,"{""Monday"": [""10AM-8PM""], ""Tuesday"": [""10AM-8PM""], ""Wednesday"": [""10AM-8PM""], ""Thursday"": [""10AM-8PM""], ""Friday"": [""10AM-8PM""], ""Saturday"": [""10AM-8PM""], ""Sunday"": [""Closed""]}","Monday,10AM,8PM|Tuesday,10AM,8PM|Wednesday,10AM,8PM|Thursday,10AM,8PM|Friday,10AM,8PM|Saturday,10AM,8PM",,,,,,,,,,"{""Service options"": {""Delivery"": true, ""Same-day delivery"": true}, ""Accessibility"": {""Wheelchair-accessible car park"": false}, ""Planning"": {""Quick visit"": true}, ""Payments"": {""Credit cards"": true, ""Debit cards"": true, ""NFC mobile payments"": true}}",,,TRUE,115237559088092539392,Cotillón Serlau,https://www.google.com/maps/contrib/115237559088092539392,"https://www.google.com/maps/place/Cotill%C3%B3n+Serlau+%28tienda+y+ambientaci%C3%B3nes%29/@-34.6406965,-58.468531299999995,14z/data=!4m8!1m2!2m1!1sCotill%C3%B3n+Serlau+%28tienda+y+ambientaci%C3%B3nes%29!3m4!1s0x95bcc9f5e1248917:0x13edbd6387ecfade!8m2!3d-34.6406965!4d-58.468531299999995","https://www.google.com/maps/place/Cotill%C3%B3n+Serlau+%28tienda+y+ambientaci%C3%B3nes%29/@-34.6406965,-58.468531299999995,13.99z/data=!4m16!1m7!3m6!1s0x95bcc9f5e1248917:0x13edbd6387ecfade!2sCotill%C3%B3n+Serlau+%28tienda+y+ambientaci%C3%B3nes%29!8m2!3d-34.6406965!4d-58.468531299999995!16s%2Fg%2F11ckvg1dmb!3m7!1s0x95bcc9f5e1248917:0x13edbd6387ecfade!8m2!3d-34.6406965!4d-58.468531299999995!9m1!1b1!16s%2Fg%2F11ckvg1dmb?entry=ttu",ChIJF4kk4fXJvJUR3vrsh2O97RM,0x95bcc9f5e1248917:0x13edbd6387ecfade,1436012091380923102,/g/11j02lfccc,1436012091380923102
" Cotillón, Zona Oeste, CABA, Zona Norte, Zona SUR",Macanitas Cotillón,Macanitas Cotillón,Comercio,+54 11 6913-1267,https://www.facebook.com/Mi-porcelana-102552948129819/,"Aráoz 2737, C1425 C1425DGQ, Cdad. Autónoma de Buenos Aires",Aráoz 2737,Palermo,C1425,Argentina,AR,"-34,5845949","-58,413139",89c2e311847ffff,America/Buenos_Aires,,FALSE,"4,9",31,https://search.google.com/local/reviews?placeid=ChIJOXL5T0i1vJUR4Eh2BJObfBM&q=*&authuser=0&hl=en&gl=AR,,https://lh3.googleusercontent.com/gps-cs-s/AHRPTWkiFiSgEpDFhbqcDRPHSZduqkgtuQXMNZYUE-Mwqlc11IwNRg5tUy-QPrIjUlkxeQB6xpFYftBGRRw7QPM-clsUNSLbpQsAW9L3vWnd4DgZMw2HBG0TENcFsiyulnXZhvKbOg-ZFA=w800-h500-k-no,https://lh3.googleusercontent.com/gps-cs-s/AHRPTWkiFiSgEpDFhbqcDRPHSZduqkgtuQXMNZYUE-Mwqlc11IwNRg5tUy-QPrIjUlkxeQB6xpFYftBGRRw7QPM-clsUNSLbpQsAW9L3vWnd4DgZMw2HBG0TENcFsiyulnXZhvKbOg-ZFA=w1600-h1000-k-no,https://lh6.googleusercontent.com/-FvERf2bW79A/AAAAAAAAAAI/AAAAAAAAAAA/uhebrFKBEC4/s44-p-k-no-ns-nd/photo.jpg,,,OPERATIONAL,"{""Monday"": [""10AM-7PM""], ""Tuesday"": [""10AM-7PM""], ""Wednesday"": [""10AM-7PM""], ""Thursday"": [""10AM-7PM""], ""Friday"": [""10AM-7PM""], ""Saturday"": [""10AM-2PM""], ""Sunday"": [""Closed""]}","Monday,10AM,7PM|Tuesday,10AM,7PM|Wednesday,10AM,7PM|Thursday,10AM,7PM|Friday,10AM,7PM|Saturday,10AM,2PM",,,,,,,,,,"{""Service options"": {""Delivery"": true}, ""Accessibility"": {""Wheelchair-accessible car park"": false}, ""Planning"": {""Quick visit"": true}, ""Payments"": {""Credit cards"": true, ""Debit cards"": true, ""NFC mobile payments"": true}}",,,TRUE,105104759185376172211,Macanitas Cotillón,https://www.google.com/maps/contrib/105104759185376172211,"https://www.google.com/maps/place/Macanitas+Cotill%C3%B3n/@-34.5845949,-58.413138999999994,14z/data=!4m8!1m2!2m1!1sMacanitas+Cotill%C3%B3n!3m4!1s0x95bcb5484ff97239:0x137c9b93047648e0!8m2!3d-34.5845949!4d-58.413138999999994","https://www.google.com/maps/place/Macanitas+Cotill%C3%B3n/@-34.5845949,-58.413138999999994,13.99z/data=!4m16!1m7!3m6!1s0x95bcb5484ff97239:0x137c9b93047648e0!2sMacanitas+Cotill%C3%B3n!8m2!3d-34.5845949!4d-58.413138999999994!16s%2Fg%2F11ckvg1dmb!3m7!1s0x95bcb5484ff97239:0x137c9b93047648e0!8m2!3d-34.5845949!4d-58.413138999999994!9m1!1b1!16s%2Fg%2F11ckvg1dmb?entry=ttu",ChIJOXL5T0i1vJUR4Eh2BJObfBM,0x95bcb5484ff97239:0x137c9b93047648e0,1404168239570110688,/g/11pxc5q_yf,1404168239570110688
" Cotillón, Zona Oeste, CABA, Zona Norte, Zona SUR",Halloween Cotillón,Halloween Cotillón,Tienda de artículos de fiesta,+54 11 4684-0479,,"Av. Directorio 4549, C1407 Cdad. Autónoma de Buenos Aires",Av. Directorio 4549,"Parque Avellaneda, Comuna 9",C1407,Argentina,AR,"-34,646853","-58,4866697",89c2e31212fffff,America/Buenos_Aires,,FALSE,"4,6",214,https://search.google.com/local/reviews?placeid=ChIJocH99Z_JvJURmoA2vJ7c03M&q=*&authuser=0&hl=en&gl=AR,,https://lh3.googleusercontent.com/gps-cs-s/AHRPTWkKUTI1qP6nzxD0kdz96W0dTtcLJV7hieffBerPT-8CyPcKwtmAGglKjIwSFqjwvcHGwQefLt_7yi6NEl3qBtBqNwgK5CedSakRMh5mQruDtsZRybWMAkUZZHjpa5A2iKJY2Tw=w800-h500-k-no,https://lh3.googleusercontent.com/gps-cs-s/AHRPTWkKUTI1qP6nzxD0kdz96W0dTtcLJV7hieffBerPT-8CyPcKwtmAGglKjIwSFqjwvcHGwQefLt_7yi6NEl3qBtBqNwgK5CedSakRMh5mQruDtsZRybWMAkUZZHjpa5A2iKJY2Tw=w1600-h1000-k-no,https://lh4.googleusercontent.com/-0fy1BOvZ0ew/AAAAAAAAAAI/AAAAAAAAAAA/dMYov-7uEyo/s44-p-k-no-ns-nd/photo.jpg,,,OPERATIONAL,"{""Monday"": [""10AM-1PM"", ""4:30-8PM""], ""Tuesday"": [""10AM-1PM"", ""4:30-8PM""], ""Wednesday"": [""10AM-1PM"", ""4:30-8PM""], ""Thursday"": [""10AM-1PM"", ""4:30-8PM""], ""Friday"": [""10AM-1PM"", ""4:30-8PM""], ""Saturday"": [""10AM-1PM"", ""5-8PM""], ""Sunday"": [""Closed""]}","Monday,10AM,1PM|Monday,4:30,8PM|Tuesday,10AM,1PM|Tuesday,4:30,8PM|Wednesday,10AM,1PM|Wednesday,4:30,8PM|Thursday,10AM,1PM|Thursday,4:30,8PM|Friday,10AM,1PM|Friday,4:30,8PM|Saturday,10AM,1PM|Saturday,5,8PM",,,,,,,,,,"{""Service options"": {""Delivery"": true, ""In-store pick-up"": true, ""In-store shopping"": true, ""Same-day delivery"": true}, ""Accessibility"": {""Wheelchair-accessible entrance"": true, ""Wheelchair-accessible car park"": false}, ""Planning"": {""Quick visit"": true}, ""Payments"": {""Credit cards"": true, ""Debit cards"": true, ""NFC mobile payments"": true}}",,,TRUE,109687265191862859800,Halloween Cotillón,https://www.google.com/maps/contrib/109687265191862859800,"https://www.google.com/maps/place/Halloween+Cotill%C3%B3n/@-34.646853,-58.4866697,14z/data=!4m8!1m2!2m1!1sHalloween+Cotill%C3%B3n!3m4!1s0x95bcc99ff5fdc1a1:0x73d3dc9ebc36809a!8m2!3d-34.646853!4d-58.4866697","https://www.google.com/maps/place/Halloween+Cotill%C3%B3n/@-34.646853,-58.4866697,13.99z/data=!4m16!1m7!3m6!1s0x95bcc99ff5fdc1a1:0x73d3dc9ebc36809a!2sHalloween+Cotill%C3%B3n!8m2!3d-34.646853!4d-58.4866697!16s%2Fg%2F11ckvg1dmb!3m7!1s0x95bcc99ff5fdc1a1:0x73d3dc9ebc36809a!8m2!3d-34.646853!4d-58.4866697!9m1!1b1!16s%2Fg%2F11ckvg1dmb?entry=ttu",ChIJocH99Z_JvJURmoA2vJ7c03M,0x95bcc99ff5fdc1a1:0x73d3dc9ebc36809a,8346257108768293018,/g/1tj97ls8,8346257108768293018
" Cotillón, Zona Oeste, CABA, Zona Norte, Zona SUR",Cotillón y papelera Party Boutique,Cotillón Y Papelera Party Boutique,Tienda de artículos de fiesta,+54 11 5137-1619,,"Camacuá 33, C1406DOA Cdad. Autónoma de Buenos Aires",Camacuá 33,"Flores, Comuna 7",C1406,Argentina,AR,"-34,6280091","-58,4587165",89c2e310573ffff,America/Buenos_Aires,,FALSE,"4,4",40,https://search.google.com/local/reviews?placeid=ChIJF-HxaSbKvJURRv9WqF3-v-g&q=*&authuser=0&hl=en&gl=AR,,https://lh3.googleusercontent.com/gps-cs-s/AHRPTWlJIkeCPhAFfxN9cQmN2FW9mOcBCrhE85taSUww8iBn2tU1yAhov1-EY4zwrgzVRIsmqjB79m5_1_CAVCzRZl3TdbE-Jx8s6yoyUN48GOSXYfBHoSEJKvMiPXSvBDWJba7w94FbSA=w800-h500-k-no,https://lh3.googleusercontent.com/gps-cs-s/AHRPTWlJIkeCPhAFfxN9cQmN2FW9mOcBCrhE85taSUww8iBn2tU1yAhov1-EY4zwrgzVRIsmqjB79m5_1_CAVCzRZl3TdbE-Jx8s6yoyUN48GOSXYfBHoSEJKvMiPXSvBDWJba7w94FbSA=w1600-h1000-k-no,https://lh3.googleusercontent.com/-h7fz9tBGHqo/AAAAAAAAAAI/AAAAAAAAAAA/72vfhIJdFYI/s44-p-k-no-ns-nd/photo.jpg,,,OPERATIONAL,"{""Monday"": [""10AM-2PM"", ""4-8PM""], ""Tuesday"": [""10AM-2PM"", ""4-8PM""], ""Wednesday"": [""10AM-2PM"", ""4-8PM""], ""Thursday"": [""10AM-2PM"", ""4-8PM""], ""Friday"": [""10AM-2PM"", ""4-8PM""], ""Saturday"": [""10AM-7PM""], ""Sunday"": [""Closed""]}","Monday,10AM,2PM|Monday,4,8PM|Tuesday,10AM,2PM|Tuesday,4,8PM|Wednesday,10AM,2PM|Wednesday,4,8PM|Thursday,10AM,2PM|Thursday,4,8PM|Friday,10AM,2PM|Friday,4,8PM|Saturday,10AM,7PM",,,,,,,,,,"{""Service options"": {""In-store shopping"": true, ""Same-day delivery"": true}, ""Accessibility"": {""Wheelchair-accessible car park"": false}, ""Planning"": {""Quick visit"": true}, ""Payments"": {""Debit cards"": true, ""NFC mobile payments"": true}}",,,TRUE,102780935196001851921,Cotillón y papelera Party Boutique,https://www.google.com/maps/contrib/102780935196001851921,"https://www.google.com/maps/place/Cotill%C3%B3n+y+papelera+Party+Boutique/@-34.6280091,-58.458716499999994,14z/data=!4m8!1m2!2m1!1sCotill%C3%B3n+y+papelera+Party+Boutique!3m4!1s0x95bcca2669f1e117:0xe8bffe5da856ff46!8m2!3d-34.6280091!4d-58.458716499999994","https://www.google.com/maps/place/Cotill%C3%B3n+y+papelera+Party+Boutique/@-34.6280091,-58.458716499999994,13.99z/data=!4m16!1m7!3m6!1s0x95bcca2669f1e117:0xe8bffe5da856ff46!2sCotill%C3%B3n+y+papelera+Party+Boutique!8m2!3d-34.6280091!4d-58.458716499999994!16s%2Fg%2F11ckvg1dmb!3m7!1s0x95bcca2669f1e117:0xe8bffe5da856ff46!8m2!3d-34.6280091!4d-58.458716499999994!9m1!1b1!16s%2Fg%2F11ckvg1dmb?entry=ttu",ChIJF-HxaSbKvJURRv9WqF3-v-g,0x95bcca2669f1e117:0xe8bffe5da856ff46,16771403215560703814,/g/1tkr0g8l,-1675340858148847802
" Cotillón, Zona Oeste, CABA, Zona Norte, Zona SUR",Cotillion Party Express,Cotillion Party Express,Tienda de artículos de fiesta,+54 11 4992-6546,http://cotillonpartyexpres.com.ar/,"Gral. Fernández de la Cruz 6629, C1439HSC Cdad. Autónoma de Buenos Aires",Gral. Fernández de la Cruz 6629,"Villa Riachuelo, Comuna 8",C1439,Argentina,AR,"-34,6883133","-58,476389",89c2e388b43ffff,America/Buenos_Aires,,FALSE,"4,5",174,https://search.google.com/local/reviews?placeid=ChIJVVTUNrLOvJURLhPHxrV91y0&q=*&authuser=0&hl=en&gl=AR,,https://lh3.googleusercontent.com/gps-cs-s/AHRPTWmD7Fue3Ac8wF18hyycbnDAGSBA1GJg9RlNGG06dRXoxX3xFUlWjuhteXbYoL9_7SsHgangCpl1LH9iqyLhAQUZQXYC_M26DRn1CS8KMsDvlQJOytS2HGUzyInPoIP5Tphpi7or=w800-h500-k-no,https://lh3.googleusercontent.com/gps-cs-s/AHRPTWmD7Fue3Ac8wF18hyycbnDAGSBA1GJg9RlNGG06dRXoxX3xFUlWjuhteXbYoL9_7SsHgangCpl1LH9iqyLhAQUZQXYC_M26DRn1CS8KMsDvlQJOytS2HGUzyInPoIP5Tphpi7or=w1600-h1000-k-no,https://lh3.googleusercontent.com/-1kg_fWHJ3-U/AAAAAAAAAAI/AAAAAAAAAAA/Z-nWxwbNP8k/s44-p-k-no-ns-nd/photo.jpg,,,OPERATIONAL,"{""Monday"": [""10AM-1PM"", ""4-8PM""], ""Tuesday"": [""10AM-1PM"", ""4-8PM""], ""Wednesday"": [""10AM-1PM"", ""4-8PM""], ""Thursday"": [""10AM-1PM"", ""4-8PM""], ""Friday"": [""10AM-1PM"", ""4-8PM""], ""Saturday"": [""10AM-1PM"", ""4-8PM""], ""Sunday"": [""Closed""]}","Monday,10AM,1PM|Monday,4,8PM|Tuesday,10AM,1PM|Tuesday,4,8PM|Wednesday,10AM,1PM|Wednesday,4,8PM|Thursday,10AM,1PM|Thursday,4,8PM|Friday,10AM,1PM|Friday,4,8PM|Saturday,10AM,1PM|Saturday,4,8PM",,,,,,,,,,"{""Service options"": {""Delivery"": true, ""Same-day delivery"": true}, ""Accessibility"": {""Wheelchair-accessible entrance"": false}, ""Planning"": {""Quick visit"": true}, ""Payments"": {""Credit cards"": true, ""Debit cards"": true, ""NFC mobile payments"": true}}",,,TRUE,113659119941001505311,Cotillion Party Express,https://www.google.com/maps/contrib/113659119941001505311,"https://www.google.com/maps/place/Cotillion+Party+Express/@-34.6883133,-58.476389,14z/data=!4m8!1m2!2m1!1sCotillion+Party+Express!3m4!1s0x95bcceb236d45455:0x2dd77db5c6c7132e!8m2!3d-34.6883133!4d-58.476389","https://www.google.com/maps/place/Cotillion+Party+Express/@-34.6883133,-58.476389,13.99z/data=!4m16!1m7!3m6!1s0x95bcceb236d45455:0x2dd77db5c6c7132e!2sCotillion+Party+Express!8m2!3d-34.6883133!4d-58.476389!16s%2Fg%2F11ckvg1dmb!3m7!1s0x95bcceb236d45455:0x2dd77db5c6c7132e!8m2!3d-34.6883133!4d-58.476389!9m1!1b1!16s%2Fg%2F11ckvg1dmb?entry=ttu",ChIJVVTUNrLOvJURLhPHxrV91y0,0x95bcceb236d45455:0x2dd77db5c6c7132e,3303247071377036078,/g/11b6t7jj34,3303247071377036078
" Cotillón, Zona Oeste, CABA, Zona Norte, Zona SUR",Pierret Cotillón,Pierret Cotillón,Tienda de artículos de fiesta,+54 11 2400-8788,https://instagram.com/pierret_oficial%3Figshid%3DOGQ5ZDc2ODk2ZA%3D%3D,"Galería Paris, Av. Rivadavia 4975 Loc 33, C1424BWD Cdad. Autónoma de Buenos Aires","Galería Paris, Av. Rivadavia 4975 Loc 33","Caballito, Comuna 6",C1424BWD,Argentina,AR,"-34,6177547","-58,4361367",89c2e31006fffff,America/Buenos_Aires,,FALSE,"4,4",289,https://search.google.com/local/reviews?placeid=ChIJSx2xSkHKvJURRpW1wb9U7KA&q=*&authuser=0&hl=en&gl=AR,,https://lh3.googleusercontent.com/gps-cs-s/AHRPTWnguaq7UKSey9SUM8i04iqMBpyx1HGR26D0T0gA2_fYd3dLJpFBjjdMV5S3rIbKa_H-wdx6m7yA_DujZ981I5ScMTj5SOENE9EFuVouuYzs0epmSxu9q3tJk5wadcHytdcZz_3pMQ=w800-h500-k-no,https://lh3.googleusercontent.com/gps-cs-s/AHRPTWnguaq7UKSey9SUM8i04iqMBpyx1HGR26D0T0gA2_fYd3dLJpFBjjdMV5S3rIbKa_H-wdx6m7yA_DujZ981I5ScMTj5SOENE9EFuVouuYzs0epmSxu9q3tJk5wadcHytdcZz_3pMQ=w1600-h1000-k-no,https://lh3.googleusercontent.com/-EtWzf05Y9sU/AAAAAAAAAAI/AAAAAAAAAAA/IL8lnA2zMt8/s44-p-k-no-ns-nd/photo.jpg,,,OPERATIONAL,"{""Monday"": [""10AM-2PM"", ""3-7:30PM""], ""Tuesday"": [""10AM-12PM"", ""2:30-7:30PM""], ""Wednesday"": [""10AM-2PM"", ""3-7:30PM""], ""Thursday"": [""10AM-12PM"", ""2:30-7:30PM""], ""Friday"": [""10AM-2PM"", ""3-7:30PM""], ""Saturday"": [""10AM-7PM""], ""Sunday"": [""Closed""]}","Monday,10AM,2PM|Monday,3,7:30PM|Tuesday,10AM,12PM|Tuesday,2:30,7:30PM|Wednesday,10AM,2PM|Wednesday,3,7:30PM|Thursday,10AM,12PM|Thursday,2:30,7:30PM|Friday,10AM,2PM|Friday,3,7:30PM|Saturday,10AM,7PM",,,,,,,,,,"{""Service options"": {""In-store pick-up"": true, ""In-store shopping"": true, ""Same-day delivery"": true}, ""Accessibility"": {""Wheelchair-accessible car park"": false}, ""Planning"": {""Quick visit"": true}, ""Payments"": {""Credit cards"": true, ""Debit cards"": true, ""NFC mobile payments"": true}}",,,TRUE,108098954674947725482,Pierret Cotillón,https://www.google.com/maps/contrib/108098954674947725482,"https://www.google.com/maps/place/Pierret+Cotill%C3%B3n/@-34.6177547,-58.4361367,14z/data=!4m8!1m2!2m1!1sPierret+Cotill%C3%B3n!3m4!1s0x95bcca414ab11d4b:0xa0ec54bfc1b59546!8m2!3d-34.6177547!4d-58.4361367","https://www.google.com/maps/place/Pierret+Cotill%C3%B3n/@-34.6177547,-58.4361367,13.99z/data=!4m16!1m7!3m6!1s0x95bcca414ab11d4b:0xa0ec54bfc1b59546!2sPierret+Cotill%C3%B3n!8m2!3d-34.6177547!4d-58.4361367!16s%2Fg%2F11ckvg1dmb!3m7!1s0x95bcca414ab11d4b:0xa0ec54bfc1b59546!8m2!3d-34.6177547!4d-58.4361367!9m1!1b1!16s%2Fg%2F11ckvg1dmb?entry=ttu",ChIJSx2xSkHKvJURRpW1wb9U7KA,0x95bcca414ab11d4b:0xa0ec54bfc1b59546,11595736323137574214,/g/1hc9cf4cq,-6851007750571977402
" Cotillón, Zona Oeste, CABA, Zona Norte, Zona SUR",Cotillòn Suarez Kingdom,Cotillòn Suarez Kingdom,Tienda de artículos de fiesta,+54 11 4811-8549,https://www.facebook.com/suarezkingdom/,"Marcelo Torcuato de Alvear 1287, C1058 Cdad. Autónoma de Buenos Aires",Marcelo Torcuato de Alvear 1287,"Barrio Norte, Retiro, Comuna 1",C1058,Argentina,AR,"-34,5969314","-58,385427",89c2e311e4bffff,America/Buenos_Aires,,FALSE,"4,1",201,https://search.google.com/local/reviews?placeid=ChIJqVpoW7jKvJURMi7zfXMIUfw&q=*&authuser=0&hl=en&gl=AR,,https://lh3.googleusercontent.com/gps-cs-s/AHRPTWm3JyE3qMmJumcqrE-alQ_2lhukQoKDs4QRke0Ed7gyeCEerfOi_3_txZmERaoXPeKWObZzHhLJlEX3Zjne7F7KYm3EHeMJ4OVyN8-OvIqRXgqNEDEoUS9csWmCqXB1S29nuUrB=w800-h500-k-no,https://lh3.googleusercontent.com/gps-cs-s/AHRPTWm3JyE3qMmJumcqrE-alQ_2lhukQoKDs4QRke0Ed7gyeCEerfOi_3_txZmERaoXPeKWObZzHhLJlEX3Zjne7F7KYm3EHeMJ4OVyN8-OvIqRXgqNEDEoUS9csWmCqXB1S29nuUrB=w1600-h1000-k-no,https://lh4.googleusercontent.com/-RZBdlwMRYe8/AAAAAAAAAAI/AAAAAAAAAAA/uXYmqdrrkYA/s44-p-k-no-ns-nd/photo.jpg,,,OPERATIONAL,"{""Monday"": [""10:30AM-2:30PM"", ""2:50-6:30PM""], ""Tuesday"": [""10:30AM-2:30PM"", ""2:50-6:30PM""], ""Wednesday"": [""10:30AM-2:30PM"", ""2:50-6:30PM""], ""Thursday"": [""10:30AM-2:30PM"", ""2:50-6:30PM""], ""Friday"": [""10:30AM-2:30PM"", ""2:50-6:30PM""], ""Saturday"": [""9AM-1PM""], ""Sunday"": [""Closed""]}","Monday,10:30AM,2:30PM|Monday,2:50,6:30PM|Tuesday,10:30AM,2:30PM|Tuesday,2:50,6:30PM|Wednesday,10:30AM,2:30PM|Wednesday,2:50,6:30PM|Thursday,10:30AM,2:30PM|Thursday,2:50,6:30PM|Friday,10:30AM,2:30PM|Friday,2:50,6:30PM|Saturday,9AM,1PM",,,,,,,,,,"{""Service options"": {""Delivery"": true, ""In-store pick-up"": true, ""In-store shopping"": true, ""Same-day delivery"": true}, ""Accessibility"": {""Wheelchair-accessible car park"": false}, ""Planning"": {""Quick visit"": true}, ""Payments"": {""Credit cards"": true, ""Debit cards"": true, ""NFC mobile payments"": true}}",,,TRUE,116135344175641217808,Cotillòn Suarez Kingdom,https://www.google.com/maps/contrib/116135344175641217808,"https://www.google.com/maps/place/Cotill%C3%B2n+Suarez+Kingdom/@-34.596931399999995,-58.385427,14z/data=!4m8!1m2!2m1!1sCotill%C3%B2n+Suarez+Kingdom!3m4!1s0x95bccab85b685aa9:0xfc5108737df32e32!8m2!3d-34.596931399999995!4d-58.385427","https://www.google.com/maps/place/Cotill%C3%B2n+Suarez+Kingdom/@-34.596931399999995,-58.385427,13.99z/data=!4m16!1m7!3m6!1s0x95bccab85b685aa9:0xfc5108737df32e32!2sCotill%C3%B2n+Suarez+Kingdom!8m2!3d-34.596931399999995!4d-58.385427!16s%2Fg%2F11ckvg1dmb!3m7!1s0x95bccab85b685aa9:0xfc5108737df32e32!8m2!3d-34.596931399999995!4d-58.385427!9m1!1b1!16s%2Fg%2F11ckvg1dmb?entry=ttu",ChIJqVpoW7jKvJURMi7zfXMIUfw,0x95bccab85b685aa9:0xfc5108737df32e32,18181322462798753330,/g/1tfrnjjw,-265421610910798286
" Cotillón, Zona Oeste, CABA, Zona Norte, Zona SUR",Ticoral Globos,Ticoral Globos,Tienda de globos,+54 11 4954-4433,http://www.ticoral.com/,"Lavalle 2322, C1052 Cdad. Autónoma de Buenos Aires",Lavalle 2322,"Balvanera, Comuna 3",C1052,Argentina,AR,"-34,603415","-58,399852",89c2e311e83ffff,America/Buenos_Aires,,FALSE,"4,1",802,https://search.google.com/local/reviews?placeid=ChIJnbwfWuvKvJUR0Wuo3PV_tKw&q=*&authuser=0&hl=en&gl=AR,,https://lh3.googleusercontent.com/gps-cs-s/AHRPTWlxsawotoKw9xVSo7cpGjMJTrBVRxYy1JjWtN-pOlnblWBj919IuIN5r_AOqnVn3v9yUYr8yOPGkUMerfefriVhofMuySrIMYzc2Y8J7n1-owb9AmKt0HGYocIe17LcseSgL-iA=w800-h500-k-no,https://lh3.googleusercontent.com/gps-cs-s/AHRPTWlxsawotoKw9xVSo7cpGjMJTrBVRxYy1JjWtN-pOlnblWBj919IuIN5r_AOqnVn3v9yUYr8yOPGkUMerfefriVhofMuySrIMYzc2Y8J7n1-owb9AmKt0HGYocIe17LcseSgL-iA=w1600-h1000-k-no,https://lh3.googleusercontent.com/-Z6FdTWn1su4/AAAAAAAAAAI/AAAAAAAAAAA/X-I-KnZ-ySo/s44-p-k-no-ns-nd/photo.jpg,,,OPERATIONAL,"{""Monday"": [""9AM-6PM""], ""Tuesday"": [""9AM-6PM""], ""Wednesday"": [""9AM-6PM""], ""Thursday"": [""9AM-6PM""], ""Friday"": [""9AM-6PM""], ""Saturday"": [""9:10AM-1:30PM""], ""Sunday"": [""Closed""]}","Monday,9AM,6PM|Tuesday,9AM,6PM|Wednesday,9AM,6PM|Thursday,9AM,6PM|Friday,9AM,6PM|Saturday,9:10AM,1:30PM",,,,,,,,,,"{""Service options"": {""Delivery"": true, ""Same-day delivery"": true}, ""Accessibility"": {""Wheelchair-accessible car park"": false}, ""Payments"": {""Credit cards"": true, ""Debit cards"": true, ""NFC mobile payments"": true}}",,,TRUE,111068789615126371346,Ticoral Globos,https://www.google.com/maps/contrib/111068789615126371346,"https://www.google.com/maps/place/Ticoral+Globos/@-34.603415,-58.399851999999996,14z/data=!4m8!1m2!2m1!1sTicoral+Globos!3m4!1s0x95bccaeb5a1fbc9d:0xacb47ff5dca86bd1!8m2!3d-34.603415!4d-58.399851999999996","https://www.google.com/maps/place/Ticoral+Globos/@-34.603415,-58.399851999999996,13.99z/data=!4m16!1m7!3m6!1s0x95bccaeb5a1fbc9d:0xacb47ff5dca86bd1!2sTicoral+Globos!8m2!3d-34.603415!4d-58.399851999999996!16s%2Fg%2F11ckvg1dmb!3m7!1s0x95bccaeb5a1fbc9d:0xacb47ff5dca86bd1!8m2!3d-34.603415!4d-58.399851999999996!9m1!1b1!16s%2Fg%2F11ckvg1dmb?entry=ttu",ChIJnbwfWuvKvJUR0Wuo3PV_tKw,0x95bccaeb5a1fbc9d:0xacb47ff5dca86bd1,12444712364277263313,/g/11clyd066j,-6002031709432288303
" Cotillón, Zona Oeste, CABA, Zona Norte, Zona SUR",Cotillón Ramos Mejía,Cotillón Ramos Mejía,Tienda de regalos,+54 11 5829-1736,,"Valentín Cardoso 1771, B1704 Ramos Mejía, Provincia de Buenos Aires",Valentín Cardoso 1771,None,B1704,Argentina,AR,"-34,6582749","-58,5481321",89c2e38d18fffff,America/Buenos_Aires,,FALSE,"4,4",372,https://search.google.com/local/reviews?placeid=ChIJqemGpeXHvJURErdP6Lrjvgo&q=*&authuser=0&hl=en&gl=AR,,https://lh3.googleusercontent.com/gps-cs-s/AHRPTWmuN4zMwmTrc-yW54l5VO3lAI3ya6K6lILaT4_LEMDXWlAlcCv8WiHea3kY9PRpHhLOsw_6AKQ2zP-A0pc1NeTQSbQs-CSSEO0EX7OLlT_0N0CfVCgxgkACPRf7gd_7fP6ZDaiyVg=w800-h500-k-no,https://lh3.googleusercontent.com/gps-cs-s/AHRPTWmuN4zMwmTrc-yW54l5VO3lAI3ya6K6lILaT4_LEMDXWlAlcCv8WiHea3kY9PRpHhLOsw_6AKQ2zP-A0pc1NeTQSbQs-CSSEO0EX7OLlT_0N0CfVCgxgkACPRf7gd_7fP6ZDaiyVg=w1600-h1000-k-no,https://lh5.googleusercontent.com/-OAkaYgwT25k/AAAAAAAAAAI/AAAAAAAAAAA/SS8aO09E4qM/s44-p-k-no-ns-nd/photo.jpg,,,OPERATIONAL,"{""Monday"": [""9AM-6PM""], ""Tuesday"": [""Closed""], ""Wednesday"": [""9AM-6PM""], ""Thursday"": [""9AM-6PM""], ""Friday"": [""9AM-6PM""], ""Saturday"": [""9AM-6PM""], ""Sunday"": [""Closed""]}","Monday,9AM,6PM|Wednesday,9AM,6PM|Thursday,9AM,6PM|Friday,9AM,6PM|Saturday,9AM,6PM",,,,,,,,,,"{""Service options"": {""Delivery"": true}, ""Accessibility"": {""Wheelchair-accessible car park"": false, ""Wheelchair-accessible entrance"": false}, ""Planning"": {""Quick visit"": true}, ""Payments"": {""Credit cards"": true, ""Debit cards"": true, ""NFC mobile payments"": true}}",,,TRUE,102940438305151925741,Cotillón Ramos Mejía,https://www.google.com/maps/contrib/102940438305151925741,"https://www.google.com/maps/place/Cotill%C3%B3n+Ramos+Mej%C3%ADa/@-34.658274899999995,-58.5481321,14z/data=!4m8!1m2!2m1!1sCotill%C3%B3n+Ramos+Mej%C3%ADa!3m4!1s0x95bcc7e5a586e9a9:0xabee3bae84fb712!8m2!3d-34.658274899999995!4d-58.5481321","https://www.google.com/maps/place/Cotill%C3%B3n+Ramos+Mej%C3%ADa/@-34.658274899999995,-58.5481321,13.99z/data=!4m16!1m7!3m6!1s0x95bcc7e5a586e9a9:0xabee3bae84fb712!2sCotill%C3%B3n+Ramos+Mej%C3%ADa!8m2!3d-34.658274899999995!4d-58.5481321!16s%2Fg%2F11ckvg1dmb!3m7!1s0x95bcc7e5a586e9a9:0xabee3bae84fb712!8m2!3d-34.658274899999995!4d-58.5481321!9m1!1b1!16s%2Fg%2F11ckvg1dmb?entry=ttu",ChIJqemGpeXHvJURErdP6Lrjvgo,0x95bcc7e5a586e9a9:0xabee3bae84fb712,774306577855264530,/g/1vm_z1xn,774306577855264530
" Cotillón, Zona Oeste, CABA, Zona Norte, Zona SUR",COTILLÓN TRICOLOR,Cotillón Tricolor,Tienda de artículos de fiesta,+54 9 11 3677-4064,https://m.facebook.com/Tricolor-657943184309256/%3Fref%3Dcontent_filter,"Montiel 1449, C1408 FWC, Cdad. Autónoma de Buenos Aires",Montiel 1449,Liniers,C1408,Argentina,AR,"-34,654379","-58,521763",89c2e38d3d7ffff,America/Buenos_Aires,,FALSE,"4,7",47,https://search.google.com/local/reviews?placeid=ChIJI7enuVnIvJURdDm_x31n57A&q=*&authuser=0&hl=en&gl=AR,,https://lh3.googleusercontent.com/gps-cs-s/AHRPTWkY_ge1QS8CCn8C2MCDCxukeZQ9Qyj1uN7ROSniYH73l35OH1qRV0mfSx3imV07DmHmSXLxj73fK5hPcmSizaBeLdTYDnY8VogBthcUD2AXnLUTVrH4F60inv0uwGiR4ME8rNtG=w800-h500-k-no,https://lh3.googleusercontent.com/gps-cs-s/AHRPTWkY_ge1QS8CCn8C2MCDCxukeZQ9Qyj1uN7ROSniYH73l35OH1qRV0mfSx3imV07DmHmSXLxj73fK5hPcmSizaBeLdTYDnY8VogBthcUD2AXnLUTVrH4F60inv0uwGiR4ME8rNtG=w1600-h1000-k-no,https://lh4.googleusercontent.com/-FaCnZKuJdoo/AAAAAAAAAAI/AAAAAAAAAAA/6OmQmC_A8uk/s44-p-k-no-ns-nd/photo.jpg,,,OPERATIONAL,"{""Monday"": [""9AM-1PM"", ""5-7:30PM""], ""Tuesday"": [""9AM-1PM"", ""5-7:30PM""], ""Wednesday"": [""9AM-1PM""], ""Thursday"": [""9AM-1PM"", ""5-7:30PM""], ""Friday"": [""9AM-1PM"", ""5-7:30PM""], ""Saturday"": [""9AM-1PM"", ""5-7:30PM""], ""Sunday"": [""Closed""]}","Monday,9AM,1PM|Monday,5,7:30PM|Tuesday,9AM,1PM|Tuesday,5,7:30PM|Wednesday,9AM,1PM|Thursday,9AM,1PM|Thursday,5,7:30PM|Friday,9AM,1PM|Friday,5,7:30PM|Saturday,9AM,1PM|Saturday,5,7:30PM",,,,,,,,,,"{""Service options"": {""Delivery"": true, ""Same-day delivery"": true}, ""Accessibility"": {""Wheelchair-accessible car park"": false}, ""Planning"": {""Quick visit"": true}, ""Payments"": {""Credit cards"": true, ""Debit cards"": true, ""NFC mobile payments"": true}}",,,TRUE,115339410200230795516,COTILLÓN TRICOLOR,https://www.google.com/maps/contrib/115339410200230795516,"https://www.google.com/maps/place/COTILL%C3%93N+TRICOLOR/@-34.654379,-58.521763,14z/data=!4m8!1m2!2m1!1sCOTILL%C3%93N+TRICOLOR!3m4!1s0x95bcc859b9a7b723:0xb0e7677dc7bf3974!8m2!3d-34.654379!4d-58.521763","https://www.google.com/maps/place/COTILL%C3%93N+TRICOLOR/@-34.654379,-58.521763,13.99z/data=!4m16!1m7!3m6!1s0x95bcc859b9a7b723:0xb0e7677dc7bf3974!2sCOTILL%C3%93N+TRICOLOR!8m2!3d-34.654379!4d-58.521763!16s%2Fg%2F11ckvg1dmb!3m7!1s0x95bcc859b9a7b723:0xb0e7677dc7bf3974!8m2!3d-34.654379!4d-58.521763!9m1!1b1!16s%2Fg%2F11ckvg1dmb?entry=ttu",ChIJI7enuVnIvJURdDm_x31n57A,0x95bcc859b9a7b723:0xb0e7677dc7bf3974,12747271060215249268,/g/11b6tpxk99,-5699473013494302348
" Cotillón, Zona Oeste, CABA, Zona Norte, Zona SUR",Cotishop,Cotishop,Tienda de artículos de fiesta,+54 11 4952-5597,https://www.cotishop.com.ar/,"Lavalle 2248, C1051 C1052AAE, Cdad. Autónoma de Buenos Aires",Lavalle 2248,Balvanera,C1051,Argentina,AR,"-34,603445","-58,398908",89c2e311e8bffff,America/Buenos_Aires,,FALSE,"4,2",371,https://search.google.com/local/reviews?placeid=ChIJjzYkR-vKvJURx0ZL0NfkuEs&q=*&authuser=0&hl=en&gl=AR,,https://lh3.googleusercontent.com/gps-cs-s/AHRPTWnXbWeZLNXo3S0vhJ_quuZhAkWM808CyHC-SdTjwfxesrdR0KWGucXRKOkTPMFoqXXjsZ0v8wK8gm-AweDk6swFABrlOwhTNX2BSRbxw8SIZb71f3Ef8OWULI21upPJi1ZQBZNZ=w800-h500-k-no,https://lh3.googleusercontent.com/gps-cs-s/AHRPTWnXbWeZLNXo3S0vhJ_quuZhAkWM808CyHC-SdTjwfxesrdR0KWGucXRKOkTPMFoqXXjsZ0v8wK8gm-AweDk6swFABrlOwhTNX2BSRbxw8SIZb71f3Ef8OWULI21upPJi1ZQBZNZ=w1600-h1000-k-no,https://lh3.googleusercontent.com/-N9IeusQL22w/AAAAAAAAAAI/AAAAAAAAAAA/71pZ0HS7O5Q/s44-p-k-no-ns-nd/photo.jpg,,,OPERATIONAL,"{""Monday"": [""9:15AM-7PM""], ""Tuesday"": [""9:15AM-7PM""], ""Wednesday"": [""9:15AM-7PM""], ""Thursday"": [""9:15AM-7PM""], ""Friday"": [""9:15AM-7PM""], ""Saturday"": [""Closed""], ""Sunday"": [""Closed""]}","Monday,9:15AM,7PM|Tuesday,9:15AM,7PM|Wednesday,9:15AM,7PM|Thursday,9:15AM,7PM|Friday,9:15AM,7PM",,,,,,,,,,"{""Service options"": {""Delivery"": true, ""Same-day delivery"": true}, ""Accessibility"": {""Wheelchair-accessible car park"": false}, ""Planning"": {""Quick visit"": true}, ""Payments"": {""Credit cards"": true, ""Debit cards"": true, ""NFC mobile payments"": true}}",,,TRUE,101649917132938487761,Cotishop,https://www.google.com/maps/contrib/101649917132938487761,"https://www.google.com/maps/place/Cotishop/@-34.603445,-58.398908,14z/data=!4m8!1m2!2m1!1sCotishop!3m4!1s0x95bccaeb4724368f:0x4bb8e4d7d04b46c7!8m2!3d-34.603445!4d-58.398908","https://www.google.com/maps/place/Cotishop/@-34.603445,-58.398908,13.99z/data=!4m16!1m7!3m6!1s0x95bccaeb4724368f:0x4bb8e4d7d04b46c7!2sCotishop!8m2!3d-34.603445!4d-58.398908!16s%2Fg%2F11ckvg1dmb!3m7!1s0x95bccaeb4724368f:0x4bb8e4d7d04b46c7!8m2!3d-34.603445!4d-58.398908!9m1!1b1!16s%2Fg%2F11ckvg1dmb?entry=ttu",ChIJjzYkR-vKvJURx0ZL0NfkuEs,0x95bccaeb4724368f:0x4bb8e4d7d04b46c7,5456362564123051719,/g/1tp30ksv,5456362564123051719
" Cotillón, Zona Oeste, CABA, Zona Norte, Zona SUR","Mazal: cotillón, repostería y juguetería",Mazal: Cotillón Repostería Y Juguetería,Tienda de artículos de fiesta,+54 49546325,http://www.cotishop.com.ar/,"2553 Lavalle C1052AAE, C1052 AAE, Cdad. Autónoma de Buenos Aires",2553 Lavalle C1052AAE,Balvanera,C1052,Argentina,AR,"-34,6032557","-58,4029891",89c2e311e87ffff,America/Buenos_Aires,,FALSE,"4,3",522,https://search.google.com/local/reviews?placeid=ChIJIzEdKpPKvJURU1ONtp7ha3w&q=*&authuser=0&hl=en&gl=AR,,https://lh3.googleusercontent.com/gps-cs-s/AHRPTWmaghyoCRYf0tCNYPRRiC8k5Rd0pKKtdz66Z_lSPtC2jlaBLFSRzt0XItC06_eM-jIyBlQburucWhVih4MLAW-muAlSfD8AIJrlYrRCwJIJ6UOuTyMySqQ1c0h0Qq-6FPobzcw=w800-h500-k-no,https://lh3.googleusercontent.com/gps-cs-s/AHRPTWmaghyoCRYf0tCNYPRRiC8k5Rd0pKKtdz66Z_lSPtC2jlaBLFSRzt0XItC06_eM-jIyBlQburucWhVih4MLAW-muAlSfD8AIJrlYrRCwJIJ6UOuTyMySqQ1c0h0Qq-6FPobzcw=w1600-h1000-k-no,https://lh6.googleusercontent.com/-LA18fub8-jk/AAAAAAAAAAI/AAAAAAAAAAA/TOHwuMWjtOk/s44-p-k-no-ns-nd/photo.jpg,,,OPERATIONAL,"{""Monday"": [""9:15AM-7PM""], ""Tuesday"": [""9:15AM-7PM""], ""Wednesday"": [""9:15AM-7PM""], ""Thursday"": [""9:15AM-7PM""], ""Friday"": [""9:15AM-7PM""], ""Saturday"": [""Closed""], ""Sunday"": [""Closed""]}","Monday,9:15AM,7PM|Tuesday,9:15AM,7PM|Wednesday,9:15AM,7PM|Thursday,9:15AM,7PM|Friday,9:15AM,7PM",,,,,,,,,,"{""Service options"": {""Delivery"": true, ""In-store shopping"": true, ""Same-day delivery"": true}, ""Accessibility"": {""Wheelchair-accessible car park"": false}, ""Planning"": {""Quick visit"": true}, ""Payments"": {""Credit cards"": true, ""Debit cards"": true, ""NFC mobile payments"": true}}",,,TRUE,117610969595857346175,"Mazal: cotillón, repostería y juguetería",https://www.google.com/maps/contrib/117610969595857346175,"https://www.google.com/maps/place/Mazal%3A+cotill%C3%B3n%2C+reposter%C3%ADa+y+jugueter%C3%ADa/@-34.6032557,-58.4029891,14z/data=!4m8!1m2!2m1!1sMazal%3A+cotill%C3%B3n%2C+reposter%C3%ADa+y+jugueter%C3%ADa!3m4!1s0x95bcca932a1d3123:0x7c6be19eb68d5353!8m2!3d-34.6032557!4d-58.4029891","https://www.google.com/maps/place/Mazal%3A+cotill%C3%B3n%2C+reposter%C3%ADa+y+jugueter%C3%ADa/@-34.6032557,-58.4029891,13.99z/data=!4m16!1m7!3m6!1s0x95bcca932a1d3123:0x7c6be19eb68d5353!2sMazal%3A+cotill%C3%B3n%2C+reposter%C3%ADa+y+jugueter%C3%ADa!8m2!3d-34.6032557!4d-58.4029891!16s%2Fg%2F11ckvg1dmb!3m7!1s0x95bcca932a1d3123:0x7c6be19eb68d5353!8m2!3d-34.6032557!4d-58.4029891!9m1!1b1!16s%2Fg%2F11ckvg1dmb?entry=ttu",ChIJIzEdKpPKvJURU1ONtp7ha3w,0x95bcca932a1d3123:0x7c6be19eb68d5353,8965507554994901843,/g/11hb7pdyd1,8965507554994901843
" Cotillón, Zona Oeste, CABA, Zona Norte, Zona SUR",Cotillón Payasadas,Cotillón Payasadas,Tienda de artículos de fiesta,+54 11 2179-3652,http://www.cotillonpayasadas.com.ar/,"Lavalle 2357, Lavalle 2454, C1052AAA Cdad. Autónoma de Buenos Aires","Lavalle 2357, Lavalle 2454","Balvanera, Comuna 3",C1052AAA,Argentina,AR,"-34,6033163","-58,4003054",89c2e311e83ffff,America/Buenos_Aires,,FALSE,"4,2",185,https://search.google.com/local/reviews?placeid=ChIJl1hKqOzKvJURUi5grazGK1g&q=*&authuser=0&hl=en&gl=AR,,https://lh3.googleusercontent.com/gps-cs-s/AHRPTWmDxCPzLGvGLkcPqIfwjBrYwFAiwCO34IVbNK7DUuN5zahzg0a74zZAx0qKFROZneTjubxWVx3Y8ZVpXB3ud36eRoOHKMaav8fUwmcSVtqmOZIbpmuo5pLIZRDWoR_6hG2A9s0-lg=w800-h500-k-no,https://lh3.googleusercontent.com/gps-cs-s/AHRPTWmDxCPzLGvGLkcPqIfwjBrYwFAiwCO34IVbNK7DUuN5zahzg0a74zZAx0qKFROZneTjubxWVx3Y8ZVpXB3ud36eRoOHKMaav8fUwmcSVtqmOZIbpmuo5pLIZRDWoR_6hG2A9s0-lg=w1600-h1000-k-no,https://lh5.googleusercontent.com/-1NRllf6vxUY/AAAAAAAAAAI/AAAAAAAAAAA/hyj6-PdzRw0/s44-p-k-no-ns-nd/photo.jpg,,,OPERATIONAL,"{""Monday"": [""9AM-6PM""], ""Tuesday"": [""9AM-6PM""], ""Wednesday"": [""9AM-6PM""], ""Thursday"": [""9AM-6PM""], ""Friday"": [""9AM-6PM""], ""Saturday"": [""9AM-2PM""], ""Sunday"": [""Closed""]}","Monday,9AM,6PM|Tuesday,9AM,6PM|Wednesday,9AM,6PM|Thursday,9AM,6PM|Friday,9AM,6PM|Saturday,9AM,2PM",,,,,,,,,,"{""Service options"": {""Delivery"": true, ""Same-day delivery"": true}, ""Accessibility"": {""Wheelchair-accessible car park"": false}, ""Planning"": {""Quick visit"": true}, ""Payments"": {""Credit cards"": true, ""Debit cards"": true, ""NFC mobile payments"": true}}",,,TRUE,115632466750371946919,Cotillón Payasadas,https://www.google.com/maps/contrib/115632466750371946919,"https://www.google.com/maps/place/Cotill%C3%B3n+Payasadas/@-34.603316299999996,-58.4003054,14z/data=!4m8!1m2!2m1!1sCotill%C3%B3n+Payasadas!3m4!1s0x95bccaeca84a5897:0x582bc6acad602e52!8m2!3d-34.603316299999996!4d-58.4003054","https://www.google.com/maps/place/Cotill%C3%B3n+Payasadas/@-34.603316299999996,-58.4003054,13.99z/data=!4m16!1m7!3m6!1s0x95bccaeca84a5897:0x582bc6acad602e52!2sCotill%C3%B3n+Payasadas!8m2!3d-34.603316299999996!4d-58.4003054!16s%2Fg%2F11ckvg1dmb!3m7!1s0x95bccaeca84a5897:0x582bc6acad602e52!8m2!3d-34.603316299999996!4d-58.4003054!9m1!1b1!16s%2Fg%2F11ckvg1dmb?entry=ttu",ChIJl1hKqOzKvJURUi5grazGK1g,0x95bccaeca84a5897:0x582bc6acad602e52,6353390144281652818,/g/11b6wm7ksx,6353390144281652818
" Cotillón, Zona Oeste, CABA, Zona Norte, Zona SUR",Festichola Cotillón,Festichola Cotillón,Tienda de artículos de fiesta,+54 11 4951-7452,https://www.cotillonfestichola.com.ar/,"Lavalle 2278, C1051ABJ Cdad. Autónoma de Buenos Aires",Lavalle 2278,"Balvanera, Comuna 3",C1051,Argentina,AR,"-34,603495","-58,39923",89c2e311e8bffff,America/Buenos_Aires,,FALSE,"4,3",96,https://search.google.com/local/reviews?placeid=ChIJr6xUROvKvJURFGTs7lFHorE&q=*&authuser=0&hl=en&gl=AR,,https://lh3.googleusercontent.com/gps-cs-s/AHRPTWmb_CUNjP3e7k6TlHMFS_OQiHdHsnBwlQr1bP41eI22UoiaZp1W5FRwcX5zVpY2qkl7_A5sqYky8WkGiZStfEJPuZGGUhxnoDxspNurt311QG5c4kCfcjOGbiJygfPcrJxcDcgHUg=w800-h500-k-no,https://lh3.googleusercontent.com/gps-cs-s/AHRPTWmb_CUNjP3e7k6TlHMFS_OQiHdHsnBwlQr1bP41eI22UoiaZp1W5FRwcX5zVpY2qkl7_A5sqYky8WkGiZStfEJPuZGGUhxnoDxspNurt311QG5c4kCfcjOGbiJygfPcrJxcDcgHUg=w1600-h1000-k-no,https://lh5.googleusercontent.com/-a7chU_-JI3k/AAAAAAAAAAI/AAAAAAAAAAA/nesBp2k9yzg/s44-p-k-no-ns-nd/photo.jpg,,,OPERATIONAL,"{""Monday"": [""9AM-6:30PM""], ""Tuesday"": [""9AM-6:30PM""], ""Wednesday"": [""9AM-6:30PM""], ""Thursday"": [""9AM-6:30PM""], ""Friday"": [""9AM-6:30PM""], ""Saturday"": [""9AM-2:30PM""], ""Sunday"": [""Closed""]}","Monday,9AM,6:30PM|Tuesday,9AM,6:30PM|Wednesday,9AM,6:30PM|Thursday,9AM,6:30PM|Friday,9AM,6:30PM|Saturday,9AM,2:30PM",,,,,,,,,,"{""Service options"": {""Delivery"": true, ""Same-day delivery"": true}, ""Accessibility"": {""Wheelchair-accessible entrance"": true, ""Wheelchair-accessible car park"": false}, ""Planning"": {""Quick visit"": true}, ""Payments"": {""Credit cards"": true, ""Debit cards"": true, ""NFC mobile payments"": true}}",,,TRUE,105827492095438183736,Festichola Cotillón,https://www.google.com/maps/contrib/105827492095438183736,"https://www.google.com/maps/place/Festichola+Cotill%C3%B3n/@-34.603494999999995,-58.399229999999996,14z/data=!4m8!1m2!2m1!1sFestichola+Cotill%C3%B3n!3m4!1s0x95bccaeb4454acaf:0xb1a24751eeec6414!8m2!3d-34.603494999999995!4d-58.399229999999996","https://www.google.com/maps/place/Festichola+Cotill%C3%B3n/@-34.603494999999995,-58.399229999999996,13.99z/data=!4m16!1m7!3m6!1s0x95bccaeb4454acaf:0xb1a24751eeec6414!2sFestichola+Cotill%C3%B3n!8m2!3d-34.603494999999995!4d-58.399229999999996!16s%2Fg%2F11ckvg1dmb!3m7!1s0x95bccaeb4454acaf:0xb1a24751eeec6414!8m2!3d-34.603494999999995!4d-58.399229999999996!9m1!1b1!16s%2Fg%2F11ckvg1dmb?entry=ttu",ChIJr6xUROvKvJURFGTs7lFHorE,0x95bccaeb4454acaf:0xb1a24751eeec6414,12799871508166763540,/g/1tdjy65p,-5646872565542788076
" Cotillón, Zona Oeste, CABA, Zona Norte, Zona SUR",Cotillon Marilu,Cotillon Marilu,Comercio,+54 11 4300-9106,,"C1069AAT, 43009106, Chacabuco 988, C1069AAT Buenos Aires","C1069AAT, 43009106, Chacabuco 988","San Telmo, Comuna 1",C1069,Argentina,AR,"-34,6195322","-58,3757308",89c2e31106fffff,America/Buenos_Aires,,FALSE,"4,4",151,https://search.google.com/local/reviews?placeid=ChIJqWq9lSvLvJURTVm-PN_qfeg&q=*&authuser=0&hl=en&gl=AR,,https://lh3.googleusercontent.com/gps-cs-s/AHRPTWn_ptxG_LsqOvYhOUN_vlaiCvgoPTxmdBXG9msxUTKte2L7TmcFDt-K2xYGfnSMLaJfwuZh6R21KOHV950YhEcY2UmBHiSOU-ONkHqRcJYOP_SPLdkNnXbHyjoR60r8b4o1KMe_wg=w800-h500-k-no,https://lh3.googleusercontent.com/gps-cs-s/AHRPTWn_ptxG_LsqOvYhOUN_vlaiCvgoPTxmdBXG9msxUTKte2L7TmcFDt-K2xYGfnSMLaJfwuZh6R21KOHV950YhEcY2UmBHiSOU-ONkHqRcJYOP_SPLdkNnXbHyjoR60r8b4o1KMe_wg=w1600-h1000-k-no,https://lh4.googleusercontent.com/-ubhtFkKdtP0/AAAAAAAAAAI/AAAAAAAAAAA/0WpCZFa4d7w/s44-p-k-no-ns-nd/photo.jpg,,,OPERATIONAL,"{""Monday"": [""9:30AM-7:30PM""], ""Tuesday"": [""9:30AM-7:30PM""], ""Wednesday"": [""9:30AM-7:30PM""], ""Thursday"": [""9:30AM-7:30PM""], ""Friday"": [""9:30AM-7:30PM""], ""Saturday"": [""9:30AM-2PM""], ""Sunday"": [""Closed""]}","Monday,9:30AM,7:30PM|Tuesday,9:30AM,7:30PM|Wednesday,9:30AM,7:30PM|Thursday,9:30AM,7:30PM|Friday,9:30AM,7:30PM|Saturday,9:30AM,2PM",,,,,,,,,,"{""From the business"": {""Identifies as women-owned"": true}, ""Service options"": {""Delivery"": true, ""In-store pick-up"": true, ""In-store shopping"": true}, ""Accessibility"": {""Wheelchair-accessible car park"": false}, ""Planning"": {""Quick visit"": true}, ""Payments"": {""Credit cards"": true, ""Debit cards"": true, ""NFC mobile payments"": true}, ""Parking"": {""Free of charge street parking"": true}, ""Other"": {""Identifies as women-owned"": true}}",,,TRUE,110931268274758904606,Cotillon Marilu,https://www.google.com/maps/contrib/110931268274758904606,"https://www.google.com/maps/place/Cotillon+Marilu/@-34.6195322,-58.3757308,14z/data=!4m8!1m2!2m1!1sCotillon+Marilu!3m4!1s0x95bccb2b95bd6aa9:0xe87deadf3cbe594d!8m2!3d-34.6195322!4d-58.3757308","https://www.google.com/maps/place/Cotillon+Marilu/@-34.6195322,-58.3757308,13.99z/data=!4m16!1m7!3m6!1s0x95bccb2b95bd6aa9:0xe87deadf3cbe594d!2sCotillon+Marilu!8m2!3d-34.6195322!4d-58.3757308!16s%2Fg%2F11ckvg1dmb!3m7!1s0x95bccb2b95bd6aa9:0xe87deadf3cbe594d!8m2!3d-34.6195322!4d-58.3757308!9m1!1b1!16s%2Fg%2F11ckvg1dmb?entry=ttu",ChIJqWq9lSvLvJURTVm-PN_qfeg,0x95bccb2b95bd6aa9:0xe87deadf3cbe594d,16752804433405827405,/g/11g9g0970b,-1693939640303724211
" Cotillón, Zona Oeste, CABA, Zona Norte, Zona SUR",Almacén de Fiestas cotillón repostería,Almacén De Fiestas Cotillón Repostería,Tienda de artículos de fiesta,+54 11 2379-6623,,"Juncal 2370, C1125 Cdad. Autónoma de Buenos Aires",Juncal 2370,"Barrio Norte, Recoleta, Comuna 2",C1125,Argentina,AR,"-34,5917826","-58,4006923",89c2e311e2bffff,America/Buenos_Aires,,FALSE,"4,6",38,https://search.google.com/local/reviews?placeid=ChIJBY2P0ILLvJURjobFDleuUtM&q=*&authuser=0&hl=en&gl=AR,,https://lh3.googleusercontent.com/gps-cs-s/AHRPTWkkMc-aaonCDn4yyzFqxn2gS7r2fdu-qxko9NZE6K1jOiUdolVYNs_2zc1v9i68lXvBkf_9JLPvMXK7y9u3O5MiadgXoRIykDyD6FEF31Gc_I709eSJJ-x8dYmweGK09FkHlLGyLQ=w800-h500-k-no,https://lh3.googleusercontent.com/gps-cs-s/AHRPTWkkMc-aaonCDn4yyzFqxn2gS7r2fdu-qxko9NZE6K1jOiUdolVYNs_2zc1v9i68lXvBkf_9JLPvMXK7y9u3O5MiadgXoRIykDyD6FEF31Gc_I709eSJJ-x8dYmweGK09FkHlLGyLQ=w1600-h1000-k-no,https://lh4.googleusercontent.com/-kgBAI4J_lBM/AAAAAAAAAAI/AAAAAAAAAAA/Sj9JbDhM78s/s44-p-k-no-ns-nd/photo.jpg,,,OPERATIONAL,"{""Monday"": [""10AM-12PM"", ""12:30-7PM""], ""Tuesday"": [""10-11:30AM"", ""12:30-7PM""], ""Wednesday"": [""10AM-2PM"", ""3-7PM""], ""Thursday"": [""10AM-7PM""], ""Friday"": [""10AM-7PM""], ""Saturday"": [""10AM-1:30PM""], ""Sunday"": [""Closed""]}","Monday,10AM,12PM|Monday,12:30,7PM|Tuesday,10,11:30AM|Tuesday,12:30,7PM|Wednesday,10AM,2PM|Wednesday,3,7PM|Thursday,10AM,7PM|Friday,10AM,7PM|Saturday,10AM,1:30PM",,,,,,,,,,"{""Service options"": {""In-store pick-up"": true, ""In-store shopping"": true, ""Same-day delivery"": true, ""Delivery"": false}, ""Accessibility"": {""Wheelchair-accessible car park"": false}, ""Planning"": {""Quick visit"": true}, ""Payments"": {""Credit cards"": true, ""Debit cards"": true, ""NFC mobile payments"": true}}",,,TRUE,100331610593476582440,Almacén de Fiestas cotillón repostería,https://www.google.com/maps/contrib/100331610593476582440,"https://www.google.com/maps/place/Almac%C3%A9n+de+Fiestas+cotill%C3%B3n+reposter%C3%ADa/@-34.5917826,-58.400692299999996,14z/data=!4m8!1m2!2m1!1sAlmac%C3%A9n+de+Fiestas+cotill%C3%B3n+reposter%C3%ADa!3m4!1s0x95bccb82d08f8d05:0xd352ae570ec5868e!8m2!3d-34.5917826!4d-58.400692299999996","https://www.google.com/maps/place/Almac%C3%A9n+de+Fiestas+cotill%C3%B3n+reposter%C3%ADa/@-34.5917826,-58.400692299999996,13.99z/data=!4m16!1m7!3m6!1s0x95bccb82d08f8d05:0xd352ae570ec5868e!2sAlmac%C3%A9n+de+Fiestas+cotill%C3%B3n+reposter%C3%ADa!8m2!3d-34.5917826!4d-58.400692299999996!16s%2Fg%2F11ckvg1dmb!3m7!1s0x95bccb82d08f8d05:0xd352ae570ec5868e!8m2!3d-34.5917826!4d-58.400692299999996!9m1!1b1!16s%2Fg%2F11ckvg1dmb?entry=ttu",ChIJBY2P0ILLvJURjobFDleuUtM,0x95bccb82d08f8d05:0xd352ae570ec5868e,15227424979026282126,/g/11fb14q9y4,-3219319094683269490
" Cotillón, Zona Oeste, CABA, Zona Norte, Zona SUR",MAGICAL LAVALLE COTILLON,Magical Lavalle Cotillon,Tienda de artículos de fiesta,+54 11 4372-9700,,"Lavalle 2177, C1051ABG Cdad. Autónoma de Buenos Aires",Lavalle 2177,"Balvanera, Comuna 3",C1051,Argentina,AR,"-34,6032247","-58,397977",89c2e311e8bffff,America/Buenos_Aires,,FALSE,"4,5",74,https://search.google.com/local/reviews?placeid=ChIJt4YsIuvKvJURFsnCuvAGBYM&q=*&authuser=0&hl=en&gl=AR,,https://lh3.googleusercontent.com/gps-cs-s/AHRPTWlGgwHeI-AGZ-EJHoScdpgPDp1GpK0_P8G8MbuwSGOtFVyV4WLRonJ0o3WuEQ7Oj7dlCH-ToocqId3tsw-iAzHnJ_Gqqy5v-3S07ViksTgpa0lTk6bO_0XaQkxHnjst7dhvGb1sUA=w800-h500-k-no,https://lh3.googleusercontent.com/gps-cs-s/AHRPTWlGgwHeI-AGZ-EJHoScdpgPDp1GpK0_P8G8MbuwSGOtFVyV4WLRonJ0o3WuEQ7Oj7dlCH-ToocqId3tsw-iAzHnJ_Gqqy5v-3S07ViksTgpa0lTk6bO_0XaQkxHnjst7dhvGb1sUA=w1600-h1000-k-no,https://lh3.googleusercontent.com/-q2gX0ja1i7I/AAAAAAAAAAI/AAAAAAAAAAA/jfZXReiLKyo/s44-p-k-no-ns-nd/photo.jpg,,,OPERATIONAL,"{""Monday"": [""9AM-6:30PM""], ""Tuesday"": [""9AM-6:30PM""], ""Wednesday"": [""9AM-6:30PM""], ""Thursday"": [""9AM-6:30PM""], ""Friday"": [""9AM-6:30PM""], ""Saturday"": [""9AM-2:30PM""], ""Sunday"": [""Closed""]}","Monday,9AM,6:30PM|Tuesday,9AM,6:30PM|Wednesday,9AM,6:30PM|Thursday,9AM,6:30PM|Friday,9AM,6:30PM|Saturday,9AM,2:30PM",,,,,,,,,,"{""Service options"": {""Delivery"": true, ""Same-day delivery"": true}, ""Accessibility"": {""Wheelchair-accessible car park"": false}, ""Planning"": {""Quick visit"": true}, ""Payments"": {""Credit cards"": true, ""Debit cards"": true, ""NFC mobile payments"": true}}",,,TRUE,105697154150405408872,MAGICAL LAVALLE COTILLON,https://www.google.com/maps/contrib/105697154150405408872,"https://www.google.com/maps/place/MAGICAL+LAVALLE+COTILLON/@-34.6032247,-58.397977,14z/data=!4m8!1m2!2m1!1sMAGICAL+LAVALLE+COTILLON!3m4!1s0x95bccaeb222c86b7:0x830506f0bac2c916!8m2!3d-34.6032247!4d-58.397977","https://www.google.com/maps/place/MAGICAL+LAVALLE+COTILLON/@-34.6032247,-58.397977,13.99z/data=!4m16!1m7!3m6!1s0x95bccaeb222c86b7:0x830506f0bac2c916!2sMAGICAL+LAVALLE+COTILLON!8m2!3d-34.6032247!4d-58.397977!16s%2Fg%2F11ckvg1dmb!3m7!1s0x95bccaeb222c86b7:0x830506f0bac2c916!8m2!3d-34.6032247!4d-58.397977!9m1!1b1!16s%2Fg%2F11ckvg1dmb?entry=ttu",ChIJt4YsIuvKvJURFsnCuvAGBYM,0x95bccaeb222c86b7:0x830506f0bac2c916,9440959824847358230,/g/1vbl8sj9,-9005784248862193386
" Cotillón, Zona Oeste, CABA, Zona Norte, Zona SUR",Doña Pata,Doña Pata,Tienda de artículos de fiesta,+54 11 6258-0856,,"Moreno 1732, C1093ABH Cdad. Autónoma de Buenos Aires",Moreno 1732,"Monserrat, Comuna 1",C1093,Argentina,AR,"-34,6127493","-58,3907968",89c2e31114fffff,America/Buenos_Aires,,FALSE,"4,6",73,https://search.google.com/local/reviews?placeid=ChIJpSMJWNzKvJUR2u3XFeA19q0&q=*&authuser=0&hl=en&gl=AR,,https://lh3.googleusercontent.com/gps-proxy/ALd4DhEiOaecn_NKOtXZgVR7lFCByYcYfR01YONKjGUXUCXrztlHnCNFjiJ3EJv_3q8Wvw4zCiQGEIFAqq6wXamwbfffulkI4mM5Ed3Sp6Brr225FEgszdLGjls6Z0DFae5GcNSBwFy0gFWrmEYcDheCj3hDy0ohjdV6nVb9TkL7zaCvHNt2AihzJgUpsBFRZhB0BT46JEc=w800-h500-k-no,https://lh3.googleusercontent.com/gps-proxy/ALd4DhEiOaecn_NKOtXZgVR7lFCByYcYfR01YONKjGUXUCXrztlHnCNFjiJ3EJv_3q8Wvw4zCiQGEIFAqq6wXamwbfffulkI4mM5Ed3Sp6Brr225FEgszdLGjls6Z0DFae5GcNSBwFy0gFWrmEYcDheCj3hDy0ohjdV6nVb9TkL7zaCvHNt2AihzJgUpsBFRZhB0BT46JEc=w1600-h1000-k-no,https://lh4.googleusercontent.com/-shK9_cFmrjg/AAAAAAAAAAI/AAAAAAAAAAA/5Zzfka0g3G8/s44-p-k-no-ns-nd/photo.jpg,,,OPERATIONAL,"{""Monday"": [""12-6:30PM""], ""Tuesday"": [""12-6:30PM""], ""Wednesday"": [""12-6:30PM""], ""Thursday"": [""12-6:30PM""], ""Friday"": [""12-6:30PM""], ""Saturday"": [""11AM-3PM""], ""Sunday"": [""Closed""]}","Monday,12,6:30PM|Tuesday,12,6:30PM|Wednesday,12,6:30PM|Thursday,12,6:30PM|Friday,12,6:30PM|Saturday,11AM,3PM",,,,,,,,,,"{""Service options"": {""Delivery"": true, ""In-store pick-up"": true, ""Same-day delivery"": true}, ""Accessibility"": {""Wheelchair-accessible car park"": false}, ""Planning"": {""Quick visit"": true}, ""Payments"": {""Debit cards"": true, ""NFC mobile payments"": true}}",,,TRUE,117799023097517469961,Doña Pata,https://www.google.com/maps/contrib/117799023097517469961,"https://www.google.com/maps/place/Do%C3%B1a+Pata/@-34.6127493,-58.3907968,14z/data=!4m8!1m2!2m1!1sDo%C3%B1a+Pata!3m4!1s0x95bccadc580923a5:0xadf635e015d7edda!8m2!3d-34.6127493!4d-58.3907968","https://www.google.com/maps/place/Do%C3%B1a+Pata/@-34.6127493,-58.3907968,13.99z/data=!4m16!1m7!3m6!1s0x95bccadc580923a5:0xadf635e015d7edda!2sDo%C3%B1a+Pata!8m2!3d-34.6127493!4d-58.3907968!16s%2Fg%2F11ckvg1dmb!3m7!1s0x95bccadc580923a5:0xadf635e015d7edda!8m2!3d-34.6127493!4d-58.3907968!9m1!1b1!16s%2Fg%2F11ckvg1dmb?entry=ttu",ChIJpSMJWNzKvJUR2u3XFeA19q0,0x95bccadc580923a5:0xadf635e015d7edda,12535265849387773402,/g/11b6hpx661,-5911478224321778214
" Cotillón, Zona Oeste, CABA, Zona Norte, Zona SUR",COTILLON and REPOSTERIA MONROE,Cotillon And Reposteria Monroe,Comercio,+54 11 4787-4457,https://instagram.com/cotillonmonroe,"Monroe 2445 C1430, C1428 Cdad. Autónoma de Buenos Aires",Monroe 2445 C1430,"Belgrano, Comuna 13",C1428,Argentina,AR,"-34,5584311","-58,4604216",89c2e30243bffff,America/Buenos_Aires,,FALSE,"4,2",101,https://search.google.com/local/reviews?placeid=ChIJwaaC5Cq0vJURrcXBnRYISv0&q=*&authuser=0&hl=en&gl=AR,,https://lh3.googleusercontent.com/gps-proxy/ALd4DhHQmHrR7cePaS5EG2RAZWPAaTPjr6RPybsqI0_vxJDAqTxtFZAypa7gwiBfWcggqKjkZDxfVKuFTbsdtujwj0SzR7xE70d5ZHqkBH8H6Fh_mfPLkzpOlvk0lb0vT5Amszk5jk6UnsW7nLlR9TRiCEWmgpzOiUGHEpZ721dljH0JYRc8MMVpuOwoEmGSykwYtwWJMw=w800-h500-k-no,https://lh3.googleusercontent.com/gps-proxy/ALd4DhHQmHrR7cePaS5EG2RAZWPAaTPjr6RPybsqI0_vxJDAqTxtFZAypa7gwiBfWcggqKjkZDxfVKuFTbsdtujwj0SzR7xE70d5ZHqkBH8H6Fh_mfPLkzpOlvk0lb0vT5Amszk5jk6UnsW7nLlR9TRiCEWmgpzOiUGHEpZ721dljH0JYRc8MMVpuOwoEmGSykwYtwWJMw=w1600-h1000-k-no,https://lh3.googleusercontent.com/-pdqNYhPiiC8/AAAAAAAAAAI/AAAAAAAAAAA/xCBGiCIChkc/s44-p-k-no-ns-nd/photo.jpg,,,OPERATIONAL,"{""Monday"": [""10AM-7PM""], ""Tuesday"": [""10AM-7PM""], ""Wednesday"": [""10AM-7PM""], ""Thursday"": [""10AM-7PM""], ""Friday"": [""10AM-7PM""], ""Saturday"": [""10AM-2PM""], ""Sunday"": [""Closed""]}","Monday,10AM,7PM|Tuesday,10AM,7PM|Wednesday,10AM,7PM|Thursday,10AM,7PM|Friday,10AM,7PM|Saturday,10AM,2PM",,,,,,,,,,"{""Service options"": {""Delivery"": true}, ""Accessibility"": {""Wheelchair-accessible car park"": false}, ""Planning"": {""Quick visit"": true}, ""Payments"": {""Credit cards"": true, ""Debit cards"": true, ""NFC mobile payments"": true}, ""Parking"": {""Free of charge street parking"": true}}",,,TRUE,114650621251932920904,COTILLON and REPOSTERIA MONROE,https://www.google.com/maps/contrib/114650621251932920904,"https://www.google.com/maps/place/COTILLON+and+REPOSTERIA+MONROE/@-34.5584311,-58.4604216,14z/data=!4m8!1m2!2m1!1sCOTILLON+and+REPOSTERIA+MONROE!3m4!1s0x95bcb42ae482a6c1:0xfd4a08169dc1c5ad!8m2!3d-34.5584311!4d-58.4604216","https://www.google.com/maps/place/COTILLON+and+REPOSTERIA+MONROE/@-34.5584311,-58.4604216,13.99z/data=!4m16!1m7!3m6!1s0x95bcb42ae482a6c1:0xfd4a08169dc1c5ad!2sCOTILLON+and+REPOSTERIA+MONROE!8m2!3d-34.5584311!4d-58.4604216!16s%2Fg%2F11ckvg1dmb!3m7!1s0x95bcb42ae482a6c1:0xfd4a08169dc1c5ad!8m2!3d-34.5584311!4d-58.4604216!9m1!1b1!16s%2Fg%2F11ckvg1dmb?entry=ttu",ChIJwaaC5Cq0vJURrcXBnRYISv0,0x95bcb42ae482a6c1:0xfd4a08169dc1c5ad,18251409333101381037,/g/11b6x4jnsg,-195334740608170579
" Cotillón, Zona Oeste, CABA, Zona Norte, Zona SUR","Coty Show Ramos | Cotillón, Ramos Mejía, Repostería, Zona Oeste, Disfraces",Coty Show Ramos | Cotillón Ramos Mejía Repostería Zona Oeste Disfraces,Tienda de artículos de fiesta,+54 11 6710-9393,http://www.cotyshow.com/,"Av. de Mayo 460, B1704 Ramos Mejía, Provincia de Buenos Aires",Av. de Mayo 460,None,B1704,Argentina,AR,"-34,6449288","-58,5646184",89c2e38dc13ffff,America/Buenos_Aires,,FALSE,"4,6",928,https://search.google.com/local/reviews?placeid=ChIJAwBCieXHvJUR8js12bXx9rI&q=*&authuser=0&hl=en&gl=AR,,https://lh3.googleusercontent.com/gps-cs-s/AHRPTWkeRyajpYX8G5MreZG6n98HxpM-DEHHUqA3bIG7MJELUBMKbNbw6XS8_sgsA989C4aPzEUwvFTNpdj1IIRW84h8hmYxcc0p7h_lxR7-DRt_w6jqyEv56uyOxptI9bu3l763zw7d=w800-h500-k-no,https://lh3.googleusercontent.com/gps-cs-s/AHRPTWkeRyajpYX8G5MreZG6n98HxpM-DEHHUqA3bIG7MJELUBMKbNbw6XS8_sgsA989C4aPzEUwvFTNpdj1IIRW84h8hmYxcc0p7h_lxR7-DRt_w6jqyEv56uyOxptI9bu3l763zw7d=w1600-h1000-k-no,https://lh5.googleusercontent.com/-G6eXODiYw3c/AAAAAAAAAAI/AAAAAAAAAAA/2DWM1h9Zh9I/s44-p-k-no-ns-nd/photo.jpg,,,OPERATIONAL,"{""Monday"": [""9:30AM-8PM""], ""Tuesday"": [""9:30AM-8PM""], ""Wednesday"": [""9:30AM-8PM""], ""Thursday"": [""9:30AM-8PM""], ""Friday"": [""9:30AM-8PM""], ""Saturday"": [""9:30AM-8PM""], ""Sunday"": [""Closed""]}","Monday,9:30AM,8PM|Tuesday,9:30AM,8PM|Wednesday,9:30AM,8PM|Thursday,9:30AM,8PM|Friday,9:30AM,8PM|Saturday,9:30AM,8PM",,,,,,,,,,"{""Service options"": {""Delivery"": true, ""In-store pick-up"": true, ""In-store shopping"": true, ""Same-day delivery"": true}, ""Accessibility"": {""Wheelchair-accessible car park"": true, ""Wheelchair-accessible entrance"": true, ""Wheelchair-accessible toilet"": false}, ""Amenities"": {""Wi-Fi"": true}, ""Planning"": {""Quick visit"": true}, ""Payments"": {""Credit cards"": true, ""Debit cards"": true, ""NFC mobile payments"": true}}",,,TRUE,102517860870268834099,"Coty Show Ramos | Cotillón, Ramos Mejía, Repostería, Zona Oeste, Disfraces",https://www.google.com/maps/contrib/102517860870268834099,"https://www.google.com/maps/place/Coty+Show+Ramos+%7C+Cotill%C3%B3n%2C+Ramos+Mej%C3%ADa%2C+Reposter%C3%ADa%2C+Zona+Oeste%2C+Disfraces/@-34.644928799999995,-58.5646184,14z/data=!4m8!1m2!2m1!1sCoty+Show+Ramos+%7C+Cotill%C3%B3n%2C+Ramos+Mej%C3%ADa%2C+Reposter%C3%ADa%2C+Zona+Oeste%2C+Disfraces!3m4!1s0x95bcc7e589420003:0xb2f6f1b5d9353bf2!8m2!3d-34.644928799999995!4d-58.5646184","https://www.google.com/maps/place/Coty+Show+Ramos+%7C+Cotill%C3%B3n%2C+Ramos+Mej%C3%ADa%2C+Reposter%C3%ADa%2C+Zona+Oeste%2C+Disfraces/@-34.644928799999995,-58.5646184,13.99z/data=!4m16!1m7!3m6!1s0x95bcc7e589420003:0xb2f6f1b5d9353bf2!2sCoty+Show+Ramos+%7C+Cotill%C3%B3n%2C+Ramos+Mej%C3%ADa%2C+Reposter%C3%ADa%2C+Zona+Oeste%2C+Disfraces!8m2!3d-34.644928799999995!4d-58.5646184!16s%2Fg%2F11ckvg1dmb!3m7!1s0x95bcc7e589420003:0xb2f6f1b5d9353bf2!8m2!3d-34.644928799999995!4d-58.5646184!9m1!1b1!16s%2Fg%2F11ckvg1dmb?entry=ttu",ChIJAwBCieXHvJUR8js12bXx9rI,0x95bcc7e589420003:0xb2f6f1b5d9353bf2,12895760346357513202,/g/11bxfxhpzt,-5550983727352038414
" Cotillón, Zona Oeste, CABA, Zona Norte, Zona SUR",Happy birthday to,Happy Birthday To,Tienda de artículos de fiesta,+54 11 5424-5386,https://queloscumplasfeliz.empretienda.com.ar/,"Lavalle 2384, C1052 Cdad. Autónoma de Buenos Aires",Lavalle 2384,"Balvanera, Comuna 3",C1052,Argentina,AR,"-34,603474","-58,400569",89c2e311e83ffff,America/Buenos_Aires,,FALSE,"4,1",45,https://search.google.com/local/reviews?placeid=ChIJVe_TrJTKvJURLRwerq4-Wbg&q=*&authuser=0&hl=en&gl=AR,,https://lh3.googleusercontent.com/gps-proxy/ALd4DhGoOtXsoGHNkgnYbBer4ucqKMCrVZyMoXTa-e02gTBqxhJE0lXPBzjZs_5NhwZ32fIaMGUjw6DHQKtKP5V4s7aD-gFcnC3X6vsV2Kdqcv5W-dGp3UoC5p4OXKUUjcD3thXGMBExf9geh3CmG8R8ta8QjSE8-9InUC6yoN28RHM90PjuWvd-C18FCW2QC4-fsjmNxIM=w800-h500-k-no,https://lh3.googleusercontent.com/gps-proxy/ALd4DhGoOtXsoGHNkgnYbBer4ucqKMCrVZyMoXTa-e02gTBqxhJE0lXPBzjZs_5NhwZ32fIaMGUjw6DHQKtKP5V4s7aD-gFcnC3X6vsV2Kdqcv5W-dGp3UoC5p4OXKUUjcD3thXGMBExf9geh3CmG8R8ta8QjSE8-9InUC6yoN28RHM90PjuWvd-C18FCW2QC4-fsjmNxIM=w1600-h1000-k-no,https://lh4.googleusercontent.com/-xrUDb5cROzg/AAAAAAAAAAI/AAAAAAAAAAA/PHl2kyg7utk/s44-p-k-no-ns-nd/photo.jpg,,,OPERATIONAL,"{""Monday"": [""9AM-6PM""], ""Tuesday"": [""9AM-6PM""], ""Wednesday"": [""9AM-6PM""], ""Thursday"": [""9AM-6PM""], ""Friday"": [""9AM-6PM""], ""Saturday"": [""9AM-2PM""], ""Sunday"": [""Closed""]}","Monday,9AM,6PM|Tuesday,9AM,6PM|Wednesday,9AM,6PM|Thursday,9AM,6PM|Friday,9AM,6PM|Saturday,9AM,2PM",,,,,,,,,,"{""Service options"": {""Delivery"": true, ""Same-day delivery"": true}, ""Accessibility"": {""Wheelchair-accessible car park"": false}, ""Planning"": {""Quick visit"": true}, ""Payments"": {""Credit cards"": true, ""Debit cards"": true, ""NFC mobile payments"": true}}",,,TRUE,103654212543171397302,Happy birthday to,https://www.google.com/maps/contrib/103654212543171397302,"https://www.google.com/maps/place/Happy+birthday+to/@-34.603474,-58.400569,14z/data=!4m8!1m2!2m1!1sHappy+birthday+to!3m4!1s0x95bcca94acd3ef55:0xb8593eaeae1e1c2d!8m2!3d-34.603474!4d-58.400569","https://www.google.com/maps/place/Happy+birthday+to/@-34.603474,-58.400569,13.99z/data=!4m16!1m7!3m6!1s0x95bcca94acd3ef55:0xb8593eaeae1e1c2d!2sHappy+birthday+to!8m2!3d-34.603474!4d-58.400569!16s%2Fg%2F11ckvg1dmb!3m7!1s0x95bcca94acd3ef55:0xb8593eaeae1e1c2d!8m2!3d-34.603474!4d-58.400569!9m1!1b1!16s%2Fg%2F11ckvg1dmb?entry=ttu",ChIJVe_TrJTKvJURLRwerq4-Wbg,0x95bcca94acd3ef55:0xb8593eaeae1e1c2d,13283717495872429101,/g/11b6wq437c,-5163026577837122515
" Cotillón, Zona Oeste, CABA, Zona Norte, Zona SUR",Cotillon La Lola,Cotillon La Lola,Tienda de artículos de fiesta,,,"Malvinas Argentinas 995, C1406CXS Cdad. Autónoma de Buenos Aires",Malvinas Argentinas 995,"Parque Chacabuco, Comuna 7",C1406,Argentina,AR,"-34,6346714","-58,4474514",89c2e31042fffff,America/Buenos_Aires,,FALSE,"3,2",12,https://search.google.com/local/reviews?placeid=ChIJF8AOEzPKvJURmOez4Csl7S8&q=*&authuser=0&hl=en&gl=AR,,https://lh3.googleusercontent.com/gps-cs-s/AHRPTWkJt5Hy6DybpbV2QIjJgpuyXxk3vA3xmTz6QI800AzNCyTMVpOBExSrkFUQ1DqMmxG1MeJWaYf5ZuHH3_h_ZT0O8lYYZ8NMGlPmohTKw11CSt1UsFZi0mW0YF8T8C5_G3uUzjD8=w800-h500-k-no,https://lh3.googleusercontent.com/gps-cs-s/AHRPTWkJt5Hy6DybpbV2QIjJgpuyXxk3vA3xmTz6QI800AzNCyTMVpOBExSrkFUQ1DqMmxG1MeJWaYf5ZuHH3_h_ZT0O8lYYZ8NMGlPmohTKw11CSt1UsFZi0mW0YF8T8C5_G3uUzjD8=w1600-h1000-k-no,,,,OPERATIONAL,"{""Monday"": [""11AM-2PM"", ""5-8PM""], ""Tuesday"": [""11AM-2PM"", ""5-8PM""], ""Wednesday"": [""11AM-2PM"", ""5-8PM""], ""Thursday"": [""11AM-2PM"", ""5-8PM""], ""Friday"": [""11AM-2PM"", ""5-8PM""], ""Saturday"": [""11AM-2PM"", ""5-8PM""], ""Sunday"": [""Closed""]}","Monday,11AM,2PM|Monday,5,8PM|Tuesday,11AM,2PM|Tuesday,5,8PM|Wednesday,11AM,2PM|Wednesday,5,8PM|Thursday,11AM,2PM|Thursday,5,8PM|Friday,11AM,2PM|Friday,5,8PM|Saturday,11AM,2PM|Saturday,5,8PM",,,,,,,,,,"{""Service options"": {""Delivery"": true, ""Same-day delivery"": true}, ""Accessibility"": {""Wheelchair-accessible car park"": false}, ""Planning"": {""Quick visit"": true}, ""Payments"": {""Credit cards"": true, ""Debit cards"": true, ""NFC mobile payments"": true}}",,,FALSE,None,Cotillon La Lola,,"https://www.google.com/maps/place/Cotillon+La+Lola/@-34.634671399999995,-58.4474514,14z/data=!4m8!1m2!2m1!1sCotillon+La+Lola!3m4!1s0x95bcca33130ec017:0x2fed252be0b3e798!8m2!3d-34.634671399999995!4d-58.4474514","https://www.google.com/maps/place/Cotillon+La+Lola/@-34.634671399999995,-58.4474514,13.99z/data=!4m16!1m7!3m6!1s0x95bcca33130ec017:0x2fed252be0b3e798!2sCotillon+La+Lola!8m2!3d-34.634671399999995!4d-58.4474514!16s%2Fg%2F11ckvg1dmb!3m7!1s0x95bcca33130ec017:0x2fed252be0b3e798!8m2!3d-34.634671399999995!4d-58.4474514!9m1!1b1!16s%2Fg%2F11ckvg1dmb?entry=ttu",ChIJF8AOEzPKvJURmOez4Csl7S8,0x95bcca33130ec017:0x2fed252be0b3e798,3453457359646746520,/g/11j3vc2dsv,3453457359646746520
" Cotillón, Zona Oeste, CABA, Zona Norte, Zona SUR",Cotillón la fiesta,Cotillón La Fiesta,Tienda de artículos de fiesta,,,"Martiniano Leguizamón 1682, C1440 Cdad. Autónoma de Buenos Aires",Martiniano Leguizamón 1682,"Mataderos, Comuna 9",C1440,Argentina,AR,"-34,6541712","-58,5059113",89c2e38d22bffff,America/Buenos_Aires,,FALSE,"4,8",31,https://search.google.com/local/reviews?placeid=ChIJs-FR9evJvJURRXV0HYePzNs&q=*&authuser=0&hl=en&gl=AR,,https://lh3.googleusercontent.com/gps-cs-s/AHRPTWlBe-gPA4-lC_7OELSXXPPSy5Xiu1d93DZxVmpQGRm8pg3h0ni3GC5-B61cwNNDNw_2xAxV9yuvzd6-q6_ZzQe5SUtiJpxoE85YkVoxAPvfKbP7T0Ryvaa2YjQJvGgDK7m4QL2BYQ=w800-h500-k-no,https://lh3.googleusercontent.com/gps-cs-s/AHRPTWlBe-gPA4-lC_7OELSXXPPSy5Xiu1d93DZxVmpQGRm8pg3h0ni3GC5-B61cwNNDNw_2xAxV9yuvzd6-q6_ZzQe5SUtiJpxoE85YkVoxAPvfKbP7T0Ryvaa2YjQJvGgDK7m4QL2BYQ=w1600-h1000-k-no,https://lh3.googleusercontent.com/-qL6xoRjNfII/AAAAAAAAAAI/AAAAAAAAAAA/KAS9uj2gN-M/s44-p-k-no-ns-nd/photo.jpg,,,OPERATIONAL,"{""Monday"": [""9:30AM-1:30PM"", ""4-7PM""], ""Tuesday"": [""9:30AM-1:30PM"", ""4-7PM""], ""Wednesday"": [""9:30AM-1:30PM"", ""4-7PM""], ""Thursday"": [""9:30AM-1:30PM"", ""4-7PM""], ""Friday"": [""9:30AM-1:30PM"", ""4-7PM""], ""Saturday"": [""10AM-2PM""], ""Sunday"": [""Closed""]}","Monday,9:30AM,1:30PM|Monday,4,7PM|Tuesday,9:30AM,1:30PM|Tuesday,4,7PM|Wednesday,9:30AM,1:30PM|Wednesday,4,7PM|Thursday,9:30AM,1:30PM|Thursday,4,7PM|Friday,9:30AM,1:30PM|Friday,4,7PM|Saturday,10AM,2PM",,,,,,,,,,"{""Service options"": {""Delivery"": true, ""Same-day delivery"": true}, ""Accessibility"": {""Wheelchair-accessible car park"": false}, ""Planning"": {""Quick visit"": true}, ""Payments"": {""Credit cards"": true, ""Debit cards"": true, ""NFC mobile payments"": true}}",,,TRUE,103704837221821589332,Cotillón la fiesta,https://www.google.com/maps/contrib/103704837221821589332,"https://www.google.com/maps/place/Cotill%C3%B3n+la+fiesta/@-34.6541712,-58.505911299999994,14z/data=!4m8!1m2!2m1!1sCotill%C3%B3n+la+fiesta!3m4!1s0x95bcc9ebf551e1b3:0xdbcc8f871d747545!8m2!3d-34.6541712!4d-58.505911299999994","https://www.google.com/maps/place/Cotill%C3%B3n+la+fiesta/@-34.6541712,-58.505911299999994,13.99z/data=!4m16!1m7!3m6!1s0x95bcc9ebf551e1b3:0xdbcc8f871d747545!2sCotill%C3%B3n+la+fiesta!8m2!3d-34.6541712!4d-58.505911299999994!16s%2Fg%2F11ckvg1dmb!3m7!1s0x95bcc9ebf551e1b3:0xdbcc8f871d747545!8m2!3d-34.6541712!4d-58.505911299999994!9m1!1b1!16s%2Fg%2F11ckvg1dmb?entry=ttu",ChIJs-FR9evJvJURRXV0HYePzNs,0x95bcc9ebf551e1b3:0xdbcc8f871d747545,15838191800032720197,/g/11jp2qr6c8,-2608552273676831419
" Cotillón, Zona Oeste, CABA, Zona Norte, Zona SUR",Cotillon Liniers,Cotillon Liniers,Tienda de artículos para el hogar,+54 11 6164-2550,,"Montiel 173, C1408FVC Cdad. Autónoma de Buenos Aires",Montiel 173,"Liniers, Comuna 9",C1408,Argentina,AR,"-34,6411751","-58,5264014",89c2e38d32bffff,America/Buenos_Aires,,FALSE,"4,1",21,https://search.google.com/local/reviews?placeid=ChIJacEKWB_JvJURdhvxlR11cD8&q=*&authuser=0&hl=en&gl=AR,,https://lh3.googleusercontent.com/gps-cs-s/AHRPTWmtPjCiTmMte4tvEJywnLiyuz6JNxsp3lakE79HCRElnM2t5GgjmkO7QUO3EAysmoULNosTmLmgVDZNNFXZNWaHKEjxczY61B6G8GNYKEvx5Y38J7dBwtUr7EuzRErCvDrE_E6FXg=w800-h500-k-no,https://lh3.googleusercontent.com/gps-cs-s/AHRPTWmtPjCiTmMte4tvEJywnLiyuz6JNxsp3lakE79HCRElnM2t5GgjmkO7QUO3EAysmoULNosTmLmgVDZNNFXZNWaHKEjxczY61B6G8GNYKEvx5Y38J7dBwtUr7EuzRErCvDrE_E6FXg=w1600-h1000-k-no,,,,OPERATIONAL,"{""Monday"": [""9AM-7PM""], ""Tuesday"": [""9AM-7PM""], ""Wednesday"": [""9AM-7PM""], ""Thursday"": [""9AM-7PM""], ""Friday"": [""9AM-7PM""], ""Saturday"": [""9AM-7PM""], ""Sunday"": [""10AM-2PM""]}","Sunday,10AM,2PM|Monday,9AM,7PM|Tuesday,9AM,7PM|Wednesday,9AM,7PM|Thursday,9AM,7PM|Friday,9AM,7PM|Saturday,9AM,7PM",,,,,,,,,,"{""Service options"": {""Delivery"": true, ""Same-day delivery"": true}, ""Accessibility"": {""Wheelchair-accessible car park"": false}, ""Planning"": {""Quick visit"": true}, ""Payments"": {""Credit cards"": true, ""Debit cards"": true, ""NFC mobile payments"": true}}",,,FALSE,None,Cotillon Liniers,,"https://www.google.com/maps/place/Cotillon+Liniers/@-34.6411751,-58.5264014,14z/data=!4m8!1m2!2m1!1sCotillon+Liniers!3m4!1s0x95bcc91f580ac169:0x3f70751d95f11b76!8m2!3d-34.6411751!4d-58.5264014","https://www.google.com/maps/place/Cotillon+Liniers/@-34.6411751,-58.5264014,13.99z/data=!4m16!1m7!3m6!1s0x95bcc91f580ac169:0x3f70751d95f11b76!2sCotillon+Liniers!8m2!3d-34.6411751!4d-58.5264014!16s%2Fg%2F11ckvg1dmb!3m7!1s0x95bcc91f580ac169:0x3f70751d95f11b76!8m2!3d-34.6411751!4d-58.5264014!9m1!1b1!16s%2Fg%2F11ckvg1dmb?entry=ttu",ChIJacEKWB_JvJURdhvxlR11cD8,0x95bcc91f580ac169:0x3f70751d95f11b76,4571282391711161206,/g/11flkbz695,4571282391711161206
" Cotillón, Zona Oeste, CABA, Zona Norte, Zona SUR",El Coti,El Coti,Tienda de artículos de fiesta,,http://www.elcoti.com.ar/,"Camargo 525, C1414GMN Cdad. Autónoma de Buenos Aires",Camargo 525,"Villa Crespo, Comuna 15",C1414,Argentina,AR,"-34,6002445","-58,4401311",89c2e311d93ffff,America/Buenos_Aires,,FALSE,"3,7",140,https://search.google.com/local/reviews?placeid=ChIJN7hYRYjJvJURBAE1mKKnYxU&q=*&authuser=0&hl=en&gl=AR,,https://lh3.googleusercontent.com/gps-cs-s/AHRPTWlP-cubXXJCfSuAs1Erp2mmBglXRxhMw1K5lbWPuGLs-GbYTpQOP7bqT8G_GtDC4cZz2teEE-Ya6PkwMjmIgW-V2hIJrls4O9GuqZY5UrfzKaIb6RnmyW2yovyiBmk2E4P1DFk0=w800-h500-k-no,https://lh3.googleusercontent.com/gps-cs-s/AHRPTWlP-cubXXJCfSuAs1Erp2mmBglXRxhMw1K5lbWPuGLs-GbYTpQOP7bqT8G_GtDC4cZz2teEE-Ya6PkwMjmIgW-V2hIJrls4O9GuqZY5UrfzKaIb6RnmyW2yovyiBmk2E4P1DFk0=w1600-h1000-k-no,https://lh5.googleusercontent.com/-7_U-2xn1qvQ/AAAAAAAAAAI/AAAAAAAAAAA/ZuEWgGSjVE4/s44-p-k-no-ns-nd/photo.jpg,,,OPERATIONAL,"{""Monday"": [""9AM-7PM""], ""Tuesday"": [""9AM-7PM""], ""Wednesday"": [""9AM-7PM""], ""Thursday"": [""9AM-7PM""], ""Friday"": [""9AM-7PM""], ""Saturday"": [""9AM-3PM""], ""Sunday"": [""Closed""]}","Monday,9AM,7PM|Tuesday,9AM,7PM|Wednesday,9AM,7PM|Thursday,9AM,7PM|Friday,9AM,7PM|Saturday,9AM,3PM",,,,,,,,,,"{""Service options"": {""Delivery"": true, ""In-store pick-up"": true, ""In-store shopping"": true, ""Same-day delivery"": true}, ""Accessibility"": {""Wheelchair-accessible car park"": false}, ""Planning"": {""Quick visit"": true}, ""Payments"": {""Credit cards"": true, ""Debit cards"": true, ""NFC mobile payments"": true}}",,,TRUE,118354058990446403648,El Coti,https://www.google.com/maps/contrib/118354058990446403648,"https://www.google.com/maps/place/El+Coti/@-34.600244499999995,-58.440131099999995,14z/data=!4m8!1m2!2m1!1sEl+Coti!3m4!1s0x95bcc9884558b837:0x1563a7a298350104!8m2!3d-34.600244499999995!4d-58.440131099999995","https://www.google.com/maps/place/El+Coti/@-34.600244499999995,-58.440131099999995,13.99z/data=!4m16!1m7!3m6!1s0x95bcc9884558b837:0x1563a7a298350104!2sEl+Coti!8m2!3d-34.600244499999995!4d-58.440131099999995!16s%2Fg%2F11ckvg1dmb!3m7!1s0x95bcc9884558b837:0x1563a7a298350104!8m2!3d-34.600244499999995!4d-58.440131099999995!9m1!1b1!16s%2Fg%2F11ckvg1dmb?entry=ttu",ChIJN7hYRYjJvJURBAE1mKKnYxU,0x95bcc9884558b837:0x1563a7a298350104,1541259814270992644,/g/1q62bk_r9,1541259814270992644
" Cotillón, Zona Oeste, CABA, Zona Norte, Zona SUR",COTILLÓN CATALINA,Cotillón Catalina,Tienda de artículos de fiesta,+54 11 2500-9630,,"Jose evaristo uriburu 488 Lavalle 2660, Lavalle 2444, C1052 Cdad. Autónoma de Buenos Aires","Jose evaristo uriburu 488 Lavalle 2660, Lavalle 2444","Balvanera, Comuna 3",C1052,Argentina,AR,"-34,6034924","-58,4014868",89c2e311e83ffff,America/Buenos_Aires,,FALSE,"3,6",38,https://search.google.com/local/reviews?placeid=ChIJE8TujPvKvJURWNe02JjByRY&q=*&authuser=0&hl=en&gl=AR,,https://lh3.googleusercontent.com/gps-cs-s/AHRPTWmrrnE12e0m3gucdt6zkt1qYXopsCDwqJ0yjHcqh_voDI-Zz76j_xuK02DNxRFgk_diFi5qAzqcMm9fCGaDTYYriiBN8iLS0qKqrMMNGcAmcQSf3LhUzuZEjUcyeBNBhFF940tDTQ=w800-h500-k-no,https://lh3.googleusercontent.com/gps-cs-s/AHRPTWmrrnE12e0m3gucdt6zkt1qYXopsCDwqJ0yjHcqh_voDI-Zz76j_xuK02DNxRFgk_diFi5qAzqcMm9fCGaDTYYriiBN8iLS0qKqrMMNGcAmcQSf3LhUzuZEjUcyeBNBhFF940tDTQ=w1600-h1000-k-no,https://lh4.googleusercontent.com/-Iva2Ty4wxrM/AAAAAAAAAAI/AAAAAAAAAAA/Gte4XNZssPg/s44-p-k-no-ns-nd/photo.jpg,,,OPERATIONAL,"{""Monday"": [""9AM-6PM""], ""Tuesday"": [""9AM-6PM""], ""Wednesday"": [""9AM-6PM""], ""Thursday"": [""9AM-6PM""], ""Friday"": [""9AM-6PM""], ""Saturday"": [""9AM-2PM""], ""Sunday"": [""Closed""]}","Monday,9AM,6PM|Tuesday,9AM,6PM|Wednesday,9AM,6PM|Thursday,9AM,6PM|Friday,9AM,6PM|Saturday,9AM,2PM",,,,,,,,,,"{""Service options"": {""Delivery"": true, ""Same-day delivery"": true}, ""Accessibility"": {""Wheelchair-accessible car park"": false}, ""Planning"": {""Quick visit"": true}, ""Payments"": {""Credit cards"": true, ""Debit cards"": true, ""NFC mobile payments"": true}}",,,TRUE,108333142119235419515,COTILLÓN CATALINA,https://www.google.com/maps/contrib/108333142119235419515,"https://www.google.com/maps/place/COTILL%C3%93N+CATALINA/@-34.6034924,-58.4014868,14z/data=!4m8!1m2!2m1!1sCOTILL%C3%93N+CATALINA!3m4!1s0x95bccafb8ceec413:0x16c9c198d8b4d758!8m2!3d-34.6034924!4d-58.4014868","https://www.google.com/maps/place/COTILL%C3%93N+CATALINA/@-34.6034924,-58.4014868,13.99z/data=!4m16!1m7!3m6!1s0x95bccafb8ceec413:0x16c9c198d8b4d758!2sCOTILL%C3%93N+CATALINA!8m2!3d-34.6034924!4d-58.4014868!16s%2Fg%2F11ckvg1dmb!3m7!1s0x95bccafb8ceec413:0x16c9c198d8b4d758!8m2!3d-34.6034924!4d-58.4014868!9m1!1b1!16s%2Fg%2F11ckvg1dmb?entry=ttu",ChIJE8TujPvKvJURWNe02JjByRY,0x95bccafb8ceec413:0x16c9c198d8b4d758,1642056401368176472,/g/11bbrkqzg1,1642056401368176472
" Cotillón, Zona Oeste, CABA, Zona Norte, Zona SUR",Ciudad Cotillón Repostería,Ciudad Cotillón Repostería,Tienda de artículos de cocina,+54 11 4954-3333,https://ciudadcotillon4.mitiendanube.com/,"Lavalle 2269, C1032 Cdad. Autónoma de Buenos Aires",Lavalle 2269,"Balvanera, Comuna 3",C1032,Argentina,AR,"-34,6031941","-58,3991607",89c2e311e8bffff,America/Buenos_Aires,,FALSE,"4,3",22,https://search.google.com/local/reviews?placeid=ChIJC3VtjOXLvJURdOCc20rWD8k&q=*&authuser=0&hl=en&gl=AR,,https://lh3.googleusercontent.com/gps-cs-s/AHRPTWmotvTb2GQC7zIFdZi2b-6Th7xs6waqP7AhxKlUiw2kRx86LR3DdIBOLP3MUetM4kRfgLEWbTe1JL4mm2T5eOAcSuy3E94GUniu2hw4aGfimqnOoC7L1t9zq1KDEweaDhFa28RC=w800-h500-k-no,https://lh3.googleusercontent.com/gps-cs-s/AHRPTWmotvTb2GQC7zIFdZi2b-6Th7xs6waqP7AhxKlUiw2kRx86LR3DdIBOLP3MUetM4kRfgLEWbTe1JL4mm2T5eOAcSuy3E94GUniu2hw4aGfimqnOoC7L1t9zq1KDEweaDhFa28RC=w1600-h1000-k-no,https://lh3.googleusercontent.com/-DHxZUcRJQFw/AAAAAAAAAAI/AAAAAAAAAAA/zDR-PPhw-1E/s44-p-k-no-ns-nd/photo.jpg,,,OPERATIONAL,"{""Monday"": [""9AM-6:30PM""], ""Tuesday"": [""9AM-6:30PM""], ""Wednesday"": [""9AM-6:30PM""], ""Thursday"": [""9AM-6:30PM""], ""Friday"": [""9AM-6:30PM""], ""Saturday"": [""9AM-2PM""], ""Sunday"": [""Closed""]}","Monday,9AM,6:30PM|Tuesday,9AM,6:30PM|Wednesday,9AM,6:30PM|Thursday,9AM,6:30PM|Friday,9AM,6:30PM|Saturday,9AM,2PM",,,,,,,,,,"{""Service options"": {""Delivery"": true, ""In-store pick-up"": true, ""In-store shopping"": true, ""Same-day delivery"": true}, ""Accessibility"": {""Wheelchair-accessible car park"": false}, ""Planning"": {""Quick visit"": true}, ""Payments"": {""Credit cards"": true, ""Debit cards"": true, ""NFC mobile payments"": true}}",,,TRUE,100903464794179347732,Ciudad Cotillón Repostería,https://www.google.com/maps/contrib/100903464794179347732,"https://www.google.com/maps/place/Ciudad+Cotill%C3%B3n+Reposter%C3%ADa/@-34.603194099999996,-58.399160699999996,14z/data=!4m8!1m2!2m1!1sCiudad+Cotill%C3%B3n+Reposter%C3%ADa!3m4!1s0x95bccbe58c6d750b:0xc90fd64adb9ce074!8m2!3d-34.603194099999996!4d-58.399160699999996","https://www.google.com/maps/place/Ciudad+Cotill%C3%B3n+Reposter%C3%ADa/@-34.603194099999996,-58.399160699999996,13.99z/data=!4m16!1m7!3m6!1s0x95bccbe58c6d750b:0xc90fd64adb9ce074!2sCiudad+Cotill%C3%B3n+Reposter%C3%ADa!8m2!3d-34.603194099999996!4d-58.399160699999996!16s%2Fg%2F11ckvg1dmb!3m7!1s0x95bccbe58c6d750b:0xc90fd64adb9ce074!8m2!3d-34.603194099999996!4d-58.399160699999996!9m1!1b1!16s%2Fg%2F11ckvg1dmb?entry=ttu",ChIJC3VtjOXLvJURdOCc20rWD8k,0x95bccbe58c6d750b:0xc90fd64adb9ce074,14488034143274590324,/g/11w8hdfq8m,-3958709930434961292
" Cotillón, Zona Oeste, CABA, Zona Norte, Zona SUR",Cotillón Carcajadas,Cotillón Carcajadas,Tienda de artículos de fiesta,+54 11 4964-2116,https://www.instagram.com/cotilloncarcajadas11/%3Fhl%3Des,"Lavalle 2640, C1052AAH Cdad. Autónoma de Buenos Aires",Lavalle 2640,"Balvanera, Comuna 3",C1052,Argentina,AR,"-34,6034607","-58,4041798",89c2e311e87ffff,America/Buenos_Aires,,FALSE,"4,1",39,https://search.google.com/local/reviews?placeid=ChIJJU4lz5LKvJUR9FDbYU4_oW0&q=*&authuser=0&hl=en&gl=AR,,https://lh3.googleusercontent.com/gps-cs-s/AHRPTWl6ptvL8uXLVLOpIswhmjoecwnK_iMeJy3Cg6e4AoSmNcvDq1gOdmqg-8p5l3qlpMGrf3tUXSJv5hTusWe2WdJcsEOZLVvuXuKv55u6iBmBNTApiAivxkM2GMBJ_pPniVvEUkiV=w800-h500-k-no,https://lh3.googleusercontent.com/gps-cs-s/AHRPTWl6ptvL8uXLVLOpIswhmjoecwnK_iMeJy3Cg6e4AoSmNcvDq1gOdmqg-8p5l3qlpMGrf3tUXSJv5hTusWe2WdJcsEOZLVvuXuKv55u6iBmBNTApiAivxkM2GMBJ_pPniVvEUkiV=w1600-h1000-k-no,,,,OPERATIONAL,"{""Monday"": [""9AM-6PM""], ""Tuesday"": [""9AM-6PM""], ""Wednesday"": [""9AM-6PM""], ""Thursday"": [""9AM-6PM""], ""Friday"": [""9AM-6PM""], ""Saturday"": [""9AM-6PM""], ""Sunday"": [""Closed""]}","Monday,9AM,6PM|Tuesday,9AM,6PM|Wednesday,9AM,6PM|Thursday,9AM,6PM|Friday,9AM,6PM|Saturday,9AM,6PM",,,,,,,,,,"{""Service options"": {""Same-day delivery"": true}, ""Accessibility"": {""Wheelchair-accessible car park"": false}, ""Planning"": {""Quick visit"": true}, ""Payments"": {""Credit cards"": true, ""Debit cards"": true, ""NFC mobile payments"": true}}",,,FALSE,None,Cotillón Carcajadas,,"https://www.google.com/maps/place/Cotill%C3%B3n+Carcajadas/@-34.6034607,-58.404179799999994,14z/data=!4m8!1m2!2m1!1sCotill%C3%B3n+Carcajadas!3m4!1s0x95bcca92cf254e25:0x6da13f4e61db50f4!8m2!3d-34.6034607!4d-58.404179799999994","https://www.google.com/maps/place/Cotill%C3%B3n+Carcajadas/@-34.6034607,-58.404179799999994,13.99z/data=!4m16!1m7!3m6!1s0x95bcca92cf254e25:0x6da13f4e61db50f4!2sCotill%C3%B3n+Carcajadas!8m2!3d-34.6034607!4d-58.404179799999994!16s%2Fg%2F11ckvg1dmb!3m7!1s0x95bcca92cf254e25:0x6da13f4e61db50f4!8m2!3d-34.6034607!4d-58.404179799999994!9m1!1b1!16s%2Fg%2F11ckvg1dmb?entry=ttu",ChIJJU4lz5LKvJUR9FDbYU4_oW0,0x95bcca92cf254e25:0x6da13f4e61db50f4,7899664827266322676,/g/11b6gh5fwg,7899664827266322676
" Cotillón, Zona Oeste, CABA, Zona Norte, Zona SUR",Globos Helio Cotillito(venta online),Globos Helio Cotillito Venta Online,Tienda de globos,+54 11 2408-0377,http://www.cotillito.com.ar/,"Lerma 460, C1414AZJ Cdad. Autónoma de Buenos Aires",Lerma 460,"Villa Crespo, Comuna 15",C1414,Argentina,AR,"-34,5944217","-58,4319045",89c2e311dcfffff,America/Buenos_Aires,,FALSE,"3,9",44,https://search.google.com/local/reviews?placeid=ChIJX6Bl1EXKvJURJ2P1fOd_zdQ&q=*&authuser=0&hl=en&gl=AR,,https://lh3.googleusercontent.com/gps-cs-s/AHRPTWkgojwaMAJ3Fh4svfcrce-IrGQghwsuWXJTs7fKqzjcYwLlbxOguIWUqqZk4QOKJRj83B1bTlA2GJGA7YwoTCw8Cnrc0vgludrHMK_GcUqLnVgEa6VCpoPRabLhTml7W7gve0k_=w800-h500-k-no,https://lh3.googleusercontent.com/gps-cs-s/AHRPTWkgojwaMAJ3Fh4svfcrce-IrGQghwsuWXJTs7fKqzjcYwLlbxOguIWUqqZk4QOKJRj83B1bTlA2GJGA7YwoTCw8Cnrc0vgludrHMK_GcUqLnVgEa6VCpoPRabLhTml7W7gve0k_=w1600-h1000-k-no,https://lh6.googleusercontent.com/-_yqAtIZl2ZI/AAAAAAAAAAI/AAAAAAAAAAA/FVzPVCFP-X8/s44-p-k-no-ns-nd/photo.jpg,,,OPERATIONAL,"{""Monday"": [""10AM-8PM""], ""Tuesday"": [""10AM-8PM""], ""Wednesday"": [""10AM-8PM""], ""Thursday"": [""10AM-8PM""], ""Friday"": [""10AM-8PM""], ""Saturday"": [""10AM-6PM""], ""Sunday"": [""Closed""]}","Monday,10AM,8PM|Tuesday,10AM,8PM|Wednesday,10AM,8PM|Thursday,10AM,8PM|Friday,10AM,8PM|Saturday,10AM,6PM",,,,,,,,,,"{""Service options"": {""Delivery"": true, ""In-store pick-up"": true, ""In-store shopping"": true, ""Same-day delivery"": true}, ""Accessibility"": {""Wheelchair-accessible car park"": false}, ""Planning"": {""Appointment required"": true, ""Quick visit"": true}, ""Payments"": {""Credit cards"": true, ""Debit cards"": true}}",,,TRUE,113820042384170223019,Globos Helio Cotillito(venta online),https://www.google.com/maps/contrib/113820042384170223019,"https://www.google.com/maps/place/Globos+Helio+Cotillito%28venta+online%29/@-34.5944217,-58.431904499999995,14z/data=!4m8!1m2!2m1!1sGlobos+Helio+Cotillito%28venta+online%29!3m4!1s0x95bcca45d465a05f:0xd4cd7fe77cf56327!8m2!3d-34.5944217!4d-58.431904499999995","https://www.google.com/maps/place/Globos+Helio+Cotillito%28venta+online%29/@-34.5944217,-58.431904499999995,13.99z/data=!4m16!1m7!3m6!1s0x95bcca45d465a05f:0xd4cd7fe77cf56327!2sGlobos+Helio+Cotillito%28venta+online%29!8m2!3d-34.5944217!4d-58.431904499999995!16s%2Fg%2F11ckvg1dmb!3m7!1s0x95bcca45d465a05f:0xd4cd7fe77cf56327!8m2!3d-34.5944217!4d-58.431904499999995!9m1!1b1!16s%2Fg%2F11ckvg1dmb?entry=ttu",ChIJX6Bl1EXKvJURJ2P1fOd_zdQ,0x95bcca45d465a05f:0xd4cd7fe77cf56327,15334052938477036327,/g/11b6qd_369,-3112691135232515289
" Cotillón, Zona Oeste, CABA, Zona Norte, Zona SUR",Cotillón,Cotillón,Mayorista,,,"Pres. José Evaristo Uriburu 475, C1027AAI C1027AAI, Cdad. Autónoma de Buenos Aires",Pres. José Evaristo Uriburu 475,Balvanera,C1027,Argentina,AR,"-34,6035626","-58,3982568",89c2e311e8bffff,America/Buenos_Aires,,FALSE,,,,,https://streetviewpixels-pa.googleapis.com/v1/thumbnail?panoid=qSxw9H3kUM5zpy2QY6FJKg&cb_client=search.gws-prod.gps&w=800&h=500&yaw=125.43765&pitch=0&thumbfov=100,https://streetviewpixels-pa.googleapis.com/v1/thumbnail?panoid=qSxw9H3kUM5zpy2QY6FJKg&cb_client=search.gws-prod.gps&w=1600&h=1000&yaw=125.43765&pitch=0&thumbfov=100,,,,OPERATIONAL,,,,,,,,,,,,,,,FALSE,None,Cotillón,,"https://www.google.com/maps/place/Cotill%C3%B3n/@-34.6035626,-58.3982568,14z/data=!4m8!1m2!2m1!1sCotill%C3%B3n!3m4!1s0x95bccb0005f65273:0xa10cdf3b8e9ea067!8m2!3d-34.6035626!4d-58.3982568","https://www.google.com/maps/place/Cotill%C3%B3n/@-34.6035626,-58.3982568,13.99z/data=!4m16!1m7!3m6!1s0x95bccb0005f65273:0xa10cdf3b8e9ea067!2sCotill%C3%B3n!8m2!3d-34.6035626!4d-58.3982568!16s%2Fg%2F11ckvg1dmb!3m7!1s0x95bccb0005f65273:0xa10cdf3b8e9ea067!8m2!3d-34.6035626!4d-58.3982568!9m1!1b1!16s%2Fg%2F11ckvg1dmb?entry=ttu",ChIJc1L2BQDLvJURZ6CejjvfDKE,0x95bccb0005f65273:0xa10cdf3b8e9ea067,11604895786715750503,/g/11ypzzs357,None
" Cotillón, Zona Oeste, CABA, Zona Norte, Zona SUR",Cotitodo,Cotitodo,Tienda de artículos de fiesta,+54 11 6431-3125,,"Lavalle 2172, C1051ABH Cdad. Autónoma de Buenos Aires",Lavalle 2172,"Balvanera, Comuna 3",C1051,Argentina,AR,"-34,6035086","-58,3979021",89c2e311e8bffff,America/Buenos_Aires,,FALSE,"4,4",27,https://search.google.com/local/reviews?placeid=ChIJX8RDH-vKvJURwz-mXShuhTg&q=*&authuser=0&hl=en&gl=AR,,https://lh3.googleusercontent.com/gps-cs-s/AHRPTWm5AqGMtmukJhIdSin55b368PkdTYJkT4RbcG2GxY4ZCGSsuny2oxkaaGoZdlotuWcgn_8uZo95YvywQu2hNdjKikz6Hypdz_47eyzfGNnM-6lhuIrDuAWMg-3H7o16ulmYDNsg8A=w800-h500-k-no,https://lh3.googleusercontent.com/gps-cs-s/AHRPTWm5AqGMtmukJhIdSin55b368PkdTYJkT4RbcG2GxY4ZCGSsuny2oxkaaGoZdlotuWcgn_8uZo95YvywQu2hNdjKikz6Hypdz_47eyzfGNnM-6lhuIrDuAWMg-3H7o16ulmYDNsg8A=w1600-h1000-k-no,https://lh4.googleusercontent.com/-0fWYxt96_5Y/AAAAAAAAAAI/AAAAAAAAAAA/IobHbhLM-ng/s44-p-k-no-ns-nd/photo.jpg,,,OPERATIONAL,"{""Monday"": [""9AM-6PM""], ""Tuesday"": [""9AM-6PM""], ""Wednesday"": [""9AM-6PM""], ""Thursday"": [""9AM-6PM""], ""Friday"": [""9AM-6PM""], ""Saturday"": [""9AM-2PM""], ""Sunday"": [""Closed""]}","Monday,9AM,6PM|Tuesday,9AM,6PM|Wednesday,9AM,6PM|Thursday,9AM,6PM|Friday,9AM,6PM|Saturday,9AM,2PM",,,,,,,,,,"{""Service options"": {""Delivery"": true, ""In-store pick-up"": true, ""In-store shopping"": true, ""Same-day delivery"": true}, ""Accessibility"": {""Wheelchair-accessible entrance"": true, ""Wheelchair-accessible car park"": false}, ""Amenities"": {""Wi-Fi"": true}, ""Crowd"": {""LGBTQ+ friendly"": true}, ""Planning"": {""Quick visit"": true}, ""Payments"": {""Credit cards"": true, ""Debit cards"": true, ""NFC mobile payments"": true}, ""Other"": {""LGBTQ+ friendly"": true}}",,,TRUE,109888840376743418231,Cotitodo,https://www.google.com/maps/contrib/109888840376743418231,"https://www.google.com/maps/place/Cotitodo/@-34.6035086,-58.397902099999996,14z/data=!4m8!1m2!2m1!1sCotitodo!3m4!1s0x95bccaeb1f43c45f:0x38856e285da63fc3!8m2!3d-34.6035086!4d-58.397902099999996","https://www.google.com/maps/place/Cotitodo/@-34.6035086,-58.397902099999996,13.99z/data=!4m16!1m7!3m6!1s0x95bccaeb1f43c45f:0x38856e285da63fc3!2sCotitodo!8m2!3d-34.6035086!4d-58.397902099999996!16s%2Fg%2F11ckvg1dmb!3m7!1s0x95bccaeb1f43c45f:0x38856e285da63fc3!8m2!3d-34.6035086!4d-58.397902099999996!9m1!1b1!16s%2Fg%2F11ckvg1dmb?entry=ttu",ChIJX8RDH-vKvJURwz-mXShuhTg,0x95bccaeb1f43c45f:0x38856e285da63fc3,4072782557675405251,/g/11b6nmckpc,4072782557675405251
" Cotillón, Zona Oeste, CABA, Zona Norte, Zona SUR",Led Cotillón,Led Cotillón,Tienda de artículos de fiesta,+54 11 5024-3057,https://www.ledcotillon.com/,"Tucumán 2133 2° Piso, Oficinas 16/17, C1050AAQ Cdad. Autónoma de Buenos Aires","Tucumán 2133 2° Piso, Oficinas 16/17","Balvanera, Comuna 3",C1050AAQ,Argentina,AR,"-34,6020405","-58,3975629",89c2e311e13ffff,America/Buenos_Aires,,FALSE,"3,9",52,https://search.google.com/local/reviews?placeid=ChIJAQDk1JTKvJUR5cXmrhMUXvQ&q=*&authuser=0&hl=en&gl=AR,,https://lh3.googleusercontent.com/gps-cs-s/AHRPTWnZdlDdNHNIx7t8Y3FiF2iu8ZivUjSFXWn4LsafGnj9q90u09pmqucwVUCIdiIp040dawX8meLnUjtrJY9S1_mAzUReFQZ_BsbVzre_IWevOUYhooS3ukykz07CzGhP3UWknkI_GMPubrc=w800-h500-k-no,https://lh3.googleusercontent.com/gps-cs-s/AHRPTWnZdlDdNHNIx7t8Y3FiF2iu8ZivUjSFXWn4LsafGnj9q90u09pmqucwVUCIdiIp040dawX8meLnUjtrJY9S1_mAzUReFQZ_BsbVzre_IWevOUYhooS3ukykz07CzGhP3UWknkI_GMPubrc=w1600-h1000-k-no,https://lh6.googleusercontent.com/-0hK6C3qbhXw/AAAAAAAAAAI/AAAAAAAAAAA/GKyKjaJcvB8/s44-p-k-no-ns-nd/photo.jpg,,,OPERATIONAL,"{""Monday"": [""9:30AM-5:30PM""], ""Tuesday"": [""9:30AM-5:30PM""], ""Wednesday"": [""9:30AM-5:30PM""], ""Thursday"": [""9:30AM-5:30PM""], ""Friday"": [""9:30AM-5:30PM""], ""Saturday"": [""10AM-1PM""], ""Sunday"": [""Closed""]}","Monday,9:30AM,5:30PM|Tuesday,9:30AM,5:30PM|Wednesday,9:30AM,5:30PM|Thursday,9:30AM,5:30PM|Friday,9:30AM,5:30PM|Saturday,10AM,1PM",,,,,,,,,,"{""Service options"": {""Delivery"": true, ""Same-day delivery"": true}, ""Accessibility"": {""Wheelchair-accessible car park"": false}, ""Planning"": {""Quick visit"": true}, ""Payments"": {""Credit cards"": true, ""Debit cards"": true, ""NFC mobile payments"": true}}",,,TRUE,112551468811546803031,Led Cotillón,https://www.google.com/maps/contrib/112551468811546803031,"https://www.google.com/maps/place/Led+Cotill%C3%B3n/@-34.6020405,-58.3975629,14z/data=!4m8!1m2!2m1!1sLed+Cotill%C3%B3n!3m4!1s0x95bcca94d4e40001:0xf45e1413aee6c5e5!8m2!3d-34.6020405!4d-58.3975629","https://www.google.com/maps/place/Led+Cotill%C3%B3n/@-34.6020405,-58.3975629,13.99z/data=!4m16!1m7!3m6!1s0x95bcca94d4e40001:0xf45e1413aee6c5e5!2sLed+Cotill%C3%B3n!8m2!3d-34.6020405!4d-58.3975629!16s%2Fg%2F11ckvg1dmb!3m7!1s0x95bcca94d4e40001:0xf45e1413aee6c5e5!8m2!3d-34.6020405!4d-58.3975629!9m1!1b1!16s%2Fg%2F11ckvg1dmb?entry=ttu",ChIJAQDk1JTKvJUR5cXmrhMUXvQ,0x95bcca94d4e40001:0xf45e1413aee6c5e5,17608533667836511717,/g/11j00sf_0s,-838210405873039899
" Cotillón, Zona Oeste, CABA, Zona Norte, Zona SUR",El Gran Cotillon,El Gran Cotillon,Tienda de artículos de fiesta,+54 11 5817-4507,,"Ciudad Autonoma de Buenos Aires Ciudad Autónoma de Buenos Aires AR, Lavalle 2173, C1051 ABG","Ciudad Autonoma de Buenos Aires Ciudad Autónoma de Buenos Aires AR, Lavalle 2173",Balvanera,C1051,Argentina,AR,"-34,603215","-58,397677",89c2e311e8bffff,America/Buenos_Aires,,FALSE,"4,6",7,https://search.google.com/local/reviews?placeid=ChIJI5IgmxbLvJURXftIVZm_9vA&q=*&authuser=0&hl=en&gl=AR,,https://lh3.googleusercontent.com/gps-cs-s/AHRPTWnI-MBMbptP-8YTRluqD8AeBttZu_E7FaMDxISkFXajPDeTzo8c_mYBZqW9PoiV2owtmfY9so81qyaPKLq1InM2cbRlIFTIlQoKUGGJTy_PV0KXEp6hxQQrVRLlsH9ZEuLKSTnd=w800-h500-k-no,https://lh3.googleusercontent.com/gps-cs-s/AHRPTWnI-MBMbptP-8YTRluqD8AeBttZu_E7FaMDxISkFXajPDeTzo8c_mYBZqW9PoiV2owtmfY9so81qyaPKLq1InM2cbRlIFTIlQoKUGGJTy_PV0KXEp6hxQQrVRLlsH9ZEuLKSTnd=w1600-h1000-k-no,https://lh4.googleusercontent.com/-_Go4WO7Dr0Y/AAAAAAAAAAI/AAAAAAAAAAA/ViKisidOgrU/s44-p-k-no-ns-nd/photo.jpg,,,OPERATIONAL,"{""Monday"": [""10AM-6:30PM""], ""Tuesday"": [""10AM-6:30PM""], ""Wednesday"": [""10AM-6:30PM""], ""Thursday"": [""10AM-6:30PM""], ""Friday"": [""10AM-6:30PM""], ""Saturday"": [""10AM-2:30PM""], ""Sunday"": [""Closed""]}","Monday,10AM,6:30PM|Tuesday,10AM,6:30PM|Wednesday,10AM,6:30PM|Thursday,10AM,6:30PM|Friday,10AM,6:30PM|Saturday,10AM,2:30PM",,,,,,,,,,"{""Service options"": {""Delivery"": true, ""Same-day delivery"": true}, ""Accessibility"": {""Wheelchair-accessible car park"": false}, ""Planning"": {""Quick visit"": true}, ""Payments"": {""Credit cards"": true, ""Debit cards"": true, ""NFC mobile payments"": true}}",,,TRUE,117391330373291836592,El Gran Cotillon,https://www.google.com/maps/contrib/117391330373291836592,"https://www.google.com/maps/place/El+Gran+Cotillon/@-34.603215,-58.397676999999995,14z/data=!4m8!1m2!2m1!1sEl+Gran+Cotillon!3m4!1s0x95bccb169b209223:0xf0f6bf995548fb5d!8m2!3d-34.603215!4d-58.397676999999995","https://www.google.com/maps/place/El+Gran+Cotillon/@-34.603215,-58.397676999999995,13.99z/data=!4m16!1m7!3m6!1s0x95bccb169b209223:0xf0f6bf995548fb5d!2sEl+Gran+Cotillon!8m2!3d-34.603215!4d-58.397676999999995!16s%2Fg%2F11ckvg1dmb!3m7!1s0x95bccb169b209223:0xf0f6bf995548fb5d!8m2!3d-34.603215!4d-58.397676999999995!9m1!1b1!16s%2Fg%2F11ckvg1dmb?entry=ttu",ChIJI5IgmxbLvJURXftIVZm_9vA,0x95bccb169b209223:0xf0f6bf995548fb5d,17363276078655273821,/g/11gnpn9g28,-1083467995054277795
" Cotillón, Zona Oeste, CABA, Zona Norte, Zona SUR",FyM Cotillón y distribuidora,Fym Cotillón Y Distribuidora,Tienda de artículos de fiesta,+54 9 11 6870-9544,https://fymcotillon.com.ar/,C1035 Buenos Aires,,"San Nicolás, Comuna 1",C1035,Argentina,AR,"-34,603683","-58,3815349",89c2e31132bffff,America/Buenos_Aires,,FALSE,,,,,https://streetviewpixels-pa.googleapis.com/v1/thumbnail?panoid=T32SqZE3NkYZDJhnIy4gpA&cb_client=search.gws-prod.gps&w=800&h=500&yaw=160.80644&pitch=0&thumbfov=100,https://streetviewpixels-pa.googleapis.com/v1/thumbnail?panoid=T32SqZE3NkYZDJhnIy4gpA&cb_client=search.gws-prod.gps&w=1600&h=1000&yaw=160.80644&pitch=0&thumbfov=100,,,,OPERATIONAL,"{""Monday"": [""Open 24 hours""], ""Tuesday"": [""Open 24 hours""], ""Wednesday"": [""Open 24 hours""], ""Thursday"": [""Open 24 hours""], ""Friday"": [""Open 24 hours""], ""Saturday"": [""Open 24 hours""], ""Sunday"": [""Open 24 hours""]}","Sunday,12:00 AM,12:00 AM|Monday,12:00 AM,12:00 AM|Tuesday,12:00 AM,12:00 AM|Wednesday,12:00 AM,12:00 AM|Thursday,12:00 AM,12:00 AM|Friday,12:00 AM,12:00 AM|Saturday,12:00 AM,12:00 AM",,,,,,,,,,"{""Planning"": {""Quick visit"": true}, ""Payments"": {""Credit cards"": true, ""Debit cards"": true}}",,,FALSE,None,FyM Cotillón y distribuidora,,"https://www.google.com/maps/place/FyM+Cotill%C3%B3n+y+distribuidora/@-34.603683,-58.3815349,14z/data=!4m8!1m2!2m1!1sFyM+Cotill%C3%B3n+y+distribuidora!3m4!1s0x95bccb6c1e48c37d:0xfc1ecd178a99c273!8m2!3d-34.603683!4d-58.3815349","https://www.google.com/maps/place/FyM+Cotill%C3%B3n+y+distribuidora/@-34.603683,-58.3815349,13.99z/data=!4m16!1m7!3m6!1s0x95bccb6c1e48c37d:0xfc1ecd178a99c273!2sFyM+Cotill%C3%B3n+y+distribuidora!8m2!3d-34.603683!4d-58.3815349!16s%2Fg%2F11ckvg1dmb!3m7!1s0x95bccb6c1e48c37d:0xfc1ecd178a99c273!8m2!3d-34.603683!4d-58.3815349!9m1!1b1!16s%2Fg%2F11ckvg1dmb?entry=ttu",ChIJfcNIHmzLvJURc8KZihfNHvw,0x95bccb6c1e48c37d:0xfc1ecd178a99c273,18167183447852434035,/g/11m_55179z,None
" Cotillón, Zona Oeste, CABA, Zona Norte, Zona SUR",Del Rey Cotillón,Del Rey Cotillón,Comercio,+54 11 4952-3775,https://www.facebook.com/delreycotillon,"Lavalle 2148, C1051ABH Cdad. Autónoma de Buenos Aires",Lavalle 2148,"Balvanera, Comuna 3",C1051,Argentina,AR,"-34,6034006","-58,3974678",89c2e311e8bffff,America/Buenos_Aires,,FALSE,"4,1",22,https://search.google.com/local/reviews?placeid=ChIJzWsRHuvKvJURrYYDS-E5NME&q=*&authuser=0&hl=en&gl=AR,,https://lh3.googleusercontent.com/gps-cs-s/AHRPTWm1fr_BLrMekAsXgUzhbyE1e5sY0cKfT0wu7QFu5TCoyw73KokmbNWg4VMD8SU93lKBYJBniWv2_iE6ToMqhWYKKaafbvL4CinV3_chGLInQ6o4aiTikDgYOrJdjbhmBnhcjJ0m=w800-h500-k-no,https://lh3.googleusercontent.com/gps-cs-s/AHRPTWm1fr_BLrMekAsXgUzhbyE1e5sY0cKfT0wu7QFu5TCoyw73KokmbNWg4VMD8SU93lKBYJBniWv2_iE6ToMqhWYKKaafbvL4CinV3_chGLInQ6o4aiTikDgYOrJdjbhmBnhcjJ0m=w1600-h1000-k-no,https://lh6.googleusercontent.com/-M2dWmZEjPMQ/AAAAAAAAAAI/AAAAAAAAAAA/0f8oij4gBGY/s44-p-k-no-ns-nd/photo.jpg,,,OPERATIONAL,"{""Monday"": [""10:30AM-6:30PM""], ""Tuesday"": [""10:30AM-6:30PM""], ""Wednesday"": [""10:30AM-6:30PM""], ""Thursday"": [""10:30AM-6:30PM""], ""Friday"": [""10:30AM-6:30PM""], ""Saturday"": [""10:30AM-3PM""], ""Sunday"": [""Closed""]}","Monday,10:30AM,6:30PM|Tuesday,10:30AM,6:30PM|Wednesday,10:30AM,6:30PM|Thursday,10:30AM,6:30PM|Friday,10:30AM,6:30PM|Saturday,10:30AM,3PM",,,,,,,,,,"{""Service options"": {""Delivery"": true, ""In-store pick-up"": true}, ""Accessibility"": {""Wheelchair-accessible car park"": false}, ""Planning"": {""Quick visit"": true}, ""Payments"": {""Credit cards"": true, ""Debit cards"": true, ""NFC mobile payments"": true}}",,,TRUE,118444990196611030670,Del Rey Cotillón,https://www.google.com/maps/contrib/118444990196611030670,"https://www.google.com/maps/place/Del+Rey+Cotill%C3%B3n/@-34.6034006,-58.397467799999994,14z/data=!4m8!1m2!2m1!1sDel+Rey+Cotill%C3%B3n!3m4!1s0x95bccaeb1e116bcd:0xc13439e14b0386ad!8m2!3d-34.6034006!4d-58.397467799999994","https://www.google.com/maps/place/Del+Rey+Cotill%C3%B3n/@-34.6034006,-58.397467799999994,13.99z/data=!4m16!1m7!3m6!1s0x95bccaeb1e116bcd:0xc13439e14b0386ad!2sDel+Rey+Cotill%C3%B3n!8m2!3d-34.6034006!4d-58.397467799999994!16s%2Fg%2F11ckvg1dmb!3m7!1s0x95bccaeb1e116bcd:0xc13439e14b0386ad!8m2!3d-34.6034006!4d-58.397467799999994!9m1!1b1!16s%2Fg%2F11ckvg1dmb?entry=ttu",ChIJzWsRHuvKvJURrYYDS-E5NME,0x95bccaeb1e116bcd:0xc13439e14b0386ad,13921815987897992877,/g/11g9m5g86d,-4524928085811558739
" Cotillón, Zona Oeste, CABA, Zona Norte, Zona SUR",Cotillón Silva,Cotillón Silva,Tienda de artículos de fiesta,+54 11 6306-8820,,"Lavalle 2274, C1051 Cdad. Autónoma de Buenos Aires",Lavalle 2274,"Balvanera, Comuna 3",C1051,Argentina,AR,"-34,6034708","-58,3992027",89c2e311e8bffff,America/Buenos_Aires,,FALSE,4,36,https://search.google.com/local/reviews?placeid=ChIJ8bqIQ-vKvJURRFS1eJO2VUU&q=*&authuser=0&hl=en&gl=AR,,https://lh3.googleusercontent.com/gps-cs-s/AHRPTWlYBP2s9PxeCQH2GpFpuMO0gpsZNM-M6cdFO3N22pSkFxs35zB2DJaFLvL4O8XcQlDEBKokwFOor0urBCu-Zwn6tYUkFHvQxw9BFgqxGAaY8KI4O4aR7zOUww7WYaWDUsnBcU57vg=w800-h500-k-no,https://lh3.googleusercontent.com/gps-cs-s/AHRPTWlYBP2s9PxeCQH2GpFpuMO0gpsZNM-M6cdFO3N22pSkFxs35zB2DJaFLvL4O8XcQlDEBKokwFOor0urBCu-Zwn6tYUkFHvQxw9BFgqxGAaY8KI4O4aR7zOUww7WYaWDUsnBcU57vg=w1600-h1000-k-no,https://lh3.googleusercontent.com/-FVqlaRqPhws/AAAAAAAAAAI/AAAAAAAAAAA/qSUCXufjri0/s44-p-k-no-ns-nd/photo.jpg,,,OPERATIONAL,"{""Monday"": [""9AM-7PM""], ""Tuesday"": [""9AM-7PM""], ""Wednesday"": [""9AM-7PM""], ""Thursday"": [""9AM-7PM""], ""Friday"": [""9AM-7PM""], ""Saturday"": [""9AM-2PM""], ""Sunday"": [""Closed""]}","Monday,9AM,7PM|Tuesday,9AM,7PM|Wednesday,9AM,7PM|Thursday,9AM,7PM|Friday,9AM,7PM|Saturday,9AM,2PM","[{""online_service_hours"": {""Monday"": ""9 AM-6 PM"", ""Tuesday"": ""9 AM-6 PM"", ""Wednesday"": ""9 AM-6 PM"", ""Thursday"": ""9 AM-6 PM"", ""Friday"": ""9 AM-6 PM"", ""Saturday"": ""9 AM-6 PM"", ""Sunday"": ""Closed""}}]",,,,,,,,,"{""Service options"": {""Delivery"": true, ""Same-day delivery"": true}, ""Accessibility"": {""Wheelchair-accessible car park"": false}, ""Planning"": {""Quick visit"": true}, ""Payments"": {""Credit cards"": true, ""Debit cards"": true, ""NFC mobile payments"": true}}",,,TRUE,115776483808635447211,Cotillón Silva,https://www.google.com/maps/contrib/115776483808635447211,"https://www.google.com/maps/place/Cotill%C3%B3n+Silva/@-34.6034708,-58.3992027,14z/data=!4m8!1m2!2m1!1sCotill%C3%B3n+Silva!3m4!1s0x95bccaeb4388baf1:0x4555b69378b55444!8m2!3d-34.6034708!4d-58.3992027","https://www.google.com/maps/place/Cotill%C3%B3n+Silva/@-34.6034708,-58.3992027,13.99z/data=!4m16!1m7!3m6!1s0x95bccaeb4388baf1:0x4555b69378b55444!2sCotill%C3%B3n+Silva!8m2!3d-34.6034708!4d-58.3992027!16s%2Fg%2F11ckvg1dmb!3m7!1s0x95bccaeb4388baf1:0x4555b69378b55444!8m2!3d-34.6034708!4d-58.3992027!9m1!1b1!16s%2Fg%2F11ckvg1dmb?entry=ttu",ChIJ8bqIQ-vKvJURRFS1eJO2VUU,0x95bccaeb4388baf1:0x4555b69378b55444,4996100106139030596,/g/11g8757nfl,4996100106139030596
" Cotillón, Zona Oeste, CABA, Zona Norte, Zona SUR",Libreria-Cotillón Nuevo Ciclo,Libreria Cotillón Nuevo Ciclo,Comercio,+54 11 2186-9186,,"Lavalle 685, C1047 Cdad. Autónoma de Buenos Aires",Lavalle 685,"San Nicolás, Comuna 1",C1047,Argentina,AR,"-34,6022104","-58,376341",89c2e311367ffff,America/Buenos_Aires,,FALSE,"4,4",86,https://search.google.com/local/reviews?placeid=ChIJu7ALoknLvJURsd8i-i19LOA&q=*&authuser=0&hl=en&gl=AR,,https://lh3.googleusercontent.com/gps-cs-s/AHRPTWnwEmAxxkxl4LrAfmqX4YKaOB_uyc4rafMa_xnp680c0IYSgW8x7EY-xRQCtopYRpUW6dpLuysxcb82Qk1KYQAPaZY2xmd0UoDjCjeynKPqfIohIL9AzgMh24jWUEb3HAmIxD170w=w800-h500-k-no,https://lh3.googleusercontent.com/gps-cs-s/AHRPTWnwEmAxxkxl4LrAfmqX4YKaOB_uyc4rafMa_xnp680c0IYSgW8x7EY-xRQCtopYRpUW6dpLuysxcb82Qk1KYQAPaZY2xmd0UoDjCjeynKPqfIohIL9AzgMh24jWUEb3HAmIxD170w=w1600-h1000-k-no,https://lh3.googleusercontent.com/-V-S9qV0Ebso/AAAAAAAAAAI/AAAAAAAAAAA/UkEX9JGRzqw/s44-p-k-no-ns-nd/photo.jpg,,,OPERATIONAL,"{""Monday"": [""10AM-8PM""], ""Tuesday"": [""10AM-8PM""], ""Wednesday"": [""10AM-8PM""], ""Thursday"": [""10AM-8PM""], ""Friday"": [""10AM-8PM""], ""Saturday"": [""10AM-8PM""], ""Sunday"": [""Closed""]}","Monday,10AM,8PM|Tuesday,10AM,8PM|Wednesday,10AM,8PM|Thursday,10AM,8PM|Friday,10AM,8PM|Saturday,10AM,8PM","[{""access"": {""Monday"": ""10 AM-8 PM"", ""Tuesday"": ""10 AM-8 PM"", ""Wednesday"": ""10 AM-8 PM"", ""Thursday"": ""10 AM-8 PM"", ""Friday"": ""10 AM-8 PM"", ""Saturday"": ""10 AM-8 PM"", ""Sunday"": ""Closed""}}]",,,,,,,,,"{""Service options"": {""Delivery"": true}, ""Accessibility"": {""Wheelchair-accessible car park"": false}, ""Planning"": {""Quick visit"": true}, ""Payments"": {""Credit cards"": true, ""Debit cards"": true, ""NFC mobile payments"": true}}",,,TRUE,101821533877207943946,Libreria-Cotillón Nuevo Ciclo,https://www.google.com/maps/contrib/101821533877207943946,"https://www.google.com/maps/place/Libreria-Cotill%C3%B3n+Nuevo+Ciclo/@-34.6022104,-58.376341,14z/data=!4m8!1m2!2m1!1sLibreria-Cotill%C3%B3n+Nuevo+Ciclo!3m4!1s0x95bccb49a20bb0bb:0xe02c7d2dfa22dfb1!8m2!3d-34.6022104!4d-58.376341","https://www.google.com/maps/place/Libreria-Cotill%C3%B3n+Nuevo+Ciclo/@-34.6022104,-58.376341,13.99z/data=!4m16!1m7!3m6!1s0x95bccb49a20bb0bb:0xe02c7d2dfa22dfb1!2sLibreria-Cotill%C3%B3n+Nuevo+Ciclo!8m2!3d-34.6022104!4d-58.376341!16s%2Fg%2F11ckvg1dmb!3m7!1s0x95bccb49a20bb0bb:0xe02c7d2dfa22dfb1!8m2!3d-34.6022104!4d-58.376341!9m1!1b1!16s%2Fg%2F11ckvg1dmb?entry=ttu",ChIJu7ALoknLvJURsd8i-i19LOA,0x95bccb49a20bb0bb:0xe02c7d2dfa22dfb1,16153423599894716337,/g/11q946ht2x,-2293320473814835279
" Cotillón, Zona Oeste, CABA, Zona Norte, Zona SUR",Cotillon Zaraza,Cotillon Zaraza,Comercio,+54 11 4058-7934,,"Lavalle 2417, C1052 AAC, Cdad. Autónoma de Buenos Aires",Lavalle 2417,Balvanera,C1052,Argentina,AR,"-34,6033385","-58,4012356",89c2e311e83ffff,America/Buenos_Aires,,FALSE,"4,7",24,https://search.google.com/local/reviews?placeid=ChIJ3_fxs-zKvJURViM6OCPi-Yo&q=*&authuser=0&hl=en&gl=AR,,https://lh3.googleusercontent.com/gps-cs-s/AHRPTWnoZ5_NHD7FBp7PytZxlGHb03GQwjC4AXa9qk5PWgjDQn_0lD5h4182lRpf0Yf05hs8FNQOxV7ezm0kNstADA23m56OouEwCRWjK99eQfFuk9SKkp1FI_MCG6bDnYP-a95gGD6Vow=w800-h500-k-no,https://lh3.googleusercontent.com/gps-cs-s/AHRPTWnoZ5_NHD7FBp7PytZxlGHb03GQwjC4AXa9qk5PWgjDQn_0lD5h4182lRpf0Yf05hs8FNQOxV7ezm0kNstADA23m56OouEwCRWjK99eQfFuk9SKkp1FI_MCG6bDnYP-a95gGD6Vow=w1600-h1000-k-no,,,,OPERATIONAL,"{""Monday"": [""9AM-7PM""], ""Tuesday"": [""9AM-7PM""], ""Wednesday"": [""9AM-7PM""], ""Thursday"": [""9AM-7PM""], ""Friday"": [""9AM-7PM""], ""Saturday"": [""9AM-2PM""], ""Sunday"": [""Closed""]}","Monday,9AM,7PM|Tuesday,9AM,7PM|Wednesday,9AM,7PM|Thursday,9AM,7PM|Friday,9AM,7PM|Saturday,9AM,2PM",,,,,,,,,,"{""Service options"": {""Delivery"": true}, ""Accessibility"": {""Wheelchair-accessible car park"": false}, ""Planning"": {""Quick visit"": true}, ""Payments"": {""Credit cards"": true, ""Debit cards"": true, ""NFC mobile payments"": true}}",,,FALSE,None,Cotillon Zaraza,,"https://www.google.com/maps/place/Cotillon+Zaraza/@-34.6033385,-58.4012356,14z/data=!4m8!1m2!2m1!1sCotillon+Zaraza!3m4!1s0x95bccaecb3f1f7df:0x8af9e223383a2356!8m2!3d-34.6033385!4d-58.4012356","https://www.google.com/maps/place/Cotillon+Zaraza/@-34.6033385,-58.4012356,13.99z/data=!4m16!1m7!3m6!1s0x95bccaecb3f1f7df:0x8af9e223383a2356!2sCotillon+Zaraza!8m2!3d-34.6033385!4d-58.4012356!16s%2Fg%2F11ckvg1dmb!3m7!1s0x95bccaecb3f1f7df:0x8af9e223383a2356!8m2!3d-34.6033385!4d-58.4012356!9m1!1b1!16s%2Fg%2F11ckvg1dmb?entry=ttu",ChIJ3_fxs-zKvJURViM6OCPi-Yo,0x95bccaecb3f1f7df:0x8af9e223383a2356,10014283887330075478,/g/11cry13y4r,-8432460186379476138
" Cotillón, Zona Oeste, CABA, Zona Norte, Zona SUR",Cotillon Lo De Nahuel,Cotillon Lo De Nahuel,Tienda de regalos,+54 11 3807-3504,,"Tacuarí 828, C1072 Cdad. Autónoma de Buenos Aires",Tacuarí 828,"Constitución, Buenos Aires, Comuna 1",C1072,Argentina,AR,"-34,6178395","-58,3787005",89c2e31139bffff,America/Buenos_Aires,,FALSE,"4,8",16,https://search.google.com/local/reviews?placeid=ChIJ41rZIQvLvJURyAOehxa28Xs&q=*&authuser=0&hl=en&gl=AR,,https://lh3.googleusercontent.com/gps-cs-s/AHRPTWlQJksWPKjW-ejykqFFaPtnMCBoHslKEM_0YC2zbXiDIirU_qwFUEBGHQtCJEgkhHBFF4GmJr49V571hUKwRy5BgpHuHL8LX5GDEIBdrxBfTSqqz9UUxI_0Nz39g_2Rim6rBtQ=w800-h500-k-no,https://lh3.googleusercontent.com/gps-cs-s/AHRPTWlQJksWPKjW-ejykqFFaPtnMCBoHslKEM_0YC2zbXiDIirU_qwFUEBGHQtCJEgkhHBFF4GmJr49V571hUKwRy5BgpHuHL8LX5GDEIBdrxBfTSqqz9UUxI_0Nz39g_2Rim6rBtQ=w1600-h1000-k-no,https://lh3.googleusercontent.com/-LC7LvPtoks8/AAAAAAAAAAI/AAAAAAAAAAA/R9na5i8_VHA/s44-p-k-no-ns-nd/photo.jpg,,,OPERATIONAL,"{""Monday"": [""10AM-8PM""], ""Tuesday"": [""10AM-8PM""], ""Wednesday"": [""10AM-8PM""], ""Thursday"": [""10AM-8PM""], ""Friday"": [""10AM-8PM""], ""Saturday"": [""10AM-6PM""], ""Sunday"": [""Closed""]}","Monday,10AM,8PM|Tuesday,10AM,8PM|Wednesday,10AM,8PM|Thursday,10AM,8PM|Friday,10AM,8PM|Saturday,10AM,6PM",,,,,,,,,,"{""From the business"": {""Identifies as women-owned"": true}, ""Service options"": {""Delivery"": true, ""In-store pick-up"": true, ""In-store shopping"": true}, ""Accessibility"": {""Wheelchair-accessible seating"": true, ""Wheelchair-accessible car park"": false}, ""Planning"": {""Quick visit"": true}, ""Payments"": {""Credit cards"": true, ""Debit cards"": true, ""NFC mobile payments"": true}, ""Other"": {""Identifies as women-owned"": true}}",,,TRUE,106338536756922871922,Cotillon Lo De Nahuel,https://www.google.com/maps/contrib/106338536756922871922,"https://www.google.com/maps/place/Cotillon+Lo+De+Nahuel/@-34.617839499999995,-58.3787005,14z/data=!4m8!1m2!2m1!1sCotillon+Lo+De+Nahuel!3m4!1s0x95bccb0b21d95ae3:0x7bf1b616879e03c8!8m2!3d-34.617839499999995!4d-58.3787005","https://www.google.com/maps/place/Cotillon+Lo+De+Nahuel/@-34.617839499999995,-58.3787005,13.99z/data=!4m16!1m7!3m6!1s0x95bccb0b21d95ae3:0x7bf1b616879e03c8!2sCotillon+Lo+De+Nahuel!8m2!3d-34.617839499999995!4d-58.3787005!16s%2Fg%2F11ckvg1dmb!3m7!1s0x95bccb0b21d95ae3:0x7bf1b616879e03c8!8m2!3d-34.617839499999995!4d-58.3787005!9m1!1b1!16s%2Fg%2F11ckvg1dmb?entry=ttu",ChIJ41rZIQvLvJURyAOehxa28Xs,0x95bccb0b21d95ae3:0x7bf1b616879e03c8,8931119743933219784,/g/11wxjy30yz,8931119743933219784
" Cotillón, Zona Oeste, CABA, Zona Norte, Zona SUR",La Bahiense s.a.,La Bahiense S A,Tienda de cubertería,+54 11 3080-3003,http://www.labahiense.com.ar/,"Pasteur 522, C1028 AAL, Cdad. Autónoma de Buenos Aires",Pasteur 522,Balvanera,C1028,Argentina,AR,"-34,6030199","-58,3997091",89c2e311e8bffff,America/Buenos_Aires,,FALSE,4,28,https://search.google.com/local/reviews?placeid=ChIJQz6xV-vKvJURxs-8ffdSVdg&q=*&authuser=0&hl=en&gl=AR,,https://lh3.googleusercontent.com/gps-cs-s/AHRPTWkgDmaF0hFkshRnxl_a-3TUhKodka0yzih9dID0p0sCsd_4rjx470WERFCFyvbaoWKc9SXiy9KZUfnOksrKof8hyoJ3_i0-J_evXbX-Dfxgg9A64K8To119Y-gLK6vvnwD1ya0B=w800-h500-k-no,https://lh3.googleusercontent.com/gps-cs-s/AHRPTWkgDmaF0hFkshRnxl_a-3TUhKodka0yzih9dID0p0sCsd_4rjx470WERFCFyvbaoWKc9SXiy9KZUfnOksrKof8hyoJ3_i0-J_evXbX-Dfxgg9A64K8To119Y-gLK6vvnwD1ya0B=w1600-h1000-k-no,https://lh4.googleusercontent.com/-e8E_Y-r08F4/AAAAAAAAAAI/AAAAAAAAAAA/BvMP7pmu9dY/s44-p-k-no-ns-nd/photo.jpg,,,OPERATIONAL,"{""Monday"": [""9AM-5:30PM""], ""Tuesday"": [""9:30AM-5:30PM""], ""Wednesday"": [""9AM-5:30PM""], ""Thursday"": [""9:30AM-5:30PM""], ""Friday"": [""9AM-5:30PM""], ""Saturday"": [""9AM-2PM""], ""Sunday"": [""Closed""]}","Monday,9AM,5:30PM|Tuesday,9:30AM,5:30PM|Wednesday,9AM,5:30PM|Thursday,9:30AM,5:30PM|Friday,9AM,5:30PM|Saturday,9AM,2PM",,,,,,,,,,"{""Service options"": {""Delivery"": true, ""In-store pick-up"": true, ""Same-day delivery"": true}, ""Accessibility"": {""Wheelchair-accessible car park"": false}, ""Planning"": {""Quick visit"": true}, ""Payments"": {""Credit cards"": true, ""Debit cards"": true, ""NFC mobile payments"": true}}",,,TRUE,102615155560635331616,La Bahiense s.a.,https://www.google.com/maps/contrib/102615155560635331616,"https://www.google.com/maps/place/La+Bahiense+s.a./@-34.6030199,-58.399709099999995,14z/data=!4m8!1m2!2m1!1sLa+Bahiense+s.a.!3m4!1s0x95bccaeb57b13e43:0xd85552f77dbccfc6!8m2!3d-34.6030199!4d-58.399709099999995","https://www.google.com/maps/place/La+Bahiense+s.a./@-34.6030199,-58.399709099999995,13.99z/data=!4m16!1m7!3m6!1s0x95bccaeb57b13e43:0xd85552f77dbccfc6!2sLa+Bahiense+s.a.!8m2!3d-34.6030199!4d-58.399709099999995!16s%2Fg%2F11ckvg1dmb!3m7!1s0x95bccaeb57b13e43:0xd85552f77dbccfc6!8m2!3d-34.6030199!4d-58.399709099999995!9m1!1b1!16s%2Fg%2F11ckvg1dmb?entry=ttu",ChIJQz6xV-vKvJURxs-8ffdSVdg,0x95bccaeb57b13e43:0xd85552f77dbccfc6,15588456908132765638,/g/1tg4mktr,-2858287165576785978
" Cotillón, Zona Oeste, CABA, Zona Norte, Zona SUR",Cotillón La Yunsa,Cotillón La Yunsa,Comercio,,,"Lavalle 2266, C1051ABJ C1051ABJ, Cdad. Autónoma de Buenos Aires",Lavalle 2266,Balvanera,C1051,Argentina,AR,"-34,6035029","-58,399116",89c2e311e8bffff,America/Buenos_Aires,,FALSE,"4,8",10,https://search.google.com/local/reviews?placeid=ChIJlU7ddQDLvJURBd7l2e4ZwhI&q=*&authuser=0&hl=en&gl=AR,,https://lh3.googleusercontent.com/gps-cs-s/AHRPTWknys4M0zwzjPypdr_OyQc_KkN2rkJvGsGM7iwOnqZFTuUB3u1ZWWg2DSQ5bKeuP1A__B6uuaqxxr-XvhVseEvzuIdaNoBIfcCMPphon-MYnMvGuo8Xyd0xCJJ3deYya4B-MwC-TrUY6gIS=w800-h500-k-no,https://lh3.googleusercontent.com/gps-cs-s/AHRPTWknys4M0zwzjPypdr_OyQc_KkN2rkJvGsGM7iwOnqZFTuUB3u1ZWWg2DSQ5bKeuP1A__B6uuaqxxr-XvhVseEvzuIdaNoBIfcCMPphon-MYnMvGuo8Xyd0xCJJ3deYya4B-MwC-TrUY6gIS=w1600-h1000-k-no,,,,OPERATIONAL,,,,,,,,,,,,"{""Planning"": {""Quick visit"": true}, ""Payments"": {""Credit cards"": true, ""Debit cards"": true, ""NFC mobile payments"": true}}",,,FALSE,None,Cotillón La Yunsa,,"https://www.google.com/maps/place/Cotill%C3%B3n+La+Yunsa/@-34.603502899999995,-58.399116,14z/data=!4m8!1m2!2m1!1sCotill%C3%B3n+La+Yunsa!3m4!1s0x95bccb0075dd4e95:0x12c219eed9e5de05!8m2!3d-34.603502899999995!4d-58.399116","https://www.google.com/maps/place/Cotill%C3%B3n+La+Yunsa/@-34.603502899999995,-58.399116,13.99z/data=!4m16!1m7!3m6!1s0x95bccb0075dd4e95:0x12c219eed9e5de05!2sCotill%C3%B3n+La+Yunsa!8m2!3d-34.603502899999995!4d-58.399116!16s%2Fg%2F11ckvg1dmb!3m7!1s0x95bccb0075dd4e95:0x12c219eed9e5de05!8m2!3d-34.603502899999995!4d-58.399116!9m1!1b1!16s%2Fg%2F11ckvg1dmb?entry=ttu",ChIJlU7ddQDLvJURBd7l2e4ZwhI,0x95bccb0075dd4e95:0x12c219eed9e5de05,1351671351813201413,/g/11ybrslw1q,1351671351813201413
" Cotillón, Zona Oeste, CABA, Zona Norte, Zona SUR",Cotillon emi-mat,Cotillon Emi Mat,Tienda de artículos de fiesta,+54 11 5227-4541,,"Lavalle 2281, C1051 ABH, Cdad. Autónoma de Buenos Aires",Lavalle 2281,Balvanera,C1051,Argentina,AR,"-34,6032198","-58,3993341",89c2e311e8bffff,America/Buenos_Aires,,FALSE,"4,9",7,https://search.google.com/local/reviews?placeid=ChIJv7jMg0jLvJURo9QW_ThstHs&q=*&authuser=0&hl=en&gl=AR,,https://lh3.googleusercontent.com/gps-cs-s/AHRPTWnB4MknGrgjKa6pDkFCGiscTVYdZtJODGcFcpSok-XN4nCFsDMcteWWx1Q7UJJ858nClKXmxGmzcudwj9CSPWyeKqVJtNq3S_dS23LivoKDVP__cyrkLfUwnYL3Jp3rbmVQ2IRdklSFH-Q=w800-h500-k-no,https://lh3.googleusercontent.com/gps-cs-s/AHRPTWnB4MknGrgjKa6pDkFCGiscTVYdZtJODGcFcpSok-XN4nCFsDMcteWWx1Q7UJJ858nClKXmxGmzcudwj9CSPWyeKqVJtNq3S_dS23LivoKDVP__cyrkLfUwnYL3Jp3rbmVQ2IRdklSFH-Q=w1600-h1000-k-no,https://lh6.googleusercontent.com/-KXeUwbZ0i34/AAAAAAAAAAI/AAAAAAAAAAA/687ON9DPiu4/s44-p-k-no-ns-nd/photo.jpg,,,OPERATIONAL,"{""Monday"": [""9AM-6PM""], ""Tuesday"": [""9AM-6PM""], ""Wednesday"": [""9AM-6PM""], ""Thursday"": [""9AM-6PM""], ""Friday"": [""9AM-6PM""], ""Saturday"": [""9AM-2PM""], ""Sunday"": [""Closed""]}","Monday,9AM,6PM|Tuesday,9AM,6PM|Wednesday,9AM,6PM|Thursday,9AM,6PM|Friday,9AM,6PM|Saturday,9AM,2PM",,,,,,,,,,"{""Service options"": {""Delivery"": true, ""In-store shopping"": true, ""Same-day delivery"": true}, ""Accessibility"": {""Wheelchair-accessible entrance"": true, ""Wheelchair-accessible car park"": false, ""Wheelchair-accessible toilet"": false}, ""Crowd"": {""LGBTQ+ friendly"": true, ""Transgender safe space"": true}, ""Planning"": {""Quick visit"": true}, ""Payments"": {""Credit cards"": true, ""Debit cards"": true, ""NFC mobile payments"": true}, ""Other"": {""LGBTQ+ friendly"": true}}",,,TRUE,101164454546930187762,Cotillon emi-mat,https://www.google.com/maps/contrib/101164454546930187762,"https://www.google.com/maps/place/Cotillon+emi-mat/@-34.6032198,-58.3993341,14z/data=!4m8!1m2!2m1!1sCotillon+emi-mat!3m4!1s0x95bccb4883ccb8bf:0x7bb46c38fd16d4a3!8m2!3d-34.6032198!4d-58.3993341","https://www.google.com/maps/place/Cotillon+emi-mat/@-34.6032198,-58.3993341,13.99z/data=!4m16!1m7!3m6!1s0x95bccb4883ccb8bf:0x7bb46c38fd16d4a3!2sCotillon+emi-mat!8m2!3d-34.6032198!4d-58.3993341!16s%2Fg%2F11ckvg1dmb!3m7!1s0x95bccb4883ccb8bf:0x7bb46c38fd16d4a3!8m2!3d-34.6032198!4d-58.3993341!9m1!1b1!16s%2Fg%2F11ckvg1dmb?entry=ttu",ChIJv7jMg0jLvJURo9QW_ThstHs,0x95bccb4883ccb8bf:0x7bb46c38fd16d4a3,8913868554493154467,/g/11f64f5x2d,8913868554493154467
" Cotillón, Zona Oeste, CABA, Zona Norte, Zona SUR",Cotillón Jarana,Cotillón Jarana,Tienda de artículos de fiesta,+54 11 2735-7339,https://linktr.ee/cotillon.jarana,"Valentín Gómez 2615, C1046ABA Cdad. Autónoma de Buenos Aires",Valentín Gómez 2615,"Balvanera, Comuna 3",C1046,Argentina,AR,"-34,6055166","-58,403835",89c2e311e97ffff,America/Buenos_Aires,,FALSE,"4,4",8,https://search.google.com/local/reviews?placeid=ChIJ0eR6EADLvJUR8VTVFE58V5Y&q=*&authuser=0&hl=en&gl=AR,,https://lh3.googleusercontent.com/gps-cs-s/AHRPTWmreOJHkiuLViNwAwz3kKZkJNRK5KTQP-kalFle9L905FTDkDqhNpbRwC5UY-bxS2z2i9foaFkuITqTn7Pbks4puc8ichjV8PrYiROgWuT6GT_tcZfijk1r0IVgbwNnQzcw6p44j0X4saN6=w800-h500-k-no,https://lh3.googleusercontent.com/gps-cs-s/AHRPTWmreOJHkiuLViNwAwz3kKZkJNRK5KTQP-kalFle9L905FTDkDqhNpbRwC5UY-bxS2z2i9foaFkuITqTn7Pbks4puc8ichjV8PrYiROgWuT6GT_tcZfijk1r0IVgbwNnQzcw6p44j0X4saN6=w1600-h1000-k-no,https://lh6.googleusercontent.com/-TTXFYYJ3wzc/AAAAAAAAAAI/AAAAAAAAAAA/_xBHsnEtbgw/s44-p-k-no-ns-nd/photo.jpg,,,OPERATIONAL,"{""Monday"": [""9AM-6PM""], ""Tuesday"": [""9AM-6PM""], ""Wednesday"": [""9AM-6PM""], ""Thursday"": [""9AM-6PM""], ""Friday"": [""9AM-6PM""], ""Saturday"": [""9AM-3PM""], ""Sunday"": [""Closed""]}","Monday,9AM,6PM|Tuesday,9AM,6PM|Wednesday,9AM,6PM|Thursday,9AM,6PM|Friday,9AM,6PM|Saturday,9AM,3PM",,,,,,,,,,"{""Service options"": {""Delivery"": true, ""Same-day delivery"": true}, ""Planning"": {""Quick visit"": true}, ""Payments"": {""Debit cards"": true}}",,,TRUE,102806939837472469291,Cotillón Jarana,https://www.google.com/maps/contrib/102806939837472469291,"https://www.google.com/maps/place/Cotill%C3%B3n+Jarana/@-34.6055166,-58.403835,14z/data=!4m8!1m2!2m1!1sCotill%C3%B3n+Jarana!3m4!1s0x95bccb00107ae4d1:0x96577c4e14d554f1!8m2!3d-34.6055166!4d-58.403835","https://www.google.com/maps/place/Cotill%C3%B3n+Jarana/@-34.6055166,-58.403835,13.99z/data=!4m16!1m7!3m6!1s0x95bccb00107ae4d1:0x96577c4e14d554f1!2sCotill%C3%B3n+Jarana!8m2!3d-34.6055166!4d-58.403835!16s%2Fg%2F11ckvg1dmb!3m7!1s0x95bccb00107ae4d1:0x96577c4e14d554f1!8m2!3d-34.6055166!4d-58.403835!9m1!1b1!16s%2Fg%2F11ckvg1dmb?entry=ttu",ChIJ0eR6EADLvJUR8VTVFE58V5Y,0x95bccb00107ae4d1:0x96577c4e14d554f1,10833264103461836017,/g/11w9nsjmxs,-7613479970247715599
" Cotillón, Zona Oeste, CABA, Zona Norte, Zona SUR",Leon (Peluches & Cotillon),Leon Peluches And Cotillon,Mayorista,+54 11 5467-3522,https://www.tiktok.com/%40www.tiktok.comleonpeluc2,"Pasteur 128, C1028AAD C1028AAD, Cdad. Autónoma de Buenos Aires",Pasteur 128,Balvanera,C1028,Argentina,AR,"-34,6081022","-58,3993271",89c2e311167ffff,America/Buenos_Aires,,FALSE,,,,,https://streetviewpixels-pa.googleapis.com/v1/thumbnail?panoid=o0GBp0z-HIYHjKassi_yww&cb_client=search.gws-prod.gps&w=800&h=500&yaw=309.4905&pitch=0&thumbfov=100,https://streetviewpixels-pa.googleapis.com/v1/thumbnail?panoid=o0GBp0z-HIYHjKassi_yww&cb_client=search.gws-prod.gps&w=1600&h=1000&yaw=309.4905&pitch=0&thumbfov=100,,,,OPERATIONAL,"{""Monday"": [""9AM-6PM""], ""Tuesday"": [""9AM-6PM""], ""Wednesday"": [""9AM-6PM""], ""Thursday"": [""9AM-6PM""], ""Friday"": [""9AM-6PM""], ""Saturday"": [""9AM-6PM""], ""Sunday"": [""Closed""]}","Monday,9AM,6PM|Tuesday,9AM,6PM|Wednesday,9AM,6PM|Thursday,9AM,6PM|Friday,9AM,6PM|Saturday,9AM,6PM",,,,,,,,,,,,,FALSE,None,Leon,,"https://www.google.com/maps/place/Leon+%28Peluches+%26+Cotillon%29/@-34.6081022,-58.3993271,14z/data=!4m8!1m2!2m1!1sLeon+%28Peluches+%26+Cotillon%29!3m4!1s0x95bccb00057eac29:0xd7dcc40c490d3e0c!8m2!3d-34.6081022!4d-58.3993271","https://www.google.com/maps/place/Leon+%28Peluches+%26+Cotillon%29/@-34.6081022,-58.3993271,13.99z/data=!4m16!1m7!3m6!1s0x95bccb00057eac29:0xd7dcc40c490d3e0c!2sLeon+%28Peluches+%26+Cotillon%29!8m2!3d-34.6081022!4d-58.3993271!16s%2Fg%2F11ckvg1dmb!3m7!1s0x95bccb00057eac29:0xd7dcc40c490d3e0c!8m2!3d-34.6081022!4d-58.3993271!9m1!1b1!16s%2Fg%2F11ckvg1dmb?entry=ttu",ChIJKax-BQDLvJURDD4NSQzE3Nc,0x95bccb00057eac29:0xd7dcc40c490d3e0c,15554522770075106828,/g/11yv83g5tj,None
" Cotillón, Zona Oeste, CABA, Zona Norte, Zona SUR",Cotillon Made My Day,Cotillon Made My Day,Tienda de artículos de fiesta,+54 11 7364-1245,,"Tucumán 326, C1049 Cdad. Autónoma de Buenos Aires",Tucumán 326,"San Nicolás, Comuna 1",C1049,Argentina,AR,"-34,6008324","-58,3717055",89c2e31add3ffff,America/Buenos_Aires,,FALSE,"4,3",11,https://search.google.com/local/reviews?placeid=ChIJ-QwhuCLLvJUR3yjB-X3ba9A&q=*&authuser=0&hl=en&gl=AR,,https://lh3.googleusercontent.com/gps-cs-s/AHRPTWktPNnFsPFXMbO0zZZK90x-8bVA8bdUOxdGBf3pmYA-lx6rHQz3XMMlYwJC1Wh7_p-9FnhmCJA6kB_H4tns6yVUGuF3JmN7HRLw28FgDsRLz_7hP-PZWfFLXernPzDWlhiZtlf7ug=w800-h500-k-no,https://lh3.googleusercontent.com/gps-cs-s/AHRPTWktPNnFsPFXMbO0zZZK90x-8bVA8bdUOxdGBf3pmYA-lx6rHQz3XMMlYwJC1Wh7_p-9FnhmCJA6kB_H4tns6yVUGuF3JmN7HRLw28FgDsRLz_7hP-PZWfFLXernPzDWlhiZtlf7ug=w1600-h1000-k-no,https://lh6.googleusercontent.com/-4XDX4BqB4aM/AAAAAAAAAAI/AAAAAAAAAAA/GyF2v6W1Q6w/s44-p-k-no-ns-nd/photo.jpg,,,OPERATIONAL,"{""Monday"": [""10AM-5PM""], ""Tuesday"": [""10AM-5PM""], ""Wednesday"": [""10AM-5PM""], ""Thursday"": [""10AM-5PM""], ""Friday"": [""9AM-5PM""], ""Saturday"": [""10AM-5PM""], ""Sunday"": [""Closed""]}","Monday,10AM,5PM|Tuesday,10AM,5PM|Wednesday,10AM,5PM|Thursday,10AM,5PM|Friday,9AM,5PM|Saturday,10AM,5PM",,,,,,,,,,"{""Service options"": {""Delivery"": true, ""In-store pick-up"": true, ""In-store shopping"": true, ""On-site services"": true, ""Same-day delivery"": true}, ""Accessibility"": {""Wheelchair-accessible seating"": true, ""Wheelchair-accessible toilet"": true}, ""Offerings"": {""Assembly service"": true}, ""Amenities"": {""Wi-Fi"": true}, ""Crowd"": {""LGBTQ+ friendly"": true, ""Transgender safe space"": true}, ""Planning"": {""Appointment required"": true, ""Quick visit"": true}, ""Payments"": {""Credit cards"": true, ""Debit cards"": true}, ""Parking"": {""Free of charge street parking"": true}, ""Other"": {""LGBTQ+ friendly"": true}}",,,TRUE,107851469080847841248,Cotillon Made My Day,https://www.google.com/maps/contrib/107851469080847841248,"https://www.google.com/maps/place/Cotillon+Made+My+Day/@-34.6008324,-58.3717055,14z/data=!4m8!1m2!2m1!1sCotillon+Made+My+Day!3m4!1s0x95bccb22b8210cf9:0xd06bdb7df9c128df!8m2!3d-34.6008324!4d-58.3717055","https://www.google.com/maps/place/Cotillon+Made+My+Day/@-34.6008324,-58.3717055,13.99z/data=!4m16!1m7!3m6!1s0x95bccb22b8210cf9:0xd06bdb7df9c128df!2sCotillon+Made+My+Day!8m2!3d-34.6008324!4d-58.3717055!16s%2Fg%2F11ckvg1dmb!3m7!1s0x95bccb22b8210cf9:0xd06bdb7df9c128df!8m2!3d-34.6008324!4d-58.3717055!9m1!1b1!16s%2Fg%2F11ckvg1dmb?entry=ttu",ChIJ-QwhuCLLvJUR3yjB-X3ba9A,0x95bccb22b8210cf9:0xd06bdb7df9c128df,15018338716504631519,/g/11wbss1r89,-3428405357204920097
" Cotillón, Zona Oeste, CABA, Zona Norte, Zona SUR",Led Moments,Led Moments,Tienda de artículos de fiesta,+54 11 5024-3057,http://www.ledmoments.com/,"Tucumán 2133, C1050 Cdad. Autónoma de Buenos Aires",Tucumán 2133,"Balvanera, Comuna 3",C1050,Argentina,AR,"-34,602116","-58,397568",89c2e311e13ffff,America/Buenos_Aires,,FALSE,"4,6",163,https://search.google.com/local/reviews?placeid=ChIJRwrwKuvKvJURS52tVQtG0zc&q=*&authuser=0&hl=en&gl=AR,,https://lh3.googleusercontent.com/gps-cs-s/AHRPTWl4c3L5kjMA6oFYbbxdM_zq3wZN9Ny-vMXq7FlVYkyKPCfBwqG4I2oPihSScBVTmR219V5eDCGoLZJhvKnhz7cJ_r-EjEObj0LSMX4L1XZ5M1kfZZVwHZ9oyMsFd5Ve6D8I2t5n=w800-h500-k-no,https://lh3.googleusercontent.com/gps-cs-s/AHRPTWl4c3L5kjMA6oFYbbxdM_zq3wZN9Ny-vMXq7FlVYkyKPCfBwqG4I2oPihSScBVTmR219V5eDCGoLZJhvKnhz7cJ_r-EjEObj0LSMX4L1XZ5M1kfZZVwHZ9oyMsFd5Ve6D8I2t5n=w1600-h1000-k-no,https://lh3.googleusercontent.com/-ItQifvOemkM/AAAAAAAAAAI/AAAAAAAAAAA/hLN-4ohJwNg/s44-p-k-no-ns-nd/photo.jpg,,,OPERATIONAL,"{""Monday"": [""10AM-5:30PM""], ""Tuesday"": [""10AM-5:30PM""], ""Wednesday"": [""10AM-5:30PM""], ""Thursday"": [""10AM-5:30PM""], ""Friday"": [""10AM-5:30PM""], ""Saturday"": [""10AM-1PM""], ""Sunday"": [""Closed""]}","Monday,10AM,5:30PM|Tuesday,10AM,5:30PM|Wednesday,10AM,5:30PM|Thursday,10AM,5:30PM|Friday,10AM,5:30PM|Saturday,10AM,1PM",,,,,,,,,,"{""Service options"": {""Delivery"": true, ""In-store pick-up"": true, ""In-store shopping"": true, ""Same-day delivery"": true}, ""Accessibility"": {""Wheelchair-accessible car park"": false}, ""Planning"": {""Quick visit"": true}, ""Payments"": {""Credit cards"": true, ""Debit cards"": true, ""NFC mobile payments"": true}}",,,TRUE,108313952134254170053,Led Moments,https://www.google.com/maps/contrib/108313952134254170053,"https://www.google.com/maps/place/Led+Moments/@-34.602115999999995,-58.397568,14z/data=!4m8!1m2!2m1!1sLed+Moments!3m4!1s0x95bccaeb2af00a47:0x37d3460b55ad9d4b!8m2!3d-34.602115999999995!4d-58.397568","https://www.google.com/maps/place/Led+Moments/@-34.602115999999995,-58.397568,13.99z/data=!4m16!1m7!3m6!1s0x95bccaeb2af00a47:0x37d3460b55ad9d4b!2sLed+Moments!8m2!3d-34.602115999999995!4d-58.397568!16s%2Fg%2F11ckvg1dmb!3m7!1s0x95bccaeb2af00a47:0x37d3460b55ad9d4b!8m2!3d-34.602115999999995!4d-58.397568!9m1!1b1!16s%2Fg%2F11ckvg1dmb?entry=ttu",ChIJRwrwKuvKvJURS52tVQtG0zc,0x95bccaeb2af00a47:0x37d3460b55ad9d4b,4022635906668010827,/g/11b6v5gp5l,4022635906668010827
" Cotillón, Zona Oeste, CABA, Zona Norte, Zona SUR",Globos R&D,Globos R And D,Tienda de globos,+54 11 2515-2761,http://globosrd.com/,"Pasteur 622, C1028 Cdad. Autónoma de Buenos Aires",Pasteur 622,"Balvanera, Comuna 3",C1028,Argentina,AR,"-34,601911","-58,3997921",89c2e311e8fffff,America/Buenos_Aires,,FALSE,"4,3",15,https://search.google.com/local/reviews?placeid=ChIJ0W9g66rLvJUR04uhISat630&q=*&authuser=0&hl=en&gl=AR,,https://lh3.googleusercontent.com/gps-cs-s/AHRPTWkHF71SIeIZyhRl-6LKjbNoiDBg_oeSLptatUd19f3Lnc-uSHXd5Xt02x3d7oZkoQ5imYsTKpnSmZ7TUMYiG_wlShzaeopLc9UTLUll5BQOvHxIXbZGNPmfE8gT06KU7oARUaKDXkUqtK71=w800-h500-k-no,https://lh3.googleusercontent.com/gps-cs-s/AHRPTWkHF71SIeIZyhRl-6LKjbNoiDBg_oeSLptatUd19f3Lnc-uSHXd5Xt02x3d7oZkoQ5imYsTKpnSmZ7TUMYiG_wlShzaeopLc9UTLUll5BQOvHxIXbZGNPmfE8gT06KU7oARUaKDXkUqtK71=w1600-h1000-k-no,https://lh3.googleusercontent.com/-cCtZz7Tcg6M/AAAAAAAAAAI/AAAAAAAAAAA/VizDtFMNQBA/s44-p-k-no-ns-nd/photo.jpg,,,OPERATIONAL,"{""Monday"": [""10AM-6PM""], ""Tuesday"": [""10AM-6PM""], ""Wednesday"": [""10AM-6PM""], ""Thursday"": [""10AM-6PM""], ""Friday"": [""10AM-6PM""], ""Saturday"": [""10AM-3PM""], ""Sunday"": [""Closed""]}","Monday,10AM,6PM|Tuesday,10AM,6PM|Wednesday,10AM,6PM|Thursday,10AM,6PM|Friday,10AM,6PM|Saturday,10AM,3PM",,,,,,,,,,"{""Service options"": {""Delivery"": true, ""Same-day delivery"": true}, ""Accessibility"": {""Wheelchair-accessible car park"": false}, ""Planning"": {""Quick visit"": true}, ""Payments"": {""Credit cards"": true, ""Debit cards"": true, ""NFC mobile payments"": true}}",,,TRUE,111864122916050773449,Globos R&D,https://www.google.com/maps/contrib/111864122916050773449,"https://www.google.com/maps/place/Globos+R%26D/@-34.601911,-58.3997921,14z/data=!4m8!1m2!2m1!1sGlobos+R%26D!3m4!1s0x95bccbaaeb606fd1:0x7debad2621a18bd3!8m2!3d-34.601911!4d-58.3997921","https://www.google.com/maps/place/Globos+R%26D/@-34.601911,-58.3997921,13.99z/data=!4m16!1m7!3m6!1s0x95bccbaaeb606fd1:0x7debad2621a18bd3!2sGlobos+R%26D!8m2!3d-34.601911!4d-58.3997921!16s%2Fg%2F11ckvg1dmb!3m7!1s0x95bccbaaeb606fd1:0x7debad2621a18bd3!8m2!3d-34.601911!4d-58.3997921!9m1!1b1!16s%2Fg%2F11ckvg1dmb?entry=ttu",ChIJ0W9g66rLvJUR04uhISat630,0x95bccbaaeb606fd1:0x7debad2621a18bd3,9073536253552593875,/g/11l27swmhw,9073536253552593875
" Cotillón, Zona Oeste, CABA, Zona Norte, Zona SUR",Ticoral,Ticoral,Centro comercial,,https://www.ticoral.com/,"Lavalle 2318, C1052AAB Cdad. Autónoma de Buenos Aires",Lavalle 2318,"Balvanera, Comuna 3",C1052,Argentina,AR,"-34,603527","-58,3999156",89c2e311e83ffff,America/Buenos_Aires,,FALSE,"4,1",69,https://search.google.com/local/reviews?placeid=ChIJQXhoJQDLvJUR57vV3bA9b3Q&q=*&authuser=0&hl=en&gl=AR,,https://lh3.googleusercontent.com/gps-cs-s/AHRPTWnoYnxYhP0_fKiEJWdiR0kPydEQ-iV1ffp9e1qDca2iNEWBaGBP_7eL4IksrCHQBwPPNUNbie7O_ClN7w8aXcrsR7_r65CEbvbLvIJE2WVyKrOOnFcv94YBWy6gg_LWR0Mp9OyoSSPKJ5Jj=w800-h500-k-no,https://lh3.googleusercontent.com/gps-cs-s/AHRPTWnoYnxYhP0_fKiEJWdiR0kPydEQ-iV1ffp9e1qDca2iNEWBaGBP_7eL4IksrCHQBwPPNUNbie7O_ClN7w8aXcrsR7_r65CEbvbLvIJE2WVyKrOOnFcv94YBWy6gg_LWR0Mp9OyoSSPKJ5Jj=w1600-h1000-k-no,,,,OPERATIONAL,"{""Monday"": [""8:30AM-5:30PM""], ""Tuesday"": [""8:30AM-5:30PM""], ""Wednesday"": [""8:30AM-5:30PM""], ""Thursday"": [""8:30AM-5:30PM""], ""Friday"": [""8:30AM-5:30PM""], ""Saturday"": [""8:45AM-1PM""], ""Sunday"": [""Closed""]}","Monday,8:30AM,5:30PM|Tuesday,8:30AM,5:30PM|Wednesday,8:30AM,5:30PM|Thursday,8:30AM,5:30PM|Friday,8:30AM,5:30PM|Saturday,8:45AM,1PM",,,,,,,,,,"{""Accessibility"": {""Wheelchair-accessible car park"": false}, ""Payments"": {""Credit cards"": true, ""Debit cards"": true, ""NFC mobile payments"": true}}",,,FALSE,None,Ticoral,,"https://www.google.com/maps/place/Ticoral/@-34.603527,-58.3999156,14z/data=!4m8!1m2!2m1!1sTicoral!3m4!1s0x95bccb0025687841:0x746f3db0ddd5bbe7!8m2!3d-34.603527!4d-58.3999156","https://www.google.com/maps/place/Ticoral/@-34.603527,-58.3999156,13.99z/data=!4m16!1m7!3m6!1s0x95bccb0025687841:0x746f3db0ddd5bbe7!2sTicoral!8m2!3d-34.603527!4d-58.3999156!16s%2Fg%2F11ckvg1dmb!3m7!1s0x95bccb0025687841:0x746f3db0ddd5bbe7!8m2!3d-34.603527!4d-58.3999156!9m1!1b1!16s%2Fg%2F11ckvg1dmb?entry=ttu",ChIJQXhoJQDLvJUR57vV3bA9b3Q,0x95bccb0025687841:0x746f3db0ddd5bbe7,8389992460659833831,/g/11w3vz52ll,8389992460659833831
" Cotillón, Zona Oeste, CABA, Zona Norte, Zona SUR",COTILLÓN JOAQUIN VIAJES Y MINIFLETES,Cotillón Joaquin Viajes Y Minifletes,Centro comercial,+54 11 2169-8950,https://www.instagram.com/cotillonjoaquin%3Figsh%3DMXZheTN5ZHNjMXJ4MQ%3D%3D,"Av. Sta. Fe 1714, C1060ABQ Cdad. Autónoma de Buenos Aires",Av. Sta. Fe 1714,"Barrio Norte, Recoleta, Comuna 2",C1060,Argentina,AR,"-34,5960816","-58,3922411",89c2e311e47ffff,America/Buenos_Aires,,FALSE,"4,1",9,https://search.google.com/local/reviews?placeid=ChIJGSaZOQDLvJUR-m08nu0ZbYY&q=*&authuser=0&hl=en&gl=AR,,https://streetviewpixels-pa.googleapis.com/v1/thumbnail?panoid=iTHvhsthZ3ir2jDjuMzFHA&cb_client=search.gws-prod.gps&w=800&h=500&yaw=186.38544&pitch=0&thumbfov=100,https://lh3.googleusercontent.com/gps-cs-s/AHRPTWk3kyvPi7LGfjl7Rn5U-wpxOouqkg80IZ6HBe6Xlsig_4kxcPkw5ly-_ZMMGJ-wlcHIK0d6lXNI01gkE4d6wMDlMzRJ8CUNFO9VdUcl1_pEB8nkc3AqB3YTDWN-LzNZF4qFgQ8zBp53N3c=w1600-h1000-k-no,https://lh6.googleusercontent.com/-nbObY7p8wmI/AAAAAAAAAAI/AAAAAAAAAAA/KZlE9oFxJ7c/s44-p-k-no-ns-nd/photo.jpg,,,OPERATIONAL,"{""Monday"": [""9AM-6PM""], ""Tuesday"": [""9AM-6PM""], ""Wednesday"": [""9AM-6PM""], ""Thursday"": [""9AM-6PM""], ""Friday"": [""9AM-6PM""], ""Saturday"": [""9AM-3PM""], ""Sunday"": [""Closed""]}","Monday,9AM,6PM|Tuesday,9AM,6PM|Wednesday,9AM,6PM|Thursday,9AM,6PM|Friday,9AM,6PM|Saturday,9AM,3PM",,,,,,,,,,"{""Payments"": {""Credit cards"": true, ""Debit cards"": true, ""NFC mobile payments"": true}}",,,TRUE,102337951501724598805,COTILLÓN JOAQUIN VIAJES Y MINIFLETES,https://www.google.com/maps/contrib/102337951501724598805,"https://www.google.com/maps/place/COTILL%C3%93N+JOAQUIN+VIAJES+Y+MINIFLETES/@-34.5960816,-58.3922411,14z/data=!4m8!1m2!2m1!1sCOTILL%C3%93N+JOAQUIN+VIAJES+Y+MINIFLETES!3m4!1s0x95bccb0039992619:0x866d19ed9e3c6dfa!8m2!3d-34.5960816!4d-58.3922411","https://www.google.com/maps/place/COTILL%C3%93N+JOAQUIN+VIAJES+Y+MINIFLETES/@-34.5960816,-58.3922411,13.99z/data=!4m16!1m7!3m6!1s0x95bccb0039992619:0x866d19ed9e3c6dfa!2sCOTILL%C3%93N+JOAQUIN+VIAJES+Y+MINIFLETES!8m2!3d-34.5960816!4d-58.3922411!16s%2Fg%2F11ckvg1dmb!3m7!1s0x95bccb0039992619:0x866d19ed9e3c6dfa!8m2!3d-34.5960816!4d-58.3922411!9m1!1b1!16s%2Fg%2F11ckvg1dmb?entry=ttu",ChIJGSaZOQDLvJUR-m08nu0ZbYY,0x95bccb0039992619:0x866d19ed9e3c6dfa,9686426881896508922,/g/11vjz46v0v,-8760317191813042694
" Cotillón, Zona Oeste, CABA, Zona Norte, Zona SUR",La fiesta cotillón,La Fiesta Cotillón,Tienda de artículos de fiesta,+54 21276049,,"Lavalle 2502, C1884 Cdad. Autónoma de Buenos Aires",Lavalle 2502,"Balvanera, Comuna 3",C1884,Argentina,AR,"-34,6034872","-58,4023624",89c2e311e83ffff,America/Buenos_Aires,,FALSE,"4,7",6,https://search.google.com/local/reviews?placeid=ChIJdfkW3GHLvJURB_oRGbt6jL4&q=*&authuser=0&hl=en&gl=AR,,https://lh3.googleusercontent.com/gps-cs-s/AHRPTWkHEdcrnFqUXQqH_REoMk8t4f1zcUjuH5duvJ5Qh6Mk4-O25j2UAqPpBK45VDqU83PjC_1IaD7UQOIv71eAV6RZnmTrWn3dsEcK5NDYuhfYWlhBDpsYAEJnxX243fOyxjBN6T2ctg=w800-h500-k-no,https://lh3.googleusercontent.com/gps-cs-s/AHRPTWkHEdcrnFqUXQqH_REoMk8t4f1zcUjuH5duvJ5Qh6Mk4-O25j2UAqPpBK45VDqU83PjC_1IaD7UQOIv71eAV6RZnmTrWn3dsEcK5NDYuhfYWlhBDpsYAEJnxX243fOyxjBN6T2ctg=w1600-h1000-k-no,https://lh5.googleusercontent.com/-b08dpxeNkS8/AAAAAAAAAAI/AAAAAAAAAAA/j0Osvsxa6p4/s44-p-k-no-ns-nd/photo.jpg,,,OPERATIONAL,"{""Monday"": [""9AM-5:30PM""], ""Tuesday"": [""9AM-5:30PM""], ""Wednesday"": [""9AM-5:30PM""], ""Thursday"": [""9AM-5:30PM""], ""Friday"": [""9AM-5:30PM""], ""Saturday"": [""9AM-2PM""], ""Sunday"": [""Closed""]}","Monday,9AM,5:30PM|Tuesday,9AM,5:30PM|Wednesday,9AM,5:30PM|Thursday,9AM,5:30PM|Friday,9AM,5:30PM|Saturday,9AM,2PM",,,,,,,,,,"{""Service options"": {""Delivery"": true, ""Same-day delivery"": true}, ""Accessibility"": {""Wheelchair-accessible car park"": false}, ""Planning"": {""Quick visit"": true}, ""Payments"": {""Credit cards"": true, ""Debit cards"": true, ""NFC mobile payments"": true}}",,,TRUE,103811945227469061764,La fiesta cotillón,https://www.google.com/maps/contrib/103811945227469061764,"https://www.google.com/maps/place/La+fiesta+cotill%C3%B3n/@-34.6034872,-58.402362399999994,14z/data=!4m8!1m2!2m1!1sLa+fiesta+cotill%C3%B3n!3m4!1s0x95bccb61dc16f975:0xbe8c7abb1911fa07!8m2!3d-34.6034872!4d-58.402362399999994","https://www.google.com/maps/place/La+fiesta+cotill%C3%B3n/@-34.6034872,-58.402362399999994,13.99z/data=!4m16!1m7!3m6!1s0x95bccb61dc16f975:0xbe8c7abb1911fa07!2sLa+fiesta+cotill%C3%B3n!8m2!3d-34.6034872!4d-58.402362399999994!16s%2Fg%2F11ckvg1dmb!3m7!1s0x95bccb61dc16f975:0xbe8c7abb1911fa07!8m2!3d-34.6034872!4d-58.402362399999994!9m1!1b1!16s%2Fg%2F11ckvg1dmb?entry=ttu",ChIJdfkW3GHLvJURB_oRGbt6jL4,0x95bccb61dc16f975:0xbe8c7abb1911fa07,13730484307943881223,/g/11rkj84cnw,-4716259765765670393
" Cotillón, Zona Oeste, CABA, Zona Norte, Zona SUR",Lucas Souvenirs,Lucas Souvenirs,Tienda de artículos de fiesta,,,"Pres. José Evaristo Uriburu 465, C1027AAI Cdad. Autónoma de Buenos Aires",Pres. José Evaristo Uriburu 465,"Balvanera, Comuna 3",C1027,Argentina,AR,"-34,6036932","-58,3981786",89c2e311e8bffff,America/Buenos_Aires,,FALSE,"4,9",16,https://search.google.com/local/reviews?placeid=ChIJU_QbF-vKvJUR91-HknSFzcM&q=*&authuser=0&hl=en&gl=AR,,https://streetviewpixels-pa.googleapis.com/v1/thumbnail?panoid=dXTsZA64aJa5fSo42EiNXQ&cb_client=search.gws-prod.gps&w=800&h=500&yaw=70.96471&pitch=0&thumbfov=100,https://streetviewpixels-pa.googleapis.com/v1/thumbnail?panoid=dXTsZA64aJa5fSo42EiNXQ&cb_client=search.gws-prod.gps&w=1600&h=1000&yaw=70.96471&pitch=0&thumbfov=100,,,,OPERATIONAL,"{""Monday"": [""9AM-2:30PM"", ""4-7:30PM""], ""Tuesday"": [""9AM-2:30PM"", ""4-7:30PM""], ""Wednesday"": [""9AM-7:30PM""], ""Thursday"": [""9AM-7:30PM""], ""Friday"": [""9AM-1:30PM"", ""2:30-7:30PM""], ""Saturday"": [""9AM-1:30PM""], ""Sunday"": [""Closed""]}","Monday,9AM,2:30PM|Monday,4,7:30PM|Tuesday,9AM,2:30PM|Tuesday,4,7:30PM|Wednesday,9AM,7:30PM|Thursday,9AM,7:30PM|Friday,9AM,1:30PM|Friday,2:30,7:30PM|Saturday,9AM,1:30PM",,,,,,,,,,"{""Service options"": {""Delivery"": true, ""Same-day delivery"": true}, ""Accessibility"": {""Wheelchair-accessible car park"": false}, ""Planning"": {""Quick visit"": true}, ""Payments"": {""Credit cards"": true, ""Debit cards"": true, ""NFC mobile payments"": true}}",,,FALSE,None,Lucas Souvenirs,,"https://www.google.com/maps/place/Lucas+Souvenirs/@-34.603693199999995,-58.398178599999994,14z/data=!4m8!1m2!2m1!1sLucas+Souvenirs!3m4!1s0x95bccaeb171bf453:0xc3cd857492875ff7!8m2!3d-34.603693199999995!4d-58.398178599999994","https://www.google.com/maps/place/Lucas+Souvenirs/@-34.603693199999995,-58.398178599999994,13.99z/data=!4m16!1m7!3m6!1s0x95bccaeb171bf453:0xc3cd857492875ff7!2sLucas+Souvenirs!8m2!3d-34.603693199999995!4d-58.398178599999994!16s%2Fg%2F11ckvg1dmb!3m7!1s0x95bccaeb171bf453:0xc3cd857492875ff7!8m2!3d-34.603693199999995!4d-58.398178599999994!9m1!1b1!16s%2Fg%2F11ckvg1dmb?entry=ttu",ChIJU_QbF-vKvJUR91-HknSFzcM,0x95bccaeb171bf453:0xc3cd857492875ff7,14109079943342678007,/g/11g9qlmfnr,-4337664130366873609
" Cotillón, Zona Oeste, CABA, Zona Norte, Zona SUR",Be Happy Globos,Be Happy Globos,Tienda de artículos de fiesta,,,"Maza, Adolfo Alsina 654, Cdad. Autónoma de Buenos Aires","Maza, Adolfo Alsina 654","Monserrat, Comuna 1",None,Argentina,AR,"-34,6105163","-58,3758017",89c2e31131bffff,America/Buenos_Aires,,FALSE,4,1,https://search.google.com/local/reviews?placeid=ChIJ6wF6UPjKvJURi12yjW2l3hk&q=*&authuser=0&hl=en&gl=AR,,https://streetviewpixels-pa.googleapis.com/v1/thumbnail?panoid=_5cvUAzakfjFX7tmPiUxwg&cb_client=search.gws-prod.gps&w=800&h=500&yaw=179.97942&pitch=0&thumbfov=100,https://streetviewpixels-pa.googleapis.com/v1/thumbnail?panoid=_5cvUAzakfjFX7tmPiUxwg&cb_client=search.gws-prod.gps&w=1600&h=1000&yaw=179.97942&pitch=0&thumbfov=100,,,,OPERATIONAL,,,,,,,,,,,,"{""Service options"": {""Delivery"": true, ""Same-day delivery"": true}, ""Planning"": {""Quick visit"": true}, ""Payments"": {""Debit cards"": true}}",,,FALSE,None,Be Happy Globos,,"https://www.google.com/maps/place/Be+Happy+Globos/@-34.6105163,-58.3758017,14z/data=!4m8!1m2!2m1!1sBe+Happy+Globos!3m4!1s0x95bccaf8507a01eb:0x19dea56d8db25d8b!8m2!3d-34.6105163!4d-58.3758017","https://www.google.com/maps/place/Be+Happy+Globos/@-34.6105163,-58.3758017,13.99z/data=!4m16!1m7!3m6!1s0x95bccaf8507a01eb:0x19dea56d8db25d8b!2sBe+Happy+Globos!8m2!3d-34.6105163!4d-58.3758017!16s%2Fg%2F11ckvg1dmb!3m7!1s0x95bccaf8507a01eb:0x19dea56d8db25d8b!8m2!3d-34.6105163!4d-58.3758017!9m1!1b1!16s%2Fg%2F11ckvg1dmb?entry=ttu",ChIJ6wF6UPjKvJURi12yjW2l3hk,0x95bccaf8507a01eb:0x19dea56d8db25d8b,1864109185725259147,/g/11y1gv6fr9,1864109185725259147
" Cotillón, Zona Oeste, CABA, Zona Norte, Zona SUR",PAPELERA MICROCENTRO,Papelera Microcentro,Papelería,+54 11 4343-3969,,"Av. de Mayo 708, C1084 Cdad. Autónoma de Buenos Aires",Av. de Mayo 708,"Monserrat, Comuna 1",C1084,Argentina,AR,"-34,608844","-58,376479",89c2e31130bffff,America/Buenos_Aires,,FALSE,"4,8",127,https://search.google.com/local/reviews?placeid=ChIJDdbgvJvLvJUR2FSOlDO4s2o&q=*&authuser=0&hl=en&gl=AR,,https://lh3.googleusercontent.com/gps-cs-s/AHRPTWnXAU-mfn3qCq4IStGq1QVCM3h8-D2Dp8gVIovAPue4BAuFbI3IRXRL-qCjbLZ57eW8En1T70Fb_UPuAhruhC3ryf-AlyfPhkoaBmSw6ewlcM7JgYXmJbhfzHCjZgVgkogUoq8Lbg=w800-h500-k-no,https://lh3.googleusercontent.com/gps-cs-s/AHRPTWnXAU-mfn3qCq4IStGq1QVCM3h8-D2Dp8gVIovAPue4BAuFbI3IRXRL-qCjbLZ57eW8En1T70Fb_UPuAhruhC3ryf-AlyfPhkoaBmSw6ewlcM7JgYXmJbhfzHCjZgVgkogUoq8Lbg=w1600-h1000-k-no,https://lh6.googleusercontent.com/-cw6MB9lrDck/AAAAAAAAAAI/AAAAAAAAAAA/z8cvmO_wb3U/s44-p-k-no-ns-nd/photo.jpg,,,OPERATIONAL,"{""Monday"": [""9AM-6PM""], ""Tuesday"": [""9AM-6PM""], ""Wednesday"": [""9AM-6PM""], ""Thursday"": [""9AM-6PM""], ""Friday"": [""9AM-6PM""], ""Saturday"": [""Closed""], ""Sunday"": [""Closed""]}","Monday,9AM,6PM|Tuesday,9AM,6PM|Wednesday,9AM,6PM|Thursday,9AM,6PM|Friday,9AM,6PM",,,,,,,,,,"{""Service options"": {""Delivery"": true, ""In-store pick-up"": true}, ""Accessibility"": {""Wheelchair-accessible entrance"": true, ""Wheelchair-accessible car park"": false}, ""Amenities"": {""Wi-Fi"": true}, ""Payments"": {""Cheques"": true, ""Credit cards"": true, ""Debit cards"": true, ""NFC mobile payments"": true}}",,,TRUE,116971978726617474314,PAPELERA MICROCENTRO,https://www.google.com/maps/contrib/116971978726617474314,"https://www.google.com/maps/place/PAPELERA+MICROCENTRO/@-34.608844,-58.376478999999996,14z/data=!4m8!1m2!2m1!1sPAPELERA+MICROCENTRO!3m4!1s0x95bccb9bbce0d60d:0x6ab3b833948e54d8!8m2!3d-34.608844!4d-58.376478999999996","https://www.google.com/maps/place/PAPELERA+MICROCENTRO/@-34.608844,-58.376478999999996,13.99z/data=!4m16!1m7!3m6!1s0x95bccb9bbce0d60d:0x6ab3b833948e54d8!2sPAPELERA+MICROCENTRO!8m2!3d-34.608844!4d-58.376478999999996!16s%2Fg%2F11ckvg1dmb!3m7!1s0x95bccb9bbce0d60d:0x6ab3b833948e54d8!8m2!3d-34.608844!4d-58.376478999999996!9m1!1b1!16s%2Fg%2F11ckvg1dmb?entry=ttu",ChIJDdbgvJvLvJUR2FSOlDO4s2o,0x95bccb9bbce0d60d:0x6ab3b833948e54d8,7688691520526767320,/g/11f792x5pd,7688691520526767320
" Cotillón, Zona Oeste, CABA, Zona Norte, Zona SUR",Balloon City,Balloon City,Balloon store,+54 11 4800-9352,http://www.ballooncity.com.ar/,"Lavalle 2300, C1028 Cdad. Autónoma de Buenos Aires",Lavalle 2300,"Balvanera, Comuna 3",C1028,Argentina,AR,"-34,6035367","-58,3993743",89c2e311e8bffff,America/Buenos_Aires,,FALSE,"3,8",127,https://search.google.com/local/reviews?placeid=ChIJkcEH-kvLvJURdXRr8s9B6LM&q=*&authuser=0&hl=en&gl=AR,,https://lh3.googleusercontent.com/gps-cs-s/AHRPTWnIy_IVLr8NAIc4NEeLU6Mx85B707H1inubs4P3Gq9_agd4tHodsHYWpGW701Kv6YtpY5O9759zlnNC8GbM7_3PDOh8D-W7FtbJHst5h7h2PW3-PqGALjktpmK6AfSH2rZyAL5Q1g=w800-h500-k-no,https://lh3.googleusercontent.com/gps-cs-s/AHRPTWnIy_IVLr8NAIc4NEeLU6Mx85B707H1inubs4P3Gq9_agd4tHodsHYWpGW701Kv6YtpY5O9759zlnNC8GbM7_3PDOh8D-W7FtbJHst5h7h2PW3-PqGALjktpmK6AfSH2rZyAL5Q1g=w1600-h1000-k-no,https://lh4.googleusercontent.com/-rFI2eSLmLHQ/AAAAAAAAAAI/AAAAAAAAAAA/p4byKaHnJOY/s44-p-k-no-ns-nd/photo.jpg,,,OPERATIONAL,"{""Monday"": [""9:30AM-6PM""], ""Tuesday"": [""9:30AM-6PM""], ""Wednesday"": [""9:30AM-6PM""], ""Thursday"": [""9:30AM-6PM""], ""Friday"": [""9:30AM-6PM""], ""Saturday"": [""9:30AM-2PM""], ""Sunday"": [""Closed""]}","Monday,9:30AM,6PM|Tuesday,9:30AM,6PM|Wednesday,9:30AM,6PM|Thursday,9:30AM,6PM|Friday,9:30AM,6PM|Saturday,9:30AM,2PM",,,,,,,,,,"{""Service options"": {""Delivery"": true, ""In-store pick-up"": true, ""In-store shopping"": true, ""Same-day delivery"": true}, ""Accessibility"": {""Wheelchair-accessible car park"": false, ""Wheelchair-accessible entrance"": false}, ""Planning"": {""Quick visit"": true}, ""Payments"": {""Credit cards"": true, ""Debit cards"": true, ""NFC mobile payments"": true}}",,,TRUE,106692190976510112458,Balloon City,https://www.google.com/maps/contrib/106692190976510112458,"https://www.google.com/maps/place/Balloon+City/@-34.6035367,-58.3993743,14z/data=!4m8!1m2!2m1!1sBalloon+City!3m4!1s0x95bccb4bfa07c191:0xb3e841cff26b7475!8m2!3d-34.6035367!4d-58.3993743","https://www.google.com/maps/place/Balloon+City/@-34.6035367,-58.3993743,13.99z/data=!4m16!1m7!3m6!1s0x95bccb4bfa07c191:0xb3e841cff26b7475!2sBalloon+City!8m2!3d-34.6035367!4d-58.3993743!16s%2Fg%2F11ckvg1dmb!3m7!1s0x95bccb4bfa07c191:0xb3e841cff26b7475!8m2!3d-34.6035367!4d-58.3993743!9m1!1b1!16s%2Fg%2F11ckvg1dmb?entry=ttu",ChIJkcEH-kvLvJURdXRr8s9B6LM,0x95bccb4bfa07c191:0xb3e841cff26b7475,12963683888767136885,/g/1hc73kbl1,-5483060184942414731
" Cotillón, Zona Oeste, CABA, Zona Norte, Zona SUR",Coti Space,Coti Space,Comercio,+54 11 2386-2885,https://cotispace.mitiendanube.com/,"lavalle 2393, Lavalle 2387, C1052AAC Cdad. Autónoma de Buenos Aires","lavalle 2393, Lavalle 2387","Balvanera, Comuna 3",C1052,Argentina,AR,"-34,6032909","-58,4006177",89c2e311e83ffff,America/Buenos_Aires,,FALSE,"4,4",8,https://search.google.com/local/reviews?placeid=ChIJc7UcNvnLvJUR8ANH2t0c67U&q=*&authuser=0&hl=en&gl=AR,,https://lh3.googleusercontent.com/gps-cs-s/AHRPTWmC6l_Cz1aj0O3PEz5P0AW84FyZ9Fan0gT_iD5qMkOJcwpmjYg5i4qLM9jggouRMAq8ByAHr9XIHwu73jTEnhOPlj6K2I1uVW7FxLsgwymuWIHl8_A8qFVj3Rlw1JvicoYgTYQ=w800-h500-k-no,https://lh3.googleusercontent.com/gps-cs-s/AHRPTWmC6l_Cz1aj0O3PEz5P0AW84FyZ9Fan0gT_iD5qMkOJcwpmjYg5i4qLM9jggouRMAq8ByAHr9XIHwu73jTEnhOPlj6K2I1uVW7FxLsgwymuWIHl8_A8qFVj3Rlw1JvicoYgTYQ=w1600-h1000-k-no,https://lh6.googleusercontent.com/-cAn3-2gStp8/AAAAAAAAAAI/AAAAAAAAAAA/D26j6YEqiho/s44-p-k-no-ns-nd/photo.jpg,,,OPERATIONAL,"{""Monday"": [""9AM-6PM""], ""Tuesday"": [""9AM-6PM""], ""Wednesday"": [""9AM-6PM""], ""Thursday"": [""9AM-6PM""], ""Friday"": [""9AM-6PM""], ""Saturday"": [""9AM-6PM""], ""Sunday"": [""9AM-6PM""]}","Sunday,9AM,6PM|Monday,9AM,6PM|Tuesday,9AM,6PM|Wednesday,9AM,6PM|Thursday,9AM,6PM|Friday,9AM,6PM|Saturday,9AM,6PM",,,,,,,,,,"{""Service options"": {""Delivery"": true}, ""Accessibility"": {""Wheelchair-accessible car park"": false}, ""Planning"": {""Quick visit"": true}, ""Payments"": {""Debit cards"": true, ""NFC mobile payments"": true}}",,,TRUE,107024668664573807729,Coti Space,https://www.google.com/maps/contrib/107024668664573807729,"https://www.google.com/maps/place/Coti+Space/@-34.6032909,-58.4006177,14z/data=!4m8!1m2!2m1!1sCoti+Space!3m4!1s0x95bccbf9361cb573:0xb5eb1cddda4703f0!8m2!3d-34.6032909!4d-58.4006177","https://www.google.com/maps/place/Coti+Space/@-34.6032909,-58.4006177,13.99z/data=!4m16!1m7!3m6!1s0x95bccbf9361cb573:0xb5eb1cddda4703f0!2sCoti+Space!8m2!3d-34.6032909!4d-58.4006177!16s%2Fg%2F11ckvg1dmb!3m7!1s0x95bccbf9361cb573:0xb5eb1cddda4703f0!8m2!3d-34.6032909!4d-58.4006177!9m1!1b1!16s%2Fg%2F11ckvg1dmb?entry=ttu",ChIJc7UcNvnLvJUR8ANH2t0c67U,0x95bccbf9361cb573:0xb5eb1cddda4703f0,13108602879567397872,/g/11fn48jb8y,-5338141194142153744
" Cotillón, Zona Oeste, CABA, Zona Norte, Zona SUR",POSSE,Posse,Tienda de artículos de fiesta,,,"Lavalle 2227, C1051 ABI, Cdad. Autónoma de Buenos Aires",Lavalle 2227,Balvanera,C1051,Argentina,AR,"-34,603238","-58,398669",89c2e311e8bffff,America/Buenos_Aires,,FALSE,"4,4",8,https://search.google.com/local/reviews?placeid=ChIJ8XvCOOvKvJURTLJYtHV65MU&q=*&authuser=0&hl=en&gl=AR,,https://lh3.googleusercontent.com/gps-cs-s/AHRPTWk--7Ax9XjzoakoEJ4eSpbs2UCVMgcJSl0E9MkMx56OJfisGiEP79bV6x_chWxWwIr5b0wm7SQsZgVpT6wQkkOHqqB6ue6cVZklm0gMQ7RhSrx7UoF8YAodHGPrPtrWt3CKVgdD=w800-h500-k-no,https://lh3.googleusercontent.com/gps-cs-s/AHRPTWk--7Ax9XjzoakoEJ4eSpbs2UCVMgcJSl0E9MkMx56OJfisGiEP79bV6x_chWxWwIr5b0wm7SQsZgVpT6wQkkOHqqB6ue6cVZklm0gMQ7RhSrx7UoF8YAodHGPrPtrWt3CKVgdD=w1600-h1000-k-no,,,,OPERATIONAL,"{""Monday"": [""9AM-6PM""], ""Tuesday"": [""9AM-6PM""], ""Wednesday"": [""9AM-6PM""], ""Thursday"": [""9AM-6PM""], ""Friday"": [""9AM-6PM""], ""Saturday"": [""9AM-3PM""], ""Sunday"": [""Closed""]}","Monday,9AM,6PM|Tuesday,9AM,6PM|Wednesday,9AM,6PM|Thursday,9AM,6PM|Friday,9AM,6PM|Saturday,9AM,3PM",,,,,,,,,,"{""Service options"": {""Delivery"": true, ""Same-day delivery"": true}, ""Accessibility"": {""Wheelchair-accessible car park"": false}, ""Planning"": {""Quick visit"": true}, ""Payments"": {""Debit cards"": true}}",,,FALSE,None,POSSE,,"https://www.google.com/maps/place/POSSE/@-34.603238,-58.398669,14z/data=!4m8!1m2!2m1!1sPOSSE!3m4!1s0x95bccaeb38c27bf1:0xc5e47a75b458b24c!8m2!3d-34.603238!4d-58.398669","https://www.google.com/maps/place/POSSE/@-34.603238,-58.398669,13.99z/data=!4m16!1m7!3m6!1s0x95bccaeb38c27bf1:0xc5e47a75b458b24c!2sPOSSE!8m2!3d-34.603238!4d-58.398669!16s%2Fg%2F11ckvg1dmb!3m7!1s0x95bccaeb38c27bf1:0xc5e47a75b458b24c!8m2!3d-34.603238!4d-58.398669!9m1!1b1!16s%2Fg%2F11ckvg1dmb?entry=ttu",ChIJ8XvCOOvKvJURTLJYtHV65MU,0x95bccaeb38c27bf1:0xc5e47a75b458b24c,14259656966117306956,/g/11b6x6gy2q,-4187087107592244660
" Cotillón, Zona Oeste, CABA, Zona Norte, Zona SUR",L&w mayorista cotillón y juguteria,L And W Mayorista Cotillón Y Juguteria,Juguetería,+54 9 11 2342-6254,https://lwmayorista.mitiendanube.com/,"Azcuénaga 329, C1040 Cdad. Autónoma de Buenos Aires",Azcuénaga 329,"Balvanera, Comuna 3",C1040,Argentina,AR,"-34,6057032","-58,4006271",89c2e311e93ffff,America/Buenos_Aires,,FALSE,,,,,https://lh3.googleusercontent.com/gps-cs-s/AHRPTWn5M-nj-XDVr5hKtHbfSX4LS--niP3CqAX750tdBWlSfaPSa0xaftxJ6PSPotN3Sj2GNGzDo-BtsewbtDRHHXgPT7IteZS-BngG1OxvAegmKLOpMTN4JoFzNe7Y2kVdvBIsX_Cx-Hv4qrk=w800-h500-k-no,https://lh3.googleusercontent.com/gps-cs-s/AHRPTWn5M-nj-XDVr5hKtHbfSX4LS--niP3CqAX750tdBWlSfaPSa0xaftxJ6PSPotN3Sj2GNGzDo-BtsewbtDRHHXgPT7IteZS-BngG1OxvAegmKLOpMTN4JoFzNe7Y2kVdvBIsX_Cx-Hv4qrk=w1600-h1000-k-no,https://lh3.googleusercontent.com/-kunXLIqQwiM/AAAAAAAAAAI/AAAAAAAAAAA/d3wK0YfRM-4/s44-p-k-no-ns-nd/photo.jpg,,,OPERATIONAL,"{""Monday"": [""9AM-6PM""], ""Tuesday"": [""9AM-6PM""], ""Wednesday"": [""9AM-6PM""], ""Thursday"": [""9AM-6PM""], ""Friday"": [""9AM-6PM""], ""Saturday"": [""9AM-2PM""], ""Sunday"": [""Closed""]}","Monday,9AM,6PM|Tuesday,9AM,6PM|Wednesday,9AM,6PM|Thursday,9AM,6PM|Friday,9AM,6PM|Saturday,9AM,2PM",,,,,,,,,,"{""Planning"": {""Quick visit"": true}, ""Payments"": {""Debit cards"": true}}",,,TRUE,104460505076027309986,L&w mayorista cotillón y juguteria,https://www.google.com/maps/contrib/104460505076027309986,"https://www.google.com/maps/place/L%26w+mayorista+cotill%C3%B3n+y+juguteria/@-34.6057032,-58.400627099999994,14z/data=!4m8!1m2!2m1!1sL%26w+mayorista+cotill%C3%B3n+y+juguteria!3m4!1s0x95bccb005d583c2b:0x9e5848816e9fcc6!8m2!3d-34.6057032!4d-58.400627099999994","https://www.google.com/maps/place/L%26w+mayorista+cotill%C3%B3n+y+juguteria/@-34.6057032,-58.400627099999994,13.99z/data=!4m16!1m7!3m6!1s0x95bccb005d583c2b:0x9e5848816e9fcc6!2sL%26w+mayorista+cotill%C3%B3n+y+juguteria!8m2!3d-34.6057032!4d-58.400627099999994!16s%2Fg%2F11ckvg1dmb!3m7!1s0x95bccb005d583c2b:0x9e5848816e9fcc6!8m2!3d-34.6057032!4d-58.400627099999994!9m1!1b1!16s%2Fg%2F11ckvg1dmb?entry=ttu",ChIJKzxYXQDLvJURxvzpFoiE5Qk,0x95bccb005d583c2b:0x9e5848816e9fcc6,713121836042943686,/g/11m5nw42gz,None
" Cotillón, Zona Oeste, CABA, Zona Norte, Zona SUR",CATALINA COTILLON,Catalina Cotillon,Mayorista,,,"Pres. José Evaristo Uriburu 488 C1027AAJ, C1027AAJ Cdad. Autónoma de Buenos Aires",Pres. José Evaristo Uriburu 488 C1027AAJ,"Balvanera, Comuna 3",C1027,Argentina,AR,"-34,6034713","-58,3985464",89c2e311e8bffff,America/Buenos_Aires,,FALSE,"3,7",3,https://search.google.com/local/reviews?placeid=ChIJ84zzSQDLvJURXiRL4-bg-GE&q=*&authuser=0&hl=en&gl=AR,,https://lh3.googleusercontent.com/gps-cs-s/AHRPTWkdK6d2RoaRD70cx8P_sTRQEsjjVerwNdDdE-MrM1pBdJnNtK9N5EvIJkK4u8oGI2exdHlIWMDcVqwUC0gc7EByTFiqffcLJWyp2HND8iQgILvt68_1rSrFzLF9Km0HgcB0mfc=w800-h500-k-no,https://lh3.googleusercontent.com/gps-cs-s/AHRPTWkdK6d2RoaRD70cx8P_sTRQEsjjVerwNdDdE-MrM1pBdJnNtK9N5EvIJkK4u8oGI2exdHlIWMDcVqwUC0gc7EByTFiqffcLJWyp2HND8iQgILvt68_1rSrFzLF9Km0HgcB0mfc=w1600-h1000-k-no,,,,OPERATIONAL,,,,,,,,,,,,"{""Payments"": {""Debit cards"": true}}",,,FALSE,None,CATALINA COTILLON,,"https://www.google.com/maps/place/CATALINA+COTILLON/@-34.603471299999995,-58.3985464,14z/data=!4m8!1m2!2m1!1sCATALINA+COTILLON!3m4!1s0x95bccb0049f38cf3:0x61f8e0e6e34b245e!8m2!3d-34.603471299999995!4d-58.3985464","https://www.google.com/maps/place/CATALINA+COTILLON/@-34.603471299999995,-58.3985464,13.99z/data=!4m16!1m7!3m6!1s0x95bccb0049f38cf3:0x61f8e0e6e34b245e!2sCATALINA+COTILLON!8m2!3d-34.603471299999995!4d-58.3985464!16s%2Fg%2F11ckvg1dmb!3m7!1s0x95bccb0049f38cf3:0x61f8e0e6e34b245e!8m2!3d-34.603471299999995!4d-58.3985464!9m1!1b1!16s%2Fg%2F11ckvg1dmb?entry=ttu",ChIJ84zzSQDLvJURXiRL4-bg-GE,0x95bccb0049f38cf3:0x61f8e0e6e34b245e,7059639698163704926,/g/11ld_rvqqc,7059639698163704926
" Cotillón, Zona Oeste, CABA, Zona Norte, Zona SUR",Candy Craft Souvenirs E Insumos,Candy Craft Souvenirs E Insumos,Tienda de artesanías,+54 11 4160-3465,https://www.candycraft.com.ar/,"Pres. José Evaristo Uriburu 431, C1027 AAI, Cdad. Autónoma de Buenos Aires",Pres. José Evaristo Uriburu 431,Balvanera,C1027,Argentina,AR,"-34,6040549","-58,398044",89c2e311e8bffff,America/Buenos_Aires,,FALSE,"4,5",509,https://search.google.com/local/reviews?placeid=ChIJ-UqsGuvKvJURKhu8uu8BcP8&q=*&authuser=0&hl=en&gl=AR,,https://lh3.googleusercontent.com/gps-cs-s/AHRPTWnU4-KvR6BpB5mNzQ9APYkuLfi7unUt16Exg_eFo8erJRoV4X88KTqh51tREslybCIWkZxCN7SuzDJUIA0dwgSJcaIhshAwNNd7LeBRILJ-S7wMgUGPWe9d0VP4NKvEA4wcnS543A=w800-h500-k-no,https://lh3.googleusercontent.com/gps-cs-s/AHRPTWnU4-KvR6BpB5mNzQ9APYkuLfi7unUt16Exg_eFo8erJRoV4X88KTqh51tREslybCIWkZxCN7SuzDJUIA0dwgSJcaIhshAwNNd7LeBRILJ-S7wMgUGPWe9d0VP4NKvEA4wcnS543A=w1600-h1000-k-no,https://lh6.googleusercontent.com/-0Vp4d-jlicc/AAAAAAAAAAI/AAAAAAAAAAA/AoWS1GSMfsU/s44-p-k-no-ns-nd/photo.jpg,,,OPERATIONAL,"{""Monday"": [""9:30AM-6PM""], ""Tuesday"": [""9:30AM-6PM""], ""Wednesday"": [""9:30AM-6PM""], ""Thursday"": [""9:30AM-6PM""], ""Friday"": [""9:30AM-6PM""], ""Saturday"": [""9:30AM-1PM""], ""Sunday"": [""Closed""]}","Monday,9:30AM,6PM|Tuesday,9:30AM,6PM|Wednesday,9:30AM,6PM|Thursday,9:30AM,6PM|Friday,9:30AM,6PM|Saturday,9:30AM,1PM",,,,,,,,,,"{""Service options"": {""Delivery"": true}, ""Accessibility"": {""Wheelchair-accessible car park"": false}, ""Planning"": {""Quick visit"": true}, ""Payments"": {""Credit cards"": true, ""Debit cards"": true, ""NFC mobile payments"": true}}",,,TRUE,115843810748262562494,Candy Craft Souvenirs E Insumos,https://www.google.com/maps/contrib/115843810748262562494,"https://www.google.com/maps/place/Candy+Craft+Souvenirs+E+Insumos/@-34.6040549,-58.398044,14z/data=!4m8!1m2!2m1!1sCandy+Craft+Souvenirs+E+Insumos!3m4!1s0x95bccaeb1aac4af9:0xff7001efbabc1b2a!8m2!3d-34.6040549!4d-58.398044","https://www.google.com/maps/place/Candy+Craft+Souvenirs+E+Insumos/@-34.6040549,-58.398044,13.99z/data=!4m16!1m7!3m6!1s0x95bccaeb1aac4af9:0xff7001efbabc1b2a!2sCandy+Craft+Souvenirs+E+Insumos!8m2!3d-34.6040549!4d-58.398044!16s%2Fg%2F11ckvg1dmb!3m7!1s0x95bccaeb1aac4af9:0xff7001efbabc1b2a!8m2!3d-34.6040549!4d-58.398044!9m1!1b1!16s%2Fg%2F11ckvg1dmb?entry=ttu",ChIJ-UqsGuvKvJURKhu8uu8BcP8,0x95bccaeb1aac4af9:0xff7001efbabc1b2a,18406213806204918570,/g/11fnwhkgm8,-40530267504633046
" Cotillón, Zona Oeste, CABA, Zona Norte, Zona SUR",COTILLON Y PIRATERÍA ESBRI,Cotillon Y Piratería Esbri,,,,"Lavalle 2390, C1052AAB Cdad. Autónoma de Buenos Aires",Lavalle 2390,"Balvanera, Comuna 3",C1052,Argentina,AR,"-34,6034935","-58,4007556",89c2e311e83ffff,America/Buenos_Aires,,FALSE,5,1,https://search.google.com/local/reviews?placeid=ChIJq5Cnr-zKvJURjqPtBS6XIiw&q=*&authuser=0&hl=en&gl=AR,,https://streetviewpixels-pa.googleapis.com/v1/thumbnail?panoid=9wEcSEyPq0YPlvACIuRVCg&cb_client=search.gws-prod.gps&w=800&h=500&yaw=221.68231&pitch=0&thumbfov=100,https://streetviewpixels-pa.googleapis.com/v1/thumbnail?panoid=9wEcSEyPq0YPlvACIuRVCg&cb_client=search.gws-prod.gps&w=1600&h=1000&yaw=221.68231&pitch=0&thumbfov=100,,,,OPERATIONAL,,,,,,,,,,,,,,,FALSE,None,COTILLON Y PIRATERÍA ESBRI,,"https://www.google.com/maps/place/COTILLON+Y+PIRATER%C3%8DA+ESBRI/@-34.6034935,-58.4007556,14z/data=!4m8!1m2!2m1!1sCOTILLON+Y+PIRATER%C3%8DA+ESBRI!3m4!1s0x95bccaecafa790ab:0x2c22972e05eda38e!8m2!3d-34.6034935!4d-58.4007556","https://www.google.com/maps/place/COTILLON+Y+PIRATER%C3%8DA+ESBRI/@-34.6034935,-58.4007556,13.99z/data=!4m16!1m7!3m6!1s0x95bccaecafa790ab:0x2c22972e05eda38e!2sCOTILLON+Y+PIRATER%C3%8DA+ESBRI!8m2!3d-34.6034935!4d-58.4007556!16s%2Fg%2F11ckvg1dmb!3m7!1s0x95bccaecafa790ab:0x2c22972e05eda38e!8m2!3d-34.6034935!4d-58.4007556!9m1!1b1!16s%2Fg%2F11ckvg1dmb?entry=ttu",ChIJq5Cnr-zKvJURjqPtBS6XIiw,0x95bccaecafa790ab:0x2c22972e05eda38e,3180270510800741262,/g/11xf7wvr75,3180270510800741262
" Cotillón, Zona Oeste, CABA, Zona Norte, Zona SUR",COTI DULCE,Coti Dulce,Tienda de artículos de fiesta,+54 11 4744-0056,,"Constitución 348, B1646CXH Gran Buenos Aires, Provincia de Buenos Aires",Constitución 348,None,B1646,Argentina,AR,"-34,4364525","-58,562395",89c2e3046b7ffff,America/Buenos_Aires,,FALSE,"4,5",1714,https://search.google.com/local/reviews?placeid=ChIJC8e3r3ulvJURf6PjdaefyVY&q=*&authuser=0&hl=en&gl=AR,,https://lh3.googleusercontent.com/gps-cs-s/AHRPTWnZ_EPvEJLYTNSiUwlSWHBZSYY34HdVPKgSTS4rFXwlwiC4nepJhEIAksUZnjBQzDhyBdf3JtF3f1OtboVZIJoMDb-5m0qXC8bNt3dHHpbnTE_vZQyOINsUHnIGRyohWa9plwRR=w800-h500-k-no,https://lh3.googleusercontent.com/gps-cs-s/AHRPTWnZ_EPvEJLYTNSiUwlSWHBZSYY34HdVPKgSTS4rFXwlwiC4nepJhEIAksUZnjBQzDhyBdf3JtF3f1OtboVZIJoMDb-5m0qXC8bNt3dHHpbnTE_vZQyOINsUHnIGRyohWa9plwRR=w1600-h1000-k-no,https://lh3.googleusercontent.com/-xXvXyAb-fkE/AAAAAAAAAAI/AAAAAAAAAAA/M3aTtddR6xU/s44-p-k-no-ns-nd/photo.jpg,,,OPERATIONAL,"{""Monday"": [""9:30AM-1PM"", ""3:30-8PM""], ""Tuesday"": [""9:30AM-1PM"", ""3:30-8PM""], ""Wednesday"": [""9:30AM-1PM"", ""3:30-8PM""], ""Thursday"": [""9:30AM-1PM"", ""3:30-8PM""], ""Friday"": [""9:30AM-1PM"", ""3:30-8PM""], ""Saturday"": [""9:30AM-1:30PM"", ""4-8PM""], ""Sunday"": [""Closed""]}","Monday,9:30AM,1PM|Monday,3:30,8PM|Tuesday,9:30AM,1PM|Tuesday,3:30,8PM|Wednesday,9:30AM,1PM|Wednesday,3:30,8PM|Thursday,9:30AM,1PM|Thursday,3:30,8PM|Friday,9:30AM,1PM|Friday,3:30,8PM|Saturday,9:30AM,1:30PM|Saturday,4,8PM",,,,,,,,,,"{""Service options"": {""Delivery"": true, ""In-store pick-up"": true, ""In-store shopping"": true, ""Same-day delivery"": true}, ""Accessibility"": {""Wheelchair-accessible car park"": false}, ""Planning"": {""Quick visit"": true}, ""Payments"": {""Credit cards"": true, ""Debit cards"": true, ""NFC mobile payments"": true}}",,,TRUE,113097691644828222112,COTI DULCE,https://www.google.com/maps/contrib/113097691644828222112,"https://www.google.com/maps/place/COTI+DULCE/@-34.4364525,-58.562394999999995,14z/data=!4m8!1m2!2m1!1sCOTI+DULCE!3m4!1s0x95bca57bafb7c70b:0x56c99fa775e3a37f!8m2!3d-34.4364525!4d-58.562394999999995","https://www.google.com/maps/place/COTI+DULCE/@-34.4364525,-58.562394999999995,13.99z/data=!4m16!1m7!3m6!1s0x95bca57bafb7c70b:0x56c99fa775e3a37f!2sCOTI+DULCE!8m2!3d-34.4364525!4d-58.562394999999995!16s%2Fg%2F11ckvg1dmb!3m7!1s0x95bca57bafb7c70b:0x56c99fa775e3a37f!8m2!3d-34.4364525!4d-58.562394999999995!9m1!1b1!16s%2Fg%2F11ckvg1dmb?entry=ttu",ChIJC8e3r3ulvJURf6PjdaefyVY,0x95bca57bafb7c70b:0x56c99fa775e3a37f,6253705099166851967,/g/1tdkhv9p,6253705099166851967
" Cotillón, Zona Oeste, CABA, Zona Norte, Zona SUR",Lollipop,Lollipop,Tienda de golosinas,+54 11 2153-3696,https://www.lollipopgolosinas.com.ar/,"Talcahuano 370, C1038 Cdad. Autónoma de Buenos Aires",Talcahuano 370,"San Nicolás, Comuna 1",C1038,Argentina,AR,"-34,6043939","-58,3851646",89c2e311323ffff,America/Buenos_Aires,,FALSE,"4,7",103,https://search.google.com/local/reviews?placeid=ChIJ09yIACLLvJURG4lFJy4wb6s&q=*&authuser=0&hl=en&gl=AR,,https://lh3.googleusercontent.com/gps-cs-s/AHRPTWlZUhp_oLMxaVqhd0cxzfPPD5JVnpPt1oMv2K1PPH7OZkpu4Jcjx7MV-DbH-70J8vnBk8CZuiqNWdRglr4HYr6ZHmGjwcXAaW-pe06Ps5pr5rvEvGCyYFGbbhr5e13HSdqdOHduQg=w800-h500-k-no,https://lh3.googleusercontent.com/gps-cs-s/AHRPTWlZUhp_oLMxaVqhd0cxzfPPD5JVnpPt1oMv2K1PPH7OZkpu4Jcjx7MV-DbH-70J8vnBk8CZuiqNWdRglr4HYr6ZHmGjwcXAaW-pe06Ps5pr5rvEvGCyYFGbbhr5e13HSdqdOHduQg=w1600-h1000-k-no,https://lh5.googleusercontent.com/-CNYmU5-MJJE/AAAAAAAAAAI/AAAAAAAAAAA/XdxqRlKlMxY/s44-p-k-no-ns-nd/photo.jpg,,,OPERATIONAL,"{""Monday"": [""10AM-6PM""], ""Tuesday"": [""10AM-6PM""], ""Wednesday"": [""10AM-6PM""], ""Thursday"": [""10AM-6PM""], ""Friday"": [""10AM-6PM""], ""Saturday"": [""Closed""], ""Sunday"": [""Closed""]}","Monday,10AM,6PM|Tuesday,10AM,6PM|Wednesday,10AM,6PM|Thursday,10AM,6PM|Friday,10AM,6PM",,,,,,,,,,"{""Service options"": {""Delivery"": true}, ""Accessibility"": {""Wheelchair-accessible car park"": false}, ""Planning"": {""Quick visit"": true}, ""Payments"": {""Credit cards"": true, ""Debit cards"": true, ""NFC mobile payments"": true}}",,,TRUE,104579333827061527028,Lollipop,https://www.google.com/maps/contrib/104579333827061527028,"https://www.google.com/maps/place/Lollipop/@-34.6043939,-58.385164599999996,14z/data=!4m8!1m2!2m1!1sLollipop!3m4!1s0x95bccb220088dcd3:0xab6f302e2745891b!8m2!3d-34.6043939!4d-58.385164599999996","https://www.google.com/maps/place/Lollipop/@-34.6043939,-58.385164599999996,13.99z/data=!4m16!1m7!3m6!1s0x95bccb220088dcd3:0xab6f302e2745891b!2sLollipop!8m2!3d-34.6043939!4d-58.385164599999996!16s%2Fg%2F11ckvg1dmb!3m7!1s0x95bccb220088dcd3:0xab6f302e2745891b!8m2!3d-34.6043939!4d-58.385164599999996!9m1!1b1!16s%2Fg%2F11ckvg1dmb?entry=ttu",ChIJ09yIACLLvJURG4lFJy4wb6s,0x95bccb220088dcd3:0xab6f302e2745891b,12353145277686057243,/g/11gyq66s9t,-6093598796023494373
" Cotillón, Zona Oeste, CABA, Zona Norte, Zona SUR",PartyyCotillon,Partyycotillon,Party store,+54 9 11 2789-8556,https://partyycotillon.mitiendanube.com/,"Castelli 265 Loc 36, C1032 Cdad. Autónoma de Buenos Aires",Castelli 265 Loc 36,"Balvanera, Comuna 3",C1032,Argentina,AR,"-34,6068955","-58,4044482",89c2e31112fffff,America/Buenos_Aires,,FALSE,5,19,https://search.google.com/local/reviews?placeid=ChIJi7CN6JXLvJURd0wP70H4ipM&q=*&authuser=0&hl=en&gl=AR,,https://lh3.googleusercontent.com/gps-cs-s/AHRPTWmPsxZ9lKf79qn5FgIxpmw7hm5IdUjrrfD1OD41wgQgPEcu_dgdqFaXiHBKWGp6ZdfI_WVRJRXV96loRPsglYoEr4xHwOPrcXs1_AXY44Bw45sBP1ubdMBr--MHn_I1vkBaDRv22DwLaXhP=w800-h500-k-no,https://lh3.googleusercontent.com/gps-cs-s/AHRPTWmPsxZ9lKf79qn5FgIxpmw7hm5IdUjrrfD1OD41wgQgPEcu_dgdqFaXiHBKWGp6ZdfI_WVRJRXV96loRPsglYoEr4xHwOPrcXs1_AXY44Bw45sBP1ubdMBr--MHn_I1vkBaDRv22DwLaXhP=w1600-h1000-k-no,https://lh5.googleusercontent.com/-l-PwjkF-UoI/AAAAAAAAAAI/AAAAAAAAAAA/EeKakM_go4A/s44-p-k-no-ns-nd/photo.jpg,,,OPERATIONAL,"{""Monday"": [""8:30AM-6PM""], ""Tuesday"": [""8:30AM-6PM""], ""Wednesday"": [""8:30AM-6PM""], ""Thursday"": [""8:30AM-6PM""], ""Friday"": [""8:30AM-6PM""], ""Saturday"": [""8:30AM-3PM""], ""Sunday"": [""Closed""]}","Monday,8:30AM,6PM|Tuesday,8:30AM,6PM|Wednesday,8:30AM,6PM|Thursday,8:30AM,6PM|Friday,8:30AM,6PM|Saturday,8:30AM,3PM",,,,,,,,,,,,,TRUE,112774102484261454826,PartyyCotillon,https://www.google.com/maps/contrib/112774102484261454826,"https://www.google.com/maps/place/PartyyCotillon/@-34.6068955,-58.4044482,14z/data=!4m8!1m2!2m1!1sPartyyCotillon!3m4!1s0x95bccb95e88db08b:0x938af841ef0f4c77!8m2!3d-34.6068955!4d-58.4044482","https://www.google.com/maps/place/PartyyCotillon/@-34.6068955,-58.4044482,13.99z/data=!4m16!1m7!3m6!1s0x95bccb95e88db08b:0x938af841ef0f4c77!2sPartyyCotillon!8m2!3d-34.6068955!4d-58.4044482!16s%2Fg%2F11ckvg1dmb!3m7!1s0x95bccb95e88db08b:0x938af841ef0f4c77!8m2!3d-34.6068955!4d-58.4044482!9m1!1b1!16s%2Fg%2F11ckvg1dmb?entry=ttu",ChIJi7CN6JXLvJURd0wP70H4ipM,0x95bccb95e88db08b:0x938af841ef0f4c77,10631582832428797047,/g/11xp44wft8,-7815161241280754569
" Cotillón, Zona Oeste, CABA, Zona Norte, Zona SUR",Casa Machin,Casa Machin,Comercio,+54 9 11 6592-9024,https://instagram.com/casa.machin%3Figshid%3DYmMyMTA2M2Y%3D,"Lavalle 2218, C1051 ABJ, Cdad. Autónoma de Buenos Aires",Lavalle 2218,Balvanera,C1051,Argentina,AR,"-34,6034329","-58,398573",89c2e311e8bffff,America/Buenos_Aires,,FALSE,5,4,https://search.google.com/local/reviews?placeid=ChIJsxOS-erLvJURgWJHYqagn0g&q=*&authuser=0&hl=en&gl=AR,,https://lh3.googleusercontent.com/gps-cs-s/AHRPTWlrIkY6lJoiCGXZzrRjpuozmQrcPkM3-VgsQm1DQ5Kx01QpwhqetIPXm3Ba5jqdY_4PXUli8jO9YDm2P0hmyOBU9G5uCMIIo6yPRnjONy-KDUnFNnrWJGjkOoliOk7pc-wTEyd8=w800-h500-k-no,https://lh3.googleusercontent.com/gps-cs-s/AHRPTWlrIkY6lJoiCGXZzrRjpuozmQrcPkM3-VgsQm1DQ5Kx01QpwhqetIPXm3Ba5jqdY_4PXUli8jO9YDm2P0hmyOBU9G5uCMIIo6yPRnjONy-KDUnFNnrWJGjkOoliOk7pc-wTEyd8=w1600-h1000-k-no,,,,OPERATIONAL,"{""Monday"": [""9AM-6PM""], ""Tuesday"": [""9AM-6PM""], ""Wednesday"": [""9AM-6PM""], ""Thursday"": [""9AM-6PM""], ""Friday"": [""9AM-6PM""], ""Saturday"": [""9AM-3PM""], ""Sunday"": [""Closed""]}","Monday,9AM,6PM|Tuesday,9AM,6PM|Wednesday,9AM,6PM|Thursday,9AM,6PM|Friday,9AM,6PM|Saturday,9AM,3PM",,,,,,,,,,"{""Service options"": {""Delivery"": true}, ""Accessibility"": {""Wheelchair-accessible car park"": false}, ""Planning"": {""Quick visit"": true}, ""Payments"": {""Credit cards"": true, ""Debit cards"": true, ""NFC mobile payments"": true}}",,,FALSE,None,Casa Machin,,"https://www.google.com/maps/place/Casa+Machin/@-34.6034329,-58.398573,14z/data=!4m8!1m2!2m1!1sCasa+Machin!3m4!1s0x95bccbeaf99213b3:0x489fa0a662476281!8m2!3d-34.6034329!4d-58.398573","https://www.google.com/maps/place/Casa+Machin/@-34.6034329,-58.398573,13.99z/data=!4m16!1m7!3m6!1s0x95bccbeaf99213b3:0x489fa0a662476281!2sCasa+Machin!8m2!3d-34.6034329!4d-58.398573!16s%2Fg%2F11ckvg1dmb!3m7!1s0x95bccbeaf99213b3:0x489fa0a662476281!8m2!3d-34.6034329!4d-58.398573!9m1!1b1!16s%2Fg%2F11ckvg1dmb?entry=ttu",ChIJsxOS-erLvJURgWJHYqagn0g,0x95bccbeaf99213b3:0x489fa0a662476281,5233077928501666433,/g/11jyjpmd24,5233077928501666433
" Cotillón, Zona Oeste, CABA, Zona Norte, Zona SUR",SOLUCIONES PARA FIESTAS II,Soluciones Para Fiestas Ii,Tienda de artículos de fiesta,,,"Lavalle 2312, C1430 Cdad. Autónoma de Buenos Aires",Lavalle 2312,"Balvanera, Comuna 3",C1430,Argentina,AR,"-34,6034195","-58,3997538",89c2e311e83ffff,America/Buenos_Aires,,FALSE,"4,7",24,https://search.google.com/local/reviews?placeid=ChIJmcQOUQDLvJUR4KYoHAmdIwI&q=*&authuser=0&hl=en&gl=AR,,https://lh3.googleusercontent.com/gps-cs-s/AHRPTWnWJeE1AMoRSFwnKDCaQqSIVR44xkVhY2JxuEj0hAzRNPfAH-NSuaudNASdsjvkECWyQgiFLJjIco1WCo2MOcvDgEb_lTicdCDopZI3Cx375acw7Gj-bni9jBu68I61EJbA_-yL=w800-h500-k-no,https://lh3.googleusercontent.com/gps-cs-s/AHRPTWnWJeE1AMoRSFwnKDCaQqSIVR44xkVhY2JxuEj0hAzRNPfAH-NSuaudNASdsjvkECWyQgiFLJjIco1WCo2MOcvDgEb_lTicdCDopZI3Cx375acw7Gj-bni9jBu68I61EJbA_-yL=w1600-h1000-k-no,https://lh4.googleusercontent.com/-TKQsdynCrHw/AAAAAAAAAAI/AAAAAAAAAAA/9CAB7-FLBkI/s44-p-k-no-ns-nd/photo.jpg,,,OPERATIONAL,"{""Monday"": [""8:30AM-6PM""], ""Tuesday"": [""8:30AM-6PM""], ""Wednesday"": [""8:30AM-6PM""], ""Thursday"": [""8:30AM-6PM""], ""Friday"": [""8:30AM-6PM""], ""Saturday"": [""8:30AM-2:30PM""], ""Sunday"": [""Closed""]}","Monday,8:30AM,6PM|Tuesday,8:30AM,6PM|Wednesday,8:30AM,6PM|Thursday,8:30AM,6PM|Friday,8:30AM,6PM|Saturday,8:30AM,2:30PM",,,,,,,,,,"{""Service options"": {""Delivery"": true, ""Same-day delivery"": true}, ""Accessibility"": {""Wheelchair-accessible car park"": false}, ""Planning"": {""Quick visit"": true}, ""Payments"": {""Credit cards"": true, ""Debit cards"": true, ""NFC mobile payments"": true}}",,,TRUE,116989421830983770197,SOLUCIONES PARA FIESTAS II,https://www.google.com/maps/contrib/116989421830983770197,"https://www.google.com/maps/place/SOLUCIONES+PARA+FIESTAS+II/@-34.6034195,-58.3997538,14z/data=!4m8!1m2!2m1!1sSOLUCIONES+PARA+FIESTAS+II!3m4!1s0x95bccb00510ec499:0x2239d091c28a6e0!8m2!3d-34.6034195!4d-58.3997538","https://www.google.com/maps/place/SOLUCIONES+PARA+FIESTAS+II/@-34.6034195,-58.3997538,13.99z/data=!4m16!1m7!3m6!1s0x95bccb00510ec499:0x2239d091c28a6e0!2sSOLUCIONES+PARA+FIESTAS+II!8m2!3d-34.6034195!4d-58.3997538!16s%2Fg%2F11ckvg1dmb!3m7!1s0x95bccb00510ec499:0x2239d091c28a6e0!8m2!3d-34.6034195!4d-58.3997538!9m1!1b1!16s%2Fg%2F11ckvg1dmb?entry=ttu",ChIJmcQOUQDLvJUR4KYoHAmdIwI,0x95bccb00510ec499:0x2239d091c28a6e0,154139474713421536,/g/11wnnrryvn,154139474713421536
" Cotillón, Zona Oeste, CABA, Zona Norte, Zona SUR",Cotillón Sueños,Cotillón Sueños,Tienda de artículos de fiesta,+54 11 4466-5841,,"Cmte. Granville 1791, B1755JDH Gran Buenos Aires, Provincia de Buenos Aires",Cmte. Granville 1791,None,B1755,Argentina,AR,"-34,6993601","-58,6253227",89c2e38e11bffff,America/Buenos_Aires,,FALSE,"4,4",7,https://search.google.com/local/reviews?placeid=ChIJY_SG3MLGvJUR49p4GnSzvHI&q=*&authuser=0&hl=en&gl=AR,,https://lh3.googleusercontent.com/gps-proxy/ALd4DhGxzB250VPkrJ4XQqKj2iJNmXXDG9Fl9kOsogG0oP5mePMKk2K5x33X3aXXZI8TXe-VhzZJ3MV_GZuey_56gtBLjdceXz1lzYRYGAc-QHEZcdNf-Bgx0v1QyVCAqdW1QcTKDyHvCyh6WA270u3viThRd4ArlwwOycG64baBVQuKB043p2Wf8LpgiU0Zdet06wd-Rw=w800-h500-k-no,https://lh3.googleusercontent.com/gps-proxy/ALd4DhGxzB250VPkrJ4XQqKj2iJNmXXDG9Fl9kOsogG0oP5mePMKk2K5x33X3aXXZI8TXe-VhzZJ3MV_GZuey_56gtBLjdceXz1lzYRYGAc-QHEZcdNf-Bgx0v1QyVCAqdW1QcTKDyHvCyh6WA270u3viThRd4ArlwwOycG64baBVQuKB043p2Wf8LpgiU0Zdet06wd-Rw=w1600-h1000-k-no,https://lh6.googleusercontent.com/-8qeaKPFxq78/AAAAAAAAAAI/AAAAAAAAAAA/DbGSXcxfyvQ/s44-p-k-no-ns-nd/photo.jpg,,,OPERATIONAL,"{""Monday"": [""9:30AM-1PM"", ""4:30-8PM""], ""Tuesday"": [""9:30AM-1PM"", ""4:30-8PM""], ""Wednesday"": [""9:30AM-1PM"", ""4:30-8PM""], ""Thursday"": [""9:30AM-1PM"", ""4:30-8PM""], ""Friday"": [""9:30AM-1PM"", ""4:30-8PM""], ""Saturday"": [""9:30AM-1PM"", ""4:30-8PM""], ""Sunday"": [""Closed""]}","Monday,9:30AM,1PM|Monday,4:30,8PM|Tuesday,9:30AM,1PM|Tuesday,4:30,8PM|Wednesday,9:30AM,1PM|Wednesday,4:30,8PM|Thursday,9:30AM,1PM|Thursday,4:30,8PM|Friday,9:30AM,1PM|Friday,4:30,8PM|Saturday,9:30AM,1PM|Saturday,4:30,8PM",,,,,,,,,,"{""Service options"": {""Delivery"": true, ""Same-day delivery"": true}, ""Planning"": {""Quick visit"": true}, ""Payments"": {""Credit cards"": true, ""Debit cards"": true, ""NFC mobile payments"": true}}",,,TRUE,111457108967845161413,Cotillón Sueños,https://www.google.com/maps/contrib/111457108967845161413,"https://www.google.com/maps/place/Cotill%C3%B3n+Sue%C3%B1os/@-34.6993601,-58.6253227,14z/data=!4m8!1m2!2m1!1sCotill%C3%B3n+Sue%C3%B1os!3m4!1s0x95bcc6c2dc86f463:0x72bcb3741a78dae3!8m2!3d-34.6993601!4d-58.6253227","https://www.google.com/maps/place/Cotill%C3%B3n+Sue%C3%B1os/@-34.6993601,-58.6253227,13.99z/data=!4m16!1m7!3m6!1s0x95bcc6c2dc86f463:0x72bcb3741a78dae3!2sCotill%C3%B3n+Sue%C3%B1os!8m2!3d-34.6993601!4d-58.6253227!16s%2Fg%2F11ckvg1dmb!3m7!1s0x95bcc6c2dc86f463:0x72bcb3741a78dae3!8m2!3d-34.6993601!4d-58.6253227!9m1!1b1!16s%2Fg%2F11ckvg1dmb?entry=ttu",ChIJY_SG3MLGvJUR49p4GnSzvHI,0x95bcc6c2dc86f463:0x72bcb3741a78dae3,8267680327187094243,/g/11b7ch5cgs,8267680327187094243
" Cotillón, Zona Oeste, CABA, Zona Norte, Zona SUR",Cotillón y Repostería Rulito,Cotillón Y Repostería Rulito,Tienda de artículos de fiesta,+54 9 11 5753-0669,http://www.cotillonrulito.com/,"Salvador Curutchet 2812, B1712BJJ Castelar, Provincia de Buenos Aires",Salvador Curutchet 2812,None,B1712BJJ,Argentina,AR,"-34,6342916","-58,6450955",89c2e38cd07ffff,America/Buenos_Aires,,FALSE,"4,7",140,https://search.google.com/local/reviews?placeid=ChIJqcXi_GnHvJURpO6osWq5eQc&q=*&authuser=0&hl=en&gl=AR,,https://lh3.googleusercontent.com/gps-cs-s/AHRPTWl0vzcryvVJOnHRArou-P_EkoMS9BwYqRj_66X_fOlJe-tfTW04sh9T_QSSdJeMVgDqsI1LwN-5Rq9iykFQ1IiYQBzwHcUZL5DpNpLox0LZx9zeExd16yR59pJ_vkPFh9UsUacZ=w800-h500-k-no,https://lh3.googleusercontent.com/gps-cs-s/AHRPTWl0vzcryvVJOnHRArou-P_EkoMS9BwYqRj_66X_fOlJe-tfTW04sh9T_QSSdJeMVgDqsI1LwN-5Rq9iykFQ1IiYQBzwHcUZL5DpNpLox0LZx9zeExd16yR59pJ_vkPFh9UsUacZ=w1600-h1000-k-no,https://lh4.googleusercontent.com/-rTGGNzibRNs/AAAAAAAAAAI/AAAAAAAAAAA/q1zKGXMVHu4/s44-p-k-no-ns-nd/photo.jpg,,,OPERATIONAL,"{""Monday"": [""8AM-5PM""], ""Tuesday"": [""8AM-5PM""], ""Wednesday"": [""8AM-5PM""], ""Thursday"": [""8AM-5PM""], ""Friday"": [""8AM-5PM""], ""Saturday"": [""9AM-1PM""], ""Sunday"": [""Closed""]}","Monday,8AM,5PM|Tuesday,8AM,5PM|Wednesday,8AM,5PM|Thursday,8AM,5PM|Friday,8AM,5PM|Saturday,9AM,1PM",,,,,,,,,,"{""Service options"": {""Delivery"": true, ""Same-day delivery"": true}, ""Accessibility"": {""Wheelchair-accessible car park"": false, ""Wheelchair-accessible entrance"": false}, ""Planning"": {""Quick visit"": true}, ""Payments"": {""Credit cards"": true, ""Debit cards"": true, ""NFC mobile payments"": true}}",,,TRUE,103630436997773504556,Cotillón y Repostería Rulito,https://www.google.com/maps/contrib/103630436997773504556,"https://www.google.com/maps/place/Cotill%C3%B3n+y+Reposter%C3%ADa+Rulito/@-34.6342916,-58.6450955,14z/data=!4m8!1m2!2m1!1sCotill%C3%B3n+y+Reposter%C3%ADa+Rulito!3m4!1s0x95bcc769fce2c5a9:0x779b96ab1a8eea4!8m2!3d-34.6342916!4d-58.6450955","https://www.google.com/maps/place/Cotill%C3%B3n+y+Reposter%C3%ADa+Rulito/@-34.6342916,-58.6450955,13.99z/data=!4m16!1m7!3m6!1s0x95bcc769fce2c5a9:0x779b96ab1a8eea4!2sCotill%C3%B3n+y+Reposter%C3%ADa+Rulito!8m2!3d-34.6342916!4d-58.6450955!16s%2Fg%2F11ckvg1dmb!3m7!1s0x95bcc769fce2c5a9:0x779b96ab1a8eea4!8m2!3d-34.6342916!4d-58.6450955!9m1!1b1!16s%2Fg%2F11ckvg1dmb?entry=ttu",ChIJqcXi_GnHvJURpO6osWq5eQc,0x95bcc769fce2c5a9:0x779b96ab1a8eea4,538665498345795236,/g/11bbrm22wh,538665498345795236
" Cotillón, Zona Oeste, CABA, Zona Norte, Zona SUR",Cotillon Ticoral,Cotillon Ticoral,Mayorista,,,"Lavalle 2337, C1052AAA C1052AAA, Cdad. Autónoma de Buenos Aires",Lavalle 2337,Balvanera,C1052,Argentina,AR,"-34,6032983","-58,400178",89c2e311e83ffff,America/Buenos_Aires,,FALSE,1,2,https://search.google.com/local/reviews?placeid=ChIJERQQcwDLvJURPGnC9VN8UQc&q=*&authuser=0&hl=en&gl=AR,,https://streetviewpixels-pa.googleapis.com/v1/thumbnail?panoid=q5howw37lltL0_D_1P3A5w&cb_client=search.gws-prod.gps&w=800&h=500&yaw=11.6742&pitch=0&thumbfov=100,https://streetviewpixels-pa.googleapis.com/v1/thumbnail?panoid=q5howw37lltL0_D_1P3A5w&cb_client=search.gws-prod.gps&w=1600&h=1000&yaw=11.6742&pitch=0&thumbfov=100,,,,OPERATIONAL,"{""Monday"": [""9AM-6PM""], ""Tuesday"": [""9AM-6PM""], ""Wednesday"": [""9AM-6PM""], ""Thursday"": [""9AM-6PM""], ""Friday"": [""9AM-6PM""], ""Saturday"": [""9:10AM-2PM""], ""Sunday"": [""Closed""]}","Monday,9AM,6PM|Tuesday,9AM,6PM|Wednesday,9AM,6PM|Thursday,9AM,6PM|Friday,9AM,6PM|Saturday,9:10AM,2PM",,,,,,,,,,,,,FALSE,None,Cotillon Ticoral,,"https://www.google.com/maps/place/Cotillon+Ticoral/@-34.6032983,-58.400178,14z/data=!4m8!1m2!2m1!1sCotillon+Ticoral!3m4!1s0x95bccb0073101411:0x7517c53f5c2693c!8m2!3d-34.6032983!4d-58.400178","https://www.google.com/maps/place/Cotillon+Ticoral/@-34.6032983,-58.400178,13.99z/data=!4m16!1m7!3m6!1s0x95bccb0073101411:0x7517c53f5c2693c!2sCotillon+Ticoral!8m2!3d-34.6032983!4d-58.400178!16s%2Fg%2F11ckvg1dmb!3m7!1s0x95bccb0073101411:0x7517c53f5c2693c!8m2!3d-34.6032983!4d-58.400178!9m1!1b1!16s%2Fg%2F11ckvg1dmb?entry=ttu",ChIJERQQcwDLvJURPGnC9VN8UQc,0x95bccb0073101411:0x7517c53f5c2693c,527339331426347324,/g/11ydzfj01z,527339331426347324
" Cotillón, Zona Oeste, CABA, Zona Norte, Zona SUR",Nuevo Ciclo lll Libreria y Cotillon,Nuevo Ciclo Lll Libreria Y Cotillon,Librería,+54 11 2186-9186,,"Lavalle 527, C1047AAK C1047AAK, Cdad. Autónoma de Buenos Aires",Lavalle 527,San Nicolás,C1047,Argentina,AR,"-34,6020941","-58,3742334",89c2e31136fffff,America/Buenos_Aires,,FALSE,5,3,https://search.google.com/local/reviews?placeid=ChIJZUwJMQDLvJUR1iMt7HxMrEg&q=*&authuser=0&hl=en&gl=AR,,https://streetviewpixels-pa.googleapis.com/v1/thumbnail?panoid=lKAh9s8wTZuWGoUHcTg6UQ&cb_client=search.gws-prod.gps&w=800&h=500&yaw=31.683474&pitch=0&thumbfov=100,https://lh3.googleusercontent.com/gps-cs-s/AHRPTWkbQVNiEmp1Wwn1lTgcfmBmojBpdJMT3PXYsp81gJS92oOXQHQOjclobfRdpyNKDJtKEE0nh3FhZj3S7Q6vrquMabSf5GKrBo35ZZSNtpxS8zrJvBVZkMuz85lplEKpftHwX89lYDASc8vZ=w1600-h1000-k-no,,,,OPERATIONAL,"{""Monday"": [""10AM-7PM""], ""Tuesday"": [""10AM-7PM""], ""Wednesday"": [""10AM-7PM""], ""Thursday"": [""10AM-7PM""], ""Friday"": [""10AM-7PM""], ""Saturday"": [""10AM-7PM""], ""Sunday"": [""Closed""]}","Monday,10AM,7PM|Tuesday,10AM,7PM|Wednesday,10AM,7PM|Thursday,10AM,7PM|Friday,10AM,7PM|Saturday,10AM,7PM",,,,,,,,,,"{""Planning"": {""Quick visit"": true}, ""Payments"": {""Credit cards"": true, ""Debit cards"": true, ""NFC mobile payments"": true}}",,,FALSE,None,Nuevo Ciclo lll Libreria y Cotillon,,"https://www.google.com/maps/place/Nuevo+Ciclo+lll+Libreria+y+Cotillon/@-34.602094099999995,-58.374233399999994,14z/data=!4m8!1m2!2m1!1sNuevo+Ciclo+lll+Libreria+y+Cotillon!3m4!1s0x95bccb0031094c65:0x48ac4c7cec2d23d6!8m2!3d-34.602094099999995!4d-58.374233399999994","https://www.google.com/maps/place/Nuevo+Ciclo+lll+Libreria+y+Cotillon/@-34.602094099999995,-58.374233399999994,13.99z/data=!4m16!1m7!3m6!1s0x95bccb0031094c65:0x48ac4c7cec2d23d6!2sNuevo+Ciclo+lll+Libreria+y+Cotillon!8m2!3d-34.602094099999995!4d-58.374233399999994!16s%2Fg%2F11ckvg1dmb!3m7!1s0x95bccb0031094c65:0x48ac4c7cec2d23d6!8m2!3d-34.602094099999995!4d-58.374233399999994!9m1!1b1!16s%2Fg%2F11ckvg1dmb?entry=ttu",ChIJZUwJMQDLvJUR1iMt7HxMrEg,0x95bccb0031094c65:0x48ac4c7cec2d23d6,5236644566147081174,/g/11mkgsmf2z,5236644566147081174
" Cotillón, Zona Oeste, CABA, Zona Norte, Zona SUR",Phantom Eventos,Phantom Eventos,Tienda de artículos de fiesta,+54 11 2149-9510,https://eventosphantom.wixsite.com/phantomeventos,"Sarandí 310, C1081 Cdad. Autónoma de Buenos Aires",Sarandí 310,"Balvanera, Comuna 3",C1081,Argentina,AR,"-34,6130255","-58,3946458",89c2e311173ffff,America/Buenos_Aires,,FALSE,5,1,https://search.google.com/local/reviews?placeid=ChIJ9VtGjdvLvJURh8TwlBhG_n4&q=*&authuser=0&hl=en&gl=AR,,https://streetviewpixels-pa.googleapis.com/v1/thumbnail?panoid=7vew3Qhq_CrtEOIbRvAifQ&cb_client=search.gws-prod.gps&w=800&h=500&yaw=115.408356&pitch=0&thumbfov=100,https://lh3.googleusercontent.com/gps-cs-s/AHRPTWmmDsfbTRZC-Al98vJYb_HI1HYbv33FP25Xy0k5huwqwE6NAsuSu4Ltisk0qcnyaj6kGyKz728k2yI-3jsqRaZOz3vMjGtEMQyVDdPqwkI_7V9kN5jkTv39wy9DE-G-VxAAMxBn=w1600-h1000-k-no,,,,OPERATIONAL,"{""Monday"": [""8AM-7PM""], ""Tuesday"": [""8AM-7PM""], ""Wednesday"": [""8AM-7PM""], ""Thursday"": [""8AM-7PM""], ""Friday"": [""8AM-7PM""], ""Saturday"": [""9AM-6PM""], ""Sunday"": [""Closed""]}","Monday,8AM,7PM|Tuesday,8AM,7PM|Wednesday,8AM,7PM|Thursday,8AM,7PM|Friday,8AM,7PM|Saturday,9AM,6PM",,,,,,,,,,"{""From the business"": {""Identifies as women-owned"": true}, ""Payments"": {""Debit cards"": true, ""Credit cards"": true}, ""Other"": {""Identifies as women-owned"": true}}",,,FALSE,None,Phantom Eventos,,"https://www.google.com/maps/place/Phantom+Eventos/@-34.6130255,-58.3946458,14z/data=!4m8!1m2!2m1!1sPhantom+Eventos!3m4!1s0x95bccbdb8d465bf5:0x7efe461894f0c487!8m2!3d-34.6130255!4d-58.3946458","https://www.google.com/maps/place/Phantom+Eventos/@-34.6130255,-58.3946458,13.99z/data=!4m16!1m7!3m6!1s0x95bccbdb8d465bf5:0x7efe461894f0c487!2sPhantom+Eventos!8m2!3d-34.6130255!4d-58.3946458!16s%2Fg%2F11ckvg1dmb!3m7!1s0x95bccbdb8d465bf5:0x7efe461894f0c487!8m2!3d-34.6130255!4d-58.3946458!9m1!1b1!16s%2Fg%2F11ckvg1dmb?entry=ttu",ChIJ9VtGjdvLvJURh8TwlBhG_n4,0x95bccbdb8d465bf5:0x7efe461894f0c487,9150828564255392903,/g/11h8fmmfgy,9150828564255392903
" Cotillón, Zona Oeste, CABA, Zona Norte, Zona SUR",Cotillón Alegría,Cotillón Alegría,Tienda de artículos de fiesta,+54 11 4483-1085,http://www.cotillonmayoristaalegria.com/,"Av. Pres. Perón 4554, B1708 Morón, Provincia de Buenos Aires",Av. Pres. Perón 4554,None,B1708,Argentina,AR,"-34,6334494","-58,6263857",89c2e38c893ffff,America/Buenos_Aires,,FALSE,"4,1",63,https://search.google.com/local/reviews?placeid=ChIJ57x8E9HGvJURGmLh2WmQDcE&q=*&authuser=0&hl=en&gl=AR,,https://lh3.googleusercontent.com/gps-cs-s/AHRPTWmAmWBkiHiPgj4ji1L3iX6mXv4CYC0QmTrAdaxyT5tsNynmXkQaEYpAzFSu1uM7Rl7tuAvqR39ExPDnGT5iWN3sw9rGPdN_JXKGD4nSFxr1gRDru4SYItyxC76EMVmZWt8l67-5fw=w800-h500-k-no,https://lh3.googleusercontent.com/gps-cs-s/AHRPTWmAmWBkiHiPgj4ji1L3iX6mXv4CYC0QmTrAdaxyT5tsNynmXkQaEYpAzFSu1uM7Rl7tuAvqR39ExPDnGT5iWN3sw9rGPdN_JXKGD4nSFxr1gRDru4SYItyxC76EMVmZWt8l67-5fw=w1600-h1000-k-no,https://lh5.googleusercontent.com/-dC8kWwc0spU/AAAAAAAAAAI/AAAAAAAAAAA/2nb1AEzRobE/s44-p-k-no-ns-nd/photo.jpg,,,OPERATIONAL,"{""Monday"": [""8AM-12PM"", ""2-5PM""], ""Tuesday"": [""8AM-12PM"", ""2-5PM""], ""Wednesday"": [""8AM-12PM"", ""2-5PM""], ""Thursday"": [""8AM-12PM"", ""2-5PM""], ""Friday"": [""8AM-12PM"", ""2-5PM""], ""Saturday"": [""9AM-12PM""], ""Sunday"": [""Closed""]}","Monday,8AM,12PM|Monday,2,5PM|Tuesday,8AM,12PM|Tuesday,2,5PM|Wednesday,8AM,12PM|Wednesday,2,5PM|Thursday,8AM,12PM|Thursday,2,5PM|Friday,8AM,12PM|Friday,2,5PM|Saturday,9AM,12PM",,,,,,,,,,"{""Service options"": {""Delivery"": true, ""Same-day delivery"": true}, ""Planning"": {""Quick visit"": true}, ""Payments"": {""Credit cards"": true, ""Debit cards"": true, ""NFC mobile payments"": true}}",,,TRUE,101466962270043178136,Cotillón Alegría,https://www.google.com/maps/contrib/101466962270043178136,"https://www.google.com/maps/place/Cotill%C3%B3n+Alegr%C3%ADa/@-34.633449399999996,-58.6263857,14z/data=!4m8!1m2!2m1!1sCotill%C3%B3n+Alegr%C3%ADa!3m4!1s0x95bcc6d1137cbce7:0xc10d9069d9e1621a!8m2!3d-34.633449399999996!4d-58.6263857","https://www.google.com/maps/place/Cotill%C3%B3n+Alegr%C3%ADa/@-34.633449399999996,-58.6263857,13.99z/data=!4m16!1m7!3m6!1s0x95bcc6d1137cbce7:0xc10d9069d9e1621a!2sCotill%C3%B3n+Alegr%C3%ADa!8m2!3d-34.633449399999996!4d-58.6263857!16s%2Fg%2F11ckvg1dmb!3m7!1s0x95bcc6d1137cbce7:0xc10d9069d9e1621a!8m2!3d-34.633449399999996!4d-58.6263857!9m1!1b1!16s%2Fg%2F11ckvg1dmb?entry=ttu",ChIJ57x8E9HGvJURGmLh2WmQDcE,0x95bcc6d1137cbce7:0xc10d9069d9e1621a,13910933608318722586,/g/1tg9twgs,-4535810465390829030
" Cotillón, Zona Oeste, CABA, Zona Norte, Zona SUR",LAPKURZ,Lapkurz,Tienda de artículos de fiesta,+54 11 2312-8745,http://www.lapkurz.com/,"Pte.J.E.Uriburu 750, entre Av. Cordoba al 2200 y Viamonte, Cdad. Autónoma de Buenos Aires","Pte.J.E.Uriburu 750, entre Av. Cordoba al 2200 y Viamonte","Balvanera, Comuna 3",2200,Argentina,AR,"-34,6004197","-58,3987303",89c2e311e13ffff,America/Buenos_Aires,,FALSE,"4,4",102,https://search.google.com/local/reviews?placeid=ChIJyypYi5TKvJURqxjysLxdMUY&q=*&authuser=0&hl=en&gl=AR,,https://lh3.googleusercontent.com/gps-cs-s/AHRPTWlzPQetkwR6R8nKtY-zt-SLF2IxDUiCcEai8iiXwapz18amKXwXvd6dXjb4k03gYT22Z-EuJz_hjd7UH8xz8HF2txQy1vAG7AY1mwNaA9pLPrVRLTq3MuM2XwysB7Yl1A39Nmha_Q=w800-h500-k-no,https://lh3.googleusercontent.com/gps-cs-s/AHRPTWlzPQetkwR6R8nKtY-zt-SLF2IxDUiCcEai8iiXwapz18amKXwXvd6dXjb4k03gYT22Z-EuJz_hjd7UH8xz8HF2txQy1vAG7AY1mwNaA9pLPrVRLTq3MuM2XwysB7Yl1A39Nmha_Q=w1600-h1000-k-no,https://lh6.googleusercontent.com/-V_lJzC_HX94/AAAAAAAAAAI/AAAAAAAAAAA/P9SRQ3QMoV4/s44-p-k-no-ns-nd/photo.jpg,,,CLOSED_TEMPORARILY,,,,,,,,,,,,"{""Service options"": {""Delivery"": true, ""Same-day delivery"": true}}",,,TRUE,109643514230997619332,LAPKURZ,https://www.google.com/maps/contrib/109643514230997619332,"https://www.google.com/maps/place/LAPKURZ/@-34.600419699999996,-58.3987303,14z/data=!4m8!1m2!2m1!1sLAPKURZ!3m4!1s0x95bcca948b582acb:0x46315dbcb0f218ab!8m2!3d-34.600419699999996!4d-58.3987303","https://www.google.com/maps/place/LAPKURZ/@-34.600419699999996,-58.3987303,13.99z/data=!4m16!1m7!3m6!1s0x95bcca948b582acb:0x46315dbcb0f218ab!2sLAPKURZ!8m2!3d-34.600419699999996!4d-58.3987303!16s%2Fg%2F11ckvg1dmb!3m7!1s0x95bcca948b582acb:0x46315dbcb0f218ab!8m2!3d-34.600419699999996!4d-58.3987303!9m1!1b1!16s%2Fg%2F11ckvg1dmb?entry=ttu",ChIJyypYi5TKvJURqxjysLxdMUY,0x95bcca948b582acb:0x46315dbcb0f218ab,5057926921517668523,/g/1tdj5dlh,5057926921517668523
" Cotillón, Zona Oeste, CABA, Zona Norte, Zona SUR",Papelería Pathelen,Papelería Pathelen,Tienda de artesanías,+54 11 4383-1886,,"Solís 427, C1078 AAI, Cdad. Autónoma de Buenos Aires",Solís 427,Monserrat,C1078,Argentina,AR,"-34,6140187","-58,3905452",89c2e31114fffff,America/Buenos_Aires,,FALSE,"4,5",43,https://search.google.com/local/reviews?placeid=ChIJPxhbPtzKvJUREmv8pF50KZY&q=*&authuser=0&hl=en&gl=AR,,https://lh3.googleusercontent.com/gps-cs-s/AHRPTWmbMGg0o7Gt-FyjR3Ay61l5TgSDyI4H0WFF5iBQw6-KiHOkeRmQooJE-mYCtBpF88A1zWR49OLDbUYyju7IrPJtco-G6X51mklhg2492ccTX8XWrhw831kYkk9rYiWKo4llIYZ5=w800-h500-k-no,https://lh3.googleusercontent.com/gps-cs-s/AHRPTWmbMGg0o7Gt-FyjR3Ay61l5TgSDyI4H0WFF5iBQw6-KiHOkeRmQooJE-mYCtBpF88A1zWR49OLDbUYyju7IrPJtco-G6X51mklhg2492ccTX8XWrhw831kYkk9rYiWKo4llIYZ5=w1600-h1000-k-no,,,,OPERATIONAL,"{""Monday"": [""10AM-1:30PM"", ""3-7PM""], ""Tuesday"": [""10AM-1:30PM"", ""3-7PM""], ""Wednesday"": [""10AM-1:30PM"", ""3-7PM""], ""Thursday"": [""10AM-1:30PM"", ""3-7PM""], ""Friday"": [""10AM-1:30PM"", ""3-7PM""], ""Saturday"": [""9:30AM-1:30PM""], ""Sunday"": [""Closed""]}","Monday,10AM,1:30PM|Monday,3,7PM|Tuesday,10AM,1:30PM|Tuesday,3,7PM|Wednesday,10AM,1:30PM|Wednesday,3,7PM|Thursday,10AM,1:30PM|Thursday,3,7PM|Friday,10AM,1:30PM|Friday,3,7PM|Saturday,9:30AM,1:30PM",,,,,,,,,,"{""Service options"": {""Delivery"": true}, ""Accessibility"": {""Wheelchair-accessible car park"": false}, ""Planning"": {""Quick visit"": true}, ""Payments"": {""Credit cards"": true, ""Debit cards"": true, ""NFC mobile payments"": true}}",,,FALSE,None,Papelería Pathelen,,"https://www.google.com/maps/place/Papeler%C3%ADa+Pathelen/@-34.614018699999995,-58.3905452,14z/data=!4m8!1m2!2m1!1sPapeler%C3%ADa+Pathelen!3m4!1s0x95bccadc3e5b183f:0x9629745ea4fc6b12!8m2!3d-34.614018699999995!4d-58.3905452","https://www.google.com/maps/place/Papeler%C3%ADa+Pathelen/@-34.614018699999995,-58.3905452,13.99z/data=!4m16!1m7!3m6!1s0x95bccadc3e5b183f:0x9629745ea4fc6b12!2sPapeler%C3%ADa+Pathelen!8m2!3d-34.614018699999995!4d-58.3905452!16s%2Fg%2F11ckvg1dmb!3m7!1s0x95bccadc3e5b183f:0x9629745ea4fc6b12!8m2!3d-34.614018699999995!4d-58.3905452!9m1!1b1!16s%2Fg%2F11ckvg1dmb?entry=ttu",ChIJPxhbPtzKvJUREmv8pF50KZY,0x95bccadc3e5b183f:0x9629745ea4fc6b12,10820307529578081042,/g/11b6bkhl99,-7626436544131470574
" Cotillón, Zona Oeste, CABA, Zona Norte, Zona SUR",Disfraces Mágicos,Disfraces Mágicos,Servicio de alquiler de disfraces,+54 11 6359-0341,http://www.disfracesmagicos.com.ar/,"ABF, Lavalle 2094, C1051 Cdad. Autónoma de Buenos Aires","ABF, Lavalle 2094","Balvanera, Comuna 3",C1051,Argentina,AR,"-34,6033525","-58,3968217",89c2e311e8bffff,America/Buenos_Aires,,FALSE,"4,5",207,https://search.google.com/local/reviews?placeid=ChIJ17xF5urKvJURg3_6e1sKUI8&q=*&authuser=0&hl=en&gl=AR,,https://lh3.googleusercontent.com/gps-cs-s/AHRPTWktpHkhN1eaY1cYYq6iqsGEg-6k8BqDHfhjzMvosYfjF7Aorj5u-N8k_sHXRnVA4JaYd6FSDNRhxHbZURmHfgSHx_x0o-RNAK31Keq_7rXU2zU3wWRhrVbz55DkY8TGxyD-nkw=w800-h500-k-no,https://lh3.googleusercontent.com/gps-cs-s/AHRPTWktpHkhN1eaY1cYYq6iqsGEg-6k8BqDHfhjzMvosYfjF7Aorj5u-N8k_sHXRnVA4JaYd6FSDNRhxHbZURmHfgSHx_x0o-RNAK31Keq_7rXU2zU3wWRhrVbz55DkY8TGxyD-nkw=w1600-h1000-k-no,https://lh3.googleusercontent.com/-re03nGnm2jk/AAAAAAAAAAI/AAAAAAAAAAA/ZW3CihCrZ9M/s44-p-k-no-ns-nd/photo.jpg,,,OPERATIONAL,"{""Monday"": [""12-7PM""], ""Tuesday"": [""12-7PM""], ""Wednesday"": [""12-7PM""], ""Thursday"": [""12-7PM""], ""Friday"": [""12-7PM""], ""Saturday"": [""10AM-2PM""], ""Sunday"": [""Closed""]}","Monday,12,7PM|Tuesday,12,7PM|Wednesday,12,7PM|Thursday,12,7PM|Friday,12,7PM|Saturday,10AM,2PM",,,,,,,https://bit.ly/3f6Jx7G,,https://bit.ly/3f6Jx7G,"{""From the business"": {""Identifies as women-owned"": true}, ""Accessibility"": {""Wheelchair-accessible car park"": false}, ""Other"": {""Identifies as women-owned"": true}}",,,TRUE,114459697583463143652,Disfraces Mágicos,https://www.google.com/maps/contrib/114459697583463143652,"https://www.google.com/maps/place/Disfraces+M%C3%A1gicos/@-34.6033525,-58.3968217,14z/data=!4m8!1m2!2m1!1sDisfraces+M%C3%A1gicos!3m4!1s0x95bccaeae645bcd7:0x8f500a5b7bfa7f83!8m2!3d-34.6033525!4d-58.3968217","https://www.google.com/maps/place/Disfraces+M%C3%A1gicos/@-34.6033525,-58.3968217,13.99z/data=!4m16!1m7!3m6!1s0x95bccaeae645bcd7:0x8f500a5b7bfa7f83!2sDisfraces+M%C3%A1gicos!8m2!3d-34.6033525!4d-58.3968217!16s%2Fg%2F11ckvg1dmb!3m7!1s0x95bccaeae645bcd7:0x8f500a5b7bfa7f83!8m2!3d-34.6033525!4d-58.3968217!9m1!1b1!16s%2Fg%2F11ckvg1dmb?entry=ttu",ChIJ17xF5urKvJURg3_6e1sKUI8,0x95bccaeae645bcd7:0x8f500a5b7bfa7f83,10326765333598863235,/g/11c799v1vf,-8119978740110688381
" Cotillón, Zona Oeste, CABA, Zona Norte, Zona SUR",Souvenirs Castillo,Souvenirs Castillo,Tienda de recuerdos,+54 11 4951-7876,https://www.facebook.com/castillovas/,"Lavalle 2233 C1051, C1052 ABI, Cdad. Autónoma de Buenos Aires",Lavalle 2233 C1051,Balvanera,2233,Argentina,AR,"-34,6032245","-58,3988023",89c2e311e8bffff,America/Buenos_Aires,,FALSE,"4,1",13,https://search.google.com/local/reviews?placeid=ChIJW1rnkeLLvJURtKaKU-PCwY0&q=*&authuser=0&hl=en&gl=AR,,https://lh3.googleusercontent.com/gps-cs-s/AHRPTWnSIbPBa0jSQ3oSDQjutpkVeBHHQqFFKsMiXqR4OyLL4aUaHq-VMi0G03qodiN1RQ_cMd9IuOJicSSuaap179BgJl5R1v7_FUYUWm03yaTiZlwIM9f38e5S6p7JO9nuLjUuR6k=w800-h500-k-no,https://lh3.googleusercontent.com/gps-cs-s/AHRPTWnSIbPBa0jSQ3oSDQjutpkVeBHHQqFFKsMiXqR4OyLL4aUaHq-VMi0G03qodiN1RQ_cMd9IuOJicSSuaap179BgJl5R1v7_FUYUWm03yaTiZlwIM9f38e5S6p7JO9nuLjUuR6k=w1600-h1000-k-no,,,,OPERATIONAL,"{""Monday"": [""9AM-6:30PM""], ""Tuesday"": [""9AM-6:30PM""], ""Wednesday"": [""9AM-6:30PM""], ""Thursday"": [""9AM-6:30PM""], ""Friday"": [""9AM-6:30PM""], ""Saturday"": [""Closed""], ""Sunday"": [""Closed""]}","Monday,9AM,6:30PM|Tuesday,9AM,6:30PM|Wednesday,9AM,6:30PM|Thursday,9AM,6:30PM|Friday,9AM,6:30PM",,,,,,,,,,"{""Service options"": {""Delivery"": true}, ""Accessibility"": {""Wheelchair-accessible car park"": false}, ""Planning"": {""Quick visit"": true}, ""Payments"": {""Credit cards"": true, ""Debit cards"": true, ""NFC mobile payments"": true}}",,,FALSE,None,Souvenirs Castillo,,"https://www.google.com/maps/place/Souvenirs+Castillo/@-34.603224499999996,-58.3988023,14z/data=!4m8!1m2!2m1!1sSouvenirs+Castillo!3m4!1s0x95bccbe291e75a5b:0x8dc1c2e3538aa6b4!8m2!3d-34.603224499999996!4d-58.3988023","https://www.google.com/maps/place/Souvenirs+Castillo/@-34.603224499999996,-58.3988023,13.99z/data=!4m16!1m7!3m6!1s0x95bccbe291e75a5b:0x8dc1c2e3538aa6b4!2sSouvenirs+Castillo!8m2!3d-34.603224499999996!4d-58.3988023!16s%2Fg%2F11ckvg1dmb!3m7!1s0x95bccbe291e75a5b:0x8dc1c2e3538aa6b4!8m2!3d-34.603224499999996!4d-58.3988023!9m1!1b1!16s%2Fg%2F11ckvg1dmb?entry=ttu",ChIJW1rnkeLLvJURtKaKU-PCwY0,0x95bccbe291e75a5b:0x8dc1c2e3538aa6b4,10214659711467955892,/g/11fp885dwt,-8232084362241595724
" Cotillón, Zona Oeste, CABA, Zona Norte, Zona SUR",CRUZ SOUVENIRS,Cruz Souvenirs,Fabricante de souvenirs,+54 9 11 6306-8820,,"Lavalle 2274, C1051 Cdad. Autónoma de Buenos Aires",Lavalle 2274,"Balvanera, Comuna 3",C1051,Argentina,AR,"-34,6034955","-58,3991561",89c2e311e8bffff,America/Buenos_Aires,,FALSE,"4,3",13,https://search.google.com/local/reviews?placeid=ChIJC3pcQevKvJURuYn5tO1gZR0&q=*&authuser=0&hl=en&gl=AR,,https://lh3.googleusercontent.com/gps-cs-s/AHRPTWkDXJEbE8qAR0pp3xEJdyhJZZwW9bHK3NE_12Q5VYsf_mFv0I4WdQDDK4PcBW7MEIX_wO6JuVrqLwDggBNZ4RQ2CF8-8QZBdOZqPk80_nu52xSwfwvAYayb1dfmjgnVXdBL-Tzq=w800-h500-k-no,https://lh3.googleusercontent.com/gps-cs-s/AHRPTWkDXJEbE8qAR0pp3xEJdyhJZZwW9bHK3NE_12Q5VYsf_mFv0I4WdQDDK4PcBW7MEIX_wO6JuVrqLwDggBNZ4RQ2CF8-8QZBdOZqPk80_nu52xSwfwvAYayb1dfmjgnVXdBL-Tzq=w1600-h1000-k-no,https://lh5.googleusercontent.com/-YlP7Lb2b7cU/AAAAAAAAAAI/AAAAAAAAAAA/nFuuncdhEHU/s44-p-k-no-ns-nd/photo.jpg,,,OPERATIONAL,"{""Monday"": [""9AM-7PM""], ""Tuesday"": [""9AM-7PM""], ""Wednesday"": [""9AM-7PM""], ""Thursday"": [""9AM-7PM""], ""Friday"": [""9AM-7PM""], ""Saturday"": [""9AM-2PM""], ""Sunday"": [""Closed""]}","Monday,9AM,7PM|Tuesday,9AM,7PM|Wednesday,9AM,7PM|Thursday,9AM,7PM|Friday,9AM,7PM|Saturday,9AM,2PM",,,,,,,,,,"{""Accessibility"": {""Wheelchair-accessible car park"": false}, ""Payments"": {""Credit cards"": true, ""Debit cards"": true}}",,,TRUE,111246020448037049680,CRUZ SOUVENIRS,https://www.google.com/maps/contrib/111246020448037049680,"https://www.google.com/maps/place/CRUZ+SOUVENIRS/@-34.6034955,-58.3991561,14z/data=!4m8!1m2!2m1!1sCRUZ+SOUVENIRS!3m4!1s0x95bccaeb415c7a0b:0x1d6560edb4f989b9!8m2!3d-34.6034955!4d-58.3991561","https://www.google.com/maps/place/CRUZ+SOUVENIRS/@-34.6034955,-58.3991561,13.99z/data=!4m16!1m7!3m6!1s0x95bccaeb415c7a0b:0x1d6560edb4f989b9!2sCRUZ+SOUVENIRS!8m2!3d-34.6034955!4d-58.3991561!16s%2Fg%2F11ckvg1dmb!3m7!1s0x95bccaeb415c7a0b:0x1d6560edb4f989b9!8m2!3d-34.6034955!4d-58.3991561!9m1!1b1!16s%2Fg%2F11ckvg1dmb?entry=ttu",ChIJC3pcQevKvJURuYn5tO1gZR0,0x95bccaeb415c7a0b:0x1d6560edb4f989b9,2118205773807454649,/g/11b6nnxn3r,2118205773807454649
" Cotillón, Zona Oeste, CABA, Zona Norte, Zona SUR",Cotillón Otero,Cotillón Otero,Fábrica,+54 11 5884-8506,https://www.cotillonotero.com.ar/,"Carlos Spegazzini, Buenos Aires Province",,None,None,Argentina,AR,"-34,8666541","-58,6186249",89c2e390a23ffff,America/Buenos_Aires,,FALSE,"4,6",17,https://search.google.com/local/reviews?placeid=ChIJTU5w3cDbvJURLPUWTGdfNZE&q=*&authuser=0&hl=en&gl=AR,,https://lh3.googleusercontent.com/gps-cs-s/AHRPTWlOzbfd8b0_x1nzJHAcjafSezBmYpEBDJlhqL1tw4V_AhF8TCXndRXqUjgZ2OQ55dJLJQUcOC5Udm3jND4_JRxxrDH7sDbgFME8iVAiM64eT1tZ5THzaP7MFslY4DFb6tp53f7-Gg=w800-h500-k-no,https://lh3.googleusercontent.com/gps-cs-s/AHRPTWlOzbfd8b0_x1nzJHAcjafSezBmYpEBDJlhqL1tw4V_AhF8TCXndRXqUjgZ2OQ55dJLJQUcOC5Udm3jND4_JRxxrDH7sDbgFME8iVAiM64eT1tZ5THzaP7MFslY4DFb6tp53f7-Gg=w1600-h1000-k-no,,,,OPERATIONAL,"{""Monday"": [""8AM-5PM""], ""Tuesday"": [""8AM-5PM""], ""Wednesday"": [""8AM-5PM""], ""Thursday"": [""8AM-5PM""], ""Friday"": [""8AM-5PM""], ""Saturday"": [""Closed""], ""Sunday"": [""Closed""]}","Monday,8AM,5PM|Tuesday,8AM,5PM|Wednesday,8AM,5PM|Thursday,8AM,5PM|Friday,8AM,5PM",,,,,,,,,,"{""Accessibility"": {""Wheelchair-accessible car park"": true, ""Wheelchair-accessible entrance"": true}}",,,FALSE,None,Cotillón Otero,,"https://www.google.com/maps/place/Cotill%C3%B3n+Otero/@-34.8666541,-58.6186249,14z/data=!4m8!1m2!2m1!1sCotill%C3%B3n+Otero!3m4!1s0x95bcdbc0dd704e4d:0x91355f674c16f52c!8m2!3d-34.8666541!4d-58.6186249","https://www.google.com/maps/place/Cotill%C3%B3n+Otero/@-34.8666541,-58.6186249,13.99z/data=!4m16!1m7!3m6!1s0x95bcdbc0dd704e4d:0x91355f674c16f52c!2sCotill%C3%B3n+Otero!8m2!3d-34.8666541!4d-58.6186249!16s%2Fg%2F11ckvg1dmb!3m7!1s0x95bcdbc0dd704e4d:0x91355f674c16f52c!8m2!3d-34.8666541!4d-58.6186249!9m1!1b1!16s%2Fg%2F11ckvg1dmb?entry=ttu",ChIJTU5w3cDbvJURLPUWTGdfNZE,0x95bcdbc0dd704e4d:0x91355f674c16f52c,10463374206528058668,/g/11dx8kt_f4,-7983369867181492948
" Cotillón, Zona Oeste, CABA, Zona Norte, Zona SUR",CASA RODRIGO,Casa Rodrigo,Tienda de recuerdos,+54 11 4953-2188,,"Lavalle 2275, C1051ABI Cdad. Autónoma de Buenos Aires",Lavalle 2275,"Balvanera, Comuna 3",C1051,Argentina,AR,"-34,6032435","-58,3992397",89c2e311e8bffff,America/Buenos_Aires,,FALSE,"4,5",121,https://search.google.com/local/reviews?placeid=ChIJO5TPRevKvJURhlTGXK1fXpY&q=*&authuser=0&hl=en&gl=AR,,https://lh3.googleusercontent.com/gps-cs-s/AHRPTWkdl02vRJwtseKX2EcXtBWVLj0m8AKGqsUfudnohMdWfERoKvFK7CwyNqnKVBKypcV--ScpCEU2rVb8x4GzhciZmSWEE4-kg0rPUWjw0fJrH9fb5Nn74bgbytuWZUAxfqlsxlE=w800-h500-k-no,https://lh3.googleusercontent.com/gps-cs-s/AHRPTWkdl02vRJwtseKX2EcXtBWVLj0m8AKGqsUfudnohMdWfERoKvFK7CwyNqnKVBKypcV--ScpCEU2rVb8x4GzhciZmSWEE4-kg0rPUWjw0fJrH9fb5Nn74bgbytuWZUAxfqlsxlE=w1600-h1000-k-no,,,,OPERATIONAL,"{""Monday"": [""9AM-7PM""], ""Tuesday"": [""9AM-7PM""], ""Wednesday"": [""9AM-7PM""], ""Thursday"": [""9AM-7PM""], ""Friday"": [""9AM-7PM""], ""Saturday"": [""9AM-3PM""], ""Sunday"": [""Closed""]}","Monday,9AM,7PM|Tuesday,9AM,7PM|Wednesday,9AM,7PM|Thursday,9AM,7PM|Friday,9AM,7PM|Saturday,9AM,3PM",,,,,,,,,,"{""Accessibility"": {""Wheelchair-accessible car park"": false}, ""Planning"": {""Quick visit"": true}, ""Payments"": {""Credit cards"": true, ""Debit cards"": true, ""NFC mobile payments"": true}}",,,FALSE,None,CASA RODRIGO,,"https://www.google.com/maps/place/CASA+RODRIGO/@-34.6032435,-58.399239699999995,14z/data=!4m8!1m2!2m1!1sCASA+RODRIGO!3m4!1s0x95bccaeb45cf943b:0x965e5fad5cc65486!8m2!3d-34.6032435!4d-58.399239699999995","https://www.google.com/maps/place/CASA+RODRIGO/@-34.6032435,-58.399239699999995,13.99z/data=!4m16!1m7!3m6!1s0x95bccaeb45cf943b:0x965e5fad5cc65486!2sCASA+RODRIGO!8m2!3d-34.6032435!4d-58.399239699999995!16s%2Fg%2F11ckvg1dmb!3m7!1s0x95bccaeb45cf943b:0x965e5fad5cc65486!8m2!3d-34.6032435!4d-58.399239699999995!9m1!1b1!16s%2Fg%2F11ckvg1dmb?entry=ttu",ChIJO5TPRevKvJURhlTGXK1fXpY,0x95bccaeb45cf943b:0x965e5fad5cc65486,10835202951690474630,/g/1thfgms7,-7611541122019076986
" Cotillón, Zona Oeste, CABA, Zona Norte, Zona SUR","El AL ""El Mundo del Brillo""",El Al El Mundo Del Brillo,Tienda de regalos,+54 11 2398-2570,http://www.elmundodelbrillo.com/,"Lavalle 2166, C1051ABH Cdad. Autónoma de Buenos Aires",Lavalle 2166,"Balvanera, Comuna 3",C1051,Argentina,AR,"-34,6033497","-58,3978277",89c2e311e8bffff,America/Buenos_Aires,,FALSE,"4,5",422,https://search.google.com/local/reviews?placeid=ChIJbapnIuvKvJUR7rFemtjXTdk&q=*&authuser=0&hl=en&gl=AR,,https://lh3.googleusercontent.com/gps-cs-s/AHRPTWluFrV8CA93vAHS0yGSufdh41dGdZE5qMJcAmpxaIfQH1VgjeJt_af9LJfdtAz_UEyJnf-DuU1-lBHg724w6cF3P96RrDh0fWYgE7EhBi8Tc4L_uRtdu7SyW-O8xPvH91IOoeI=w800-h500-k-no,https://lh3.googleusercontent.com/gps-cs-s/AHRPTWluFrV8CA93vAHS0yGSufdh41dGdZE5qMJcAmpxaIfQH1VgjeJt_af9LJfdtAz_UEyJnf-DuU1-lBHg724w6cF3P96RrDh0fWYgE7EhBi8Tc4L_uRtdu7SyW-O8xPvH91IOoeI=w1600-h1000-k-no,https://lh5.googleusercontent.com/-xCkghs41A2Y/AAAAAAAAAAI/AAAAAAAAAAA/ilVJsUclRSA/s44-p-k-no-ns-nd/photo.jpg,,,OPERATIONAL,"{""Monday"": [""11AM-5PM""], ""Tuesday"": [""11AM-5PM""], ""Wednesday"": [""11AM-5PM""], ""Thursday"": [""11AM-5PM""], ""Friday"": [""10AM-4PM""], ""Saturday"": [""Closed""], ""Sunday"": [""Closed""]}","Monday,11AM,5PM|Tuesday,11AM,5PM|Wednesday,11AM,5PM|Thursday,11AM,5PM|Friday,10AM,4PM",,,,,,,,,,"{""Service options"": {""Delivery"": true}, ""Accessibility"": {""Wheelchair-accessible car park"": false, ""Wheelchair-accessible entrance"": false}, ""Planning"": {""Quick visit"": true}, ""Payments"": {""Debit cards"": true}}",,,TRUE,110527856829947983613,"El AL ""El Mundo del Brillo""",https://www.google.com/maps/contrib/110527856829947983613,"https://www.google.com/maps/place/El+AL+%22El+Mundo+del+Brillo%22/@-34.603349699999995,-58.3978277,14z/data=!4m8!1m2!2m1!1sEl+AL+%22El+Mundo+del+Brillo%22!3m4!1s0x95bccaeb2267aa6d:0xd94dd7d89a5eb1ee!8m2!3d-34.603349699999995!4d-58.3978277","https://www.google.com/maps/place/El+AL+%22El+Mundo+del+Brillo%22/@-34.603349699999995,-58.3978277,13.99z/data=!4m16!1m7!3m6!1s0x95bccaeb2267aa6d:0xd94dd7d89a5eb1ee!2sEl+AL+%22El+Mundo+del+Brillo%22!8m2!3d-34.603349699999995!4d-58.3978277!16s%2Fg%2F11ckvg1dmb!3m7!1s0x95bccaeb2267aa6d:0xd94dd7d89a5eb1ee!8m2!3d-34.603349699999995!4d-58.3978277!9m1!1b1!16s%2Fg%2F11ckvg1dmb?entry=ttu",ChIJbapnIuvKvJUR7rFemtjXTdk,0x95bccaeb2267aa6d:0xd94dd7d89a5eb1ee,15658408804739887598,/g/1tgpzd23,-2788335268969664018
" Cotillón, Zona Oeste, CABA, Zona Norte, Zona SUR",Carocruz Papelera,Carocruz Papelera,Librería,+54 11 7827-0004,http://www.carocruzpapelera.com/,"Tucumán 1575, C1050 AAE, Cdad. Autónoma de Buenos Aires",Tucumán 1575,San Nicolás,C1050,Argentina,AR,"-34,601692","-58,389083",89c2e311e53ffff,America/Buenos_Aires,,FALSE,"4,4",193,https://search.google.com/local/reviews?placeid=ChIJ9bpf0cDKvJURNosKxT8RR6M&q=*&authuser=0&hl=en&gl=AR,,https://lh3.googleusercontent.com/gps-cs-s/AHRPTWnvVckLPo54BsfkCuVjaX0y1n6Ni0HPjg-Um_AkM-y_vCzKQJnEMQIKf5y4s6M3nAcyklwmTYGcURk3HL63Zf1Eg3AIv_oHo47gi9BD9vwJMbhEao_BgCwV3a5k6DQ6p7r6jwtw=w800-h500-k-no,https://lh3.googleusercontent.com/gps-cs-s/AHRPTWnvVckLPo54BsfkCuVjaX0y1n6Ni0HPjg-Um_AkM-y_vCzKQJnEMQIKf5y4s6M3nAcyklwmTYGcURk3HL63Zf1Eg3AIv_oHo47gi9BD9vwJMbhEao_BgCwV3a5k6DQ6p7r6jwtw=w1600-h1000-k-no,https://lh6.googleusercontent.com/-HBd38R-lc-8/AAAAAAAAAAI/AAAAAAAAAAA/K1jrZcVMNjA/s44-p-k-no-ns-nd/photo.jpg,,,OPERATIONAL,"{""Monday"": [""9AM-6PM""], ""Tuesday"": [""9AM-6PM""], ""Wednesday"": [""9AM-6PM""], ""Thursday"": [""9AM-6PM""], ""Friday"": [""9AM-6PM""], ""Saturday"": [""Closed""], ""Sunday"": [""Closed""]}","Monday,9AM,6PM|Tuesday,9AM,6PM|Wednesday,9AM,6PM|Thursday,9AM,6PM|Friday,9AM,6PM",,,,,,,,,,"{""Service options"": {""Delivery"": true}, ""Accessibility"": {""Wheelchair-accessible car park"": false, ""Wheelchair-accessible entrance"": false}, ""Planning"": {""Quick visit"": true}, ""Payments"": {""Credit cards"": true, ""Debit cards"": true, ""NFC mobile payments"": true}}",,,TRUE,103613115883685173393,Carocruz Papelera,https://www.google.com/maps/contrib/103613115883685173393,"https://www.google.com/maps/place/Carocruz+Papelera/@-34.601692,-58.389083,14z/data=!4m8!1m2!2m1!1sCarocruz+Papelera!3m4!1s0x95bccac0d15fbaf5:0xa347113fc50a8b36!8m2!3d-34.601692!4d-58.389083","https://www.google.com/maps/place/Carocruz+Papelera/@-34.601692,-58.389083,13.99z/data=!4m16!1m7!3m6!1s0x95bccac0d15fbaf5:0xa347113fc50a8b36!2sCarocruz+Papelera!8m2!3d-34.601692!4d-58.389083!16s%2Fg%2F11ckvg1dmb!3m7!1s0x95bccac0d15fbaf5:0xa347113fc50a8b36!8m2!3d-34.601692!4d-58.389083!9m1!1b1!16s%2Fg%2F11ckvg1dmb?entry=ttu",ChIJ9bpf0cDKvJURNosKxT8RR6M,0x95bccac0d15fbaf5:0xa347113fc50a8b36,11765391517115124534,/g/1hc4l73ch,-6681352556594427082
" Cotillón, Zona Oeste, CABA, Zona Norte, Zona SUR",La Papelera,La Papelera,Papelería,+54 11 4326-0204,,"Viamonte 665, C1053 ABM, Cdad. Autónoma de Buenos Aires",Viamonte 665,San Nicolás,C1053,Argentina,AR,"-34,5998617","-58,3762377",89c2e31ad9bffff,America/Buenos_Aires,,FALSE,"4,5",209,https://search.google.com/local/reviews?placeid=ChIJp0DC68vKvJURCGKV4BX0hiE&q=*&authuser=0&hl=en&gl=AR,,https://lh3.googleusercontent.com/gps-cs-s/AHRPTWkUKOGjIvpYwwGSKKhjjISrJno3foy8ULP1JjMoiqt3jxkZBTjCNtAFmpE_wrmoU9XkXojW7ygtIDg_N1_IeUlH4f0JHTtvX0qKOX9re8ZmbR4M8OzDvoqZSmq-w_Ic7QBJXndXuA=w800-h500-k-no,https://lh3.googleusercontent.com/gps-cs-s/AHRPTWkUKOGjIvpYwwGSKKhjjISrJno3foy8ULP1JjMoiqt3jxkZBTjCNtAFmpE_wrmoU9XkXojW7ygtIDg_N1_IeUlH4f0JHTtvX0qKOX9re8ZmbR4M8OzDvoqZSmq-w_Ic7QBJXndXuA=w1600-h1000-k-no,https://lh6.googleusercontent.com/-JwNSfMKtx_4/AAAAAAAAAAI/AAAAAAAAAAA/iOdQWLhVLZo/s44-p-k-no-ns-nd/photo.jpg,,,OPERATIONAL,"{""Monday"": [""8AM-5:30PM""], ""Tuesday"": [""8AM-5:30PM""], ""Wednesday"": [""8AM-5:30PM""], ""Thursday"": [""8AM-5:30PM""], ""Friday"": [""8AM-5:30PM""], ""Saturday"": [""8AM-12:30PM""], ""Sunday"": [""Closed""]}","Monday,8AM,5:30PM|Tuesday,8AM,5:30PM|Wednesday,8AM,5:30PM|Thursday,8AM,5:30PM|Friday,8AM,5:30PM|Saturday,8AM,12:30PM",,,,,,,,,,"{""Service options"": {""Delivery"": true}, ""Accessibility"": {""Wheelchair-accessible car park"": false}, ""Planning"": {""Quick visit"": true}, ""Payments"": {""Credit cards"": true, ""Debit cards"": true, ""NFC mobile payments"": true}}",,,TRUE,107206450256736542092,La Papelera,https://www.google.com/maps/contrib/107206450256736542092,"https://www.google.com/maps/place/La+Papelera/@-34.5998617,-58.3762377,14z/data=!4m8!1m2!2m1!1sLa+Papelera!3m4!1s0x95bccacbebc240a7:0x2186f415e0956208!8m2!3d-34.5998617!4d-58.3762377","https://www.google.com/maps/place/La+Papelera/@-34.5998617,-58.3762377,13.99z/data=!4m16!1m7!3m6!1s0x95bccacbebc240a7:0x2186f415e0956208!2sLa+Papelera!8m2!3d-34.5998617!4d-58.3762377!16s%2Fg%2F11ckvg1dmb!3m7!1s0x95bccacbebc240a7:0x2186f415e0956208!8m2!3d-34.5998617!4d-58.3762377!9m1!1b1!16s%2Fg%2F11ckvg1dmb?entry=ttu",ChIJp0DC68vKvJURCGKV4BX0hiE,0x95bccacbebc240a7:0x2186f415e0956208,2415886624930226696,/g/11b6p27k1y,2415886624930226696
" Cotillón, Zona Oeste, CABA, Zona Norte, Zona SUR",CentraLed,Centraled,Mayorista,+54 11 3870-0623,https://centraled.com.ar/,"Bartolomé Mitre 777 Ofi 5e, C1036 Cdad. Autónoma de Buenos Aires",Bartolomé Mitre 777 Ofi 5e,"San Nicolás, Comuna 1",C1036,Argentina,AR,"-34,6069423","-58,3774693",89c2e31130fffff,America/Buenos_Aires,,FALSE,"3,4",11,https://search.google.com/local/reviews?placeid=ChIJJXBo1sHLvJURF4M7nCp7pJk&q=*&authuser=0&hl=en&gl=AR,,https://lh3.googleusercontent.com/gps-cs-s/AHRPTWnW_viAQ3PVkzVAyrXMUa14-XgBNwaGDEp-mftkv4Sy8WlqW7fHlaa9spjb-88V19JeoRyRqpLK5Q5NQm-8IjrB74AiCEPIxHjI8ycbr6Dmtki93_fj8r38SKuVL9gkPboCEDrL-TnJM6EY=w800-h500-k-no,https://lh3.googleusercontent.com/gps-cs-s/AHRPTWnW_viAQ3PVkzVAyrXMUa14-XgBNwaGDEp-mftkv4Sy8WlqW7fHlaa9spjb-88V19JeoRyRqpLK5Q5NQm-8IjrB74AiCEPIxHjI8ycbr6Dmtki93_fj8r38SKuVL9gkPboCEDrL-TnJM6EY=w1600-h1000-k-no,https://lh3.googleusercontent.com/-CwZsi4gsmbI/AAAAAAAAAAI/AAAAAAAAAAA/wzKigmIJ8Aw/s44-p-k-no-ns-nd/photo.jpg,,,OPERATIONAL,"{""Monday"": [""10AM-5:30PM""], ""Tuesday"": [""10AM-5:30PM""], ""Wednesday"": [""10AM-5:30PM""], ""Thursday"": [""10AM-5:30PM""], ""Friday"": [""10AM-5:30PM""], ""Saturday"": [""Closed""], ""Sunday"": [""Closed""]}","Monday,10AM,5:30PM|Tuesday,10AM,5:30PM|Wednesday,10AM,5:30PM|Thursday,10AM,5:30PM|Friday,10AM,5:30PM","[{""online_service_hours"": {""Monday"": ""10 AM-5:30 PM"", ""Tuesday"": ""10 AM-5:30 PM"", ""Wednesday"": ""10 AM-5:30 PM"", ""Thursday"": ""10 AM-5:30 PM"", ""Friday"": ""10 AM-5:30 PM"", ""Saturday"": ""10:30 AM-2 PM"", ""Sunday"": ""Closed""}}]",,,,,,,,,"{""Payments"": {""Credit cards"": true, ""Debit cards"": true}}",,,TRUE,109241811389915239284,CentraLed,https://www.google.com/maps/contrib/109241811389915239284,"https://www.google.com/maps/place/CentraLed/@-34.6069423,-58.377469299999994,14z/data=!4m8!1m2!2m1!1sCentraLed!3m4!1s0x95bccbc1d6687025:0x99a47b2a9c3b8317!8m2!3d-34.6069423!4d-58.377469299999994","https://www.google.com/maps/place/CentraLed/@-34.6069423,-58.377469299999994,13.99z/data=!4m16!1m7!3m6!1s0x95bccbc1d6687025:0x99a47b2a9c3b8317!2sCentraLed!8m2!3d-34.6069423!4d-58.377469299999994!16s%2Fg%2F11ckvg1dmb!3m7!1s0x95bccbc1d6687025:0x99a47b2a9c3b8317!8m2!3d-34.6069423!4d-58.377469299999994!9m1!1b1!16s%2Fg%2F11ckvg1dmb?entry=ttu",ChIJJXBo1sHLvJURF4M7nCp7pJk,0x95bccbc1d6687025:0x99a47b2a9c3b8317,11071109206923510551,/g/11l2lqh61w,-7375634866786041065
" Cotillón, Zona Oeste, CABA, Zona Norte, Zona SUR",Maria Tutti,Maria Tutti,Tienda general,+54 11 5358-5584,,"Juncal 1697, C1062 ABU, Cdad. Autónoma de Buenos Aires",Juncal 1697,Barrio Norte,C1062,Argentina,AR,"-34,593947","-58,391786",89c2e311e7bffff,America/Buenos_Aires,,FALSE,3,2,https://search.google.com/local/reviews?placeid=ChIJlw4naezLvJUR4x7ZBDSWh9M&q=*&authuser=0&hl=en&gl=AR,,https://lh3.googleusercontent.com/gps-cs-s/AHRPTWkkqkD5X1c50n3YGA1e_bRG-eCaD5U41MLRqEeeU8J1S_899W7tkIjSwosSNLNa_60Hq-0sFxHDFR3booSO0Wdc8EokdpnYAp9plC8R7e0vIa5iipaz7rebSprv95s-G5cyXWlc=w800-h500-k-no,https://lh3.googleusercontent.com/gps-cs-s/AHRPTWkkqkD5X1c50n3YGA1e_bRG-eCaD5U41MLRqEeeU8J1S_899W7tkIjSwosSNLNa_60Hq-0sFxHDFR3booSO0Wdc8EokdpnYAp9plC8R7e0vIa5iipaz7rebSprv95s-G5cyXWlc=w1600-h1000-k-no,,,,OPERATIONAL,"{""Monday"": [""11AM-6PM""], ""Tuesday"": [""11AM-6PM""], ""Wednesday"": [""11AM-6PM""], ""Thursday"": [""11AM-6PM""], ""Friday"": [""11AM-6PM""], ""Saturday"": [""10:30AM-1:30PM""], ""Sunday"": [""Closed""]}","Monday,11AM,6PM|Tuesday,11AM,6PM|Wednesday,11AM,6PM|Thursday,11AM,6PM|Friday,11AM,6PM|Saturday,10:30AM,1:30PM",,,,,,,,,,"{""Service options"": {""Delivery"": true}, ""Planning"": {""Quick visit"": true}, ""Payments"": {""Debit cards"": true, ""NFC mobile payments"": true, ""Credit cards"": true}}",,,FALSE,None,Maria Tutti,,"https://www.google.com/maps/place/Maria+Tutti/@-34.593947,-58.391785999999996,14z/data=!4m8!1m2!2m1!1sMaria+Tutti!3m4!1s0x95bccbec69270e97:0xd387963404d91ee3!8m2!3d-34.593947!4d-58.391785999999996","https://www.google.com/maps/place/Maria+Tutti/@-34.593947,-58.391785999999996,13.99z/data=!4m16!1m7!3m6!1s0x95bccbec69270e97:0xd387963404d91ee3!2sMaria+Tutti!8m2!3d-34.593947!4d-58.391785999999996!16s%2Fg%2F11ckvg1dmb!3m7!1s0x95bccbec69270e97:0xd387963404d91ee3!8m2!3d-34.593947!4d-58.391785999999996!9m1!1b1!16s%2Fg%2F11ckvg1dmb?entry=ttu",ChIJlw4naezLvJUR4x7ZBDSWh9M,0x95bccbec69270e97:0xd387963404d91ee3,15242316614022536931,/g/11s7sh1947,-3204427459687014685
" Cotillón, Zona Oeste, CABA, Zona Norte, Zona SUR",SG Tienda (Bazar),Sg Tienda Bazar,Tienda de artículos para el hogar,+54 9 11 6490-6120,,"Montevideo 1606, C1021AAB Cdad. Autónoma de Buenos Aires",Montevideo 1606,"Barrio Norte, Recoleta, Comuna 2",C1021,Argentina,AR,"-34,591494","-58,3879073",89c2e31ada7ffff,America/Buenos_Aires,,FALSE,"4,9",7,https://search.google.com/local/reviews?placeid=ChIJZ_fndrvKvJURW7rjcEFJVWE&q=*&authuser=0&hl=en&gl=AR,,https://lh3.googleusercontent.com/gps-proxy/ALd4DhF8xo-wvhPc9nBjzQtrvVs7USt5kI610Ou8SWQ8JSNWyI_-iW5654zwSbemVDfuHQSZmQESmkjgswNmzQjv-t__43tWBOSaA1UpneG2SgByzKBbi2jP8WwqXaP0qJTvC4zreg3UjnnCzqD08L39whk4rxpSFRXkyBK2mMwsqdYuJD_RQQu2Iv0pRtGNIlSiO4IR3SU=w800-h500-k-no,https://lh3.googleusercontent.com/gps-proxy/ALd4DhF8xo-wvhPc9nBjzQtrvVs7USt5kI610Ou8SWQ8JSNWyI_-iW5654zwSbemVDfuHQSZmQESmkjgswNmzQjv-t__43tWBOSaA1UpneG2SgByzKBbi2jP8WwqXaP0qJTvC4zreg3UjnnCzqD08L39whk4rxpSFRXkyBK2mMwsqdYuJD_RQQu2Iv0pRtGNIlSiO4IR3SU=w1600-h1000-k-no,https://lh6.googleusercontent.com/-ksjirrZqn18/AAAAAAAAAAI/AAAAAAAAAAA/yeXWZGVDU44/s44-p-k-no-ns-nd/photo.jpg,,,OPERATIONAL,"{""Monday"": [""10:30AM-7PM""], ""Tuesday"": [""10:30AM-7PM""], ""Wednesday"": [""10:30AM-7PM""], ""Thursday"": [""10AM-7PM""], ""Friday"": [""10:30AM-7PM""], ""Saturday"": [""Closed""], ""Sunday"": [""Closed""]}","Monday,10:30AM,7PM|Tuesday,10:30AM,7PM|Wednesday,10:30AM,7PM|Thursday,10AM,7PM|Friday,10:30AM,7PM",,,,,,,,,,"{""Service options"": {""Delivery"": true, ""Same-day delivery"": true}, ""Accessibility"": {""Wheelchair-accessible car park"": false}, ""Planning"": {""Quick visit"": true}, ""Payments"": {""Credit cards"": true, ""Debit cards"": true, ""NFC mobile payments"": true}}",,,TRUE,100444294664495034449,SG Tienda,https://www.google.com/maps/contrib/100444294664495034449,"https://www.google.com/maps/place/SG+Tienda+%28Bazar%29/@-34.591494,-58.387907299999995,14z/data=!4m8!1m2!2m1!1sSG+Tienda+%28Bazar%29!3m4!1s0x95bccabb76e7f767:0x6155494170e3ba5b!8m2!3d-34.591494!4d-58.387907299999995","https://www.google.com/maps/place/SG+Tienda+%28Bazar%29/@-34.591494,-58.387907299999995,13.99z/data=!4m16!1m7!3m6!1s0x95bccabb76e7f767:0x6155494170e3ba5b!2sSG+Tienda+%28Bazar%29!8m2!3d-34.591494!4d-58.387907299999995!16s%2Fg%2F11ckvg1dmb!3m7!1s0x95bccabb76e7f767:0x6155494170e3ba5b!8m2!3d-34.591494!4d-58.387907299999995!9m1!1b1!16s%2Fg%2F11ckvg1dmb?entry=ttu",ChIJZ_fndrvKvJURW7rjcEFJVWE,0x95bccabb76e7f767:0x6155494170e3ba5b,7013592540115090011,/g/11b6gg9gdd,7013592540115090011
" Cotillón, Zona Oeste, CABA, Zona Norte, Zona SUR",Regalos Uriburu 489,Regalos Uriburu 489,Tienda de artículos de fiesta,+54 11 5127-9540,,"Pres. José Evaristo Uriburu 489, C1027 Cdad. Autónoma de Buenos Aires",Pres. José Evaristo Uriburu 489,"Balvanera, Comuna 3",C1027,Argentina,AR,"-34,60348","-58,398191",89c2e311e8bffff,America/Buenos_Aires,,FALSE,"4,8",21,https://search.google.com/local/reviews?placeid=ChIJ5fLbPevKvJURCvkIOwcSrmk&q=*&authuser=0&hl=en&gl=AR,,https://lh3.googleusercontent.com/gps-cs-s/AHRPTWl6_pHxkIrDPAn7ISZJWg05CTBvRIxofKjEbxEsw46131X-J8sEw8pRcRV9fzRwyXz7qj3d_WeHzVllT_PZdeHsCAsMiSm5powqXzEr7CEp0W6ECWCWEZrXMmDl7-c5kVvN5SkD=w800-h500-k-no,https://lh3.googleusercontent.com/gps-cs-s/AHRPTWl6_pHxkIrDPAn7ISZJWg05CTBvRIxofKjEbxEsw46131X-J8sEw8pRcRV9fzRwyXz7qj3d_WeHzVllT_PZdeHsCAsMiSm5powqXzEr7CEp0W6ECWCWEZrXMmDl7-c5kVvN5SkD=w1600-h1000-k-no,https://lh5.googleusercontent.com/-MLGvwbMk5Ik/AAAAAAAAAAI/AAAAAAAAAAA/fCsT69bxPP8/s44-p-k-no-ns-nd/photo.jpg,,,OPERATIONAL,"{""Monday"": [""9AM-6PM""], ""Tuesday"": [""9AM-6PM""], ""Wednesday"": [""9AM-6PM""], ""Thursday"": [""9AM-6PM""], ""Friday"": [""9AM-4PM""], ""Saturday"": [""Closed""], ""Sunday"": [""Closed""]}","Monday,9AM,6PM|Tuesday,9AM,6PM|Wednesday,9AM,6PM|Thursday,9AM,6PM|Friday,9AM,4PM",,,,,,,,,,"{""Service options"": {""Delivery"": true, ""Same-day delivery"": true}, ""Accessibility"": {""Wheelchair-accessible car park"": false}, ""Planning"": {""Quick visit"": true}, ""Payments"": {""Cash only"": true}}",,,TRUE,102986008109785866286,Regalos Uriburu 489,https://www.google.com/maps/contrib/102986008109785866286,"https://www.google.com/maps/place/Regalos+Uriburu+489/@-34.60348,-58.398191,14z/data=!4m8!1m2!2m1!1sRegalos+Uriburu+489!3m4!1s0x95bccaeb3ddbf2e5:0x69ae12073b08f90a!8m2!3d-34.60348!4d-58.398191","https://www.google.com/maps/place/Regalos+Uriburu+489/@-34.60348,-58.398191,13.99z/data=!4m16!1m7!3m6!1s0x95bccaeb3ddbf2e5:0x69ae12073b08f90a!2sRegalos+Uriburu+489!8m2!3d-34.60348!4d-58.398191!16s%2Fg%2F11ckvg1dmb!3m7!1s0x95bccaeb3ddbf2e5:0x69ae12073b08f90a!8m2!3d-34.60348!4d-58.398191!9m1!1b1!16s%2Fg%2F11ckvg1dmb?entry=ttu",ChIJ5fLbPevKvJURCvkIOwcSrmk,0x95bccaeb3ddbf2e5:0x69ae12073b08f90a,7615043842194602250,/g/11b6xc08_j,7615043842194602250
" Cotillón, Zona Oeste, CABA, Zona Norte, Zona SUR",Cotymas Virreyes (San Fernando),Cotymas Virreyes San Fernando,Tienda de artículos de fiesta,,http://cotilloncotymas.com/,"Av. Avellaneda 1902, B1646 San Fernando, Provincia de Buenos Aires",Av. Avellaneda 1902,None,B1646,Argentina,AR,"-34,4520964","-58,5546919",89c2e307107ffff,America/Buenos_Aires,,FALSE,"4,1",127,https://search.google.com/local/reviews?placeid=ChIJ8ZPdVl-lvJURo4UDKdeYyn8&q=*&authuser=0&hl=en&gl=AR,,https://lh3.googleusercontent.com/gps-cs-s/AHRPTWmgzCzggNwbHsI7LZ2AT-_gygLnIbm01KDC_OK4_-XxefnC9olT7pet3HRLvTsgHkoSACSmlFGHbfzlnoXCFWCuow78GTK_QffsBcxp0mM5l0MCzjnUiWmLMg1ZbhT1Uj4vnC4=w800-h500-k-no,https://lh3.googleusercontent.com/gps-cs-s/AHRPTWmgzCzggNwbHsI7LZ2AT-_gygLnIbm01KDC_OK4_-XxefnC9olT7pet3HRLvTsgHkoSACSmlFGHbfzlnoXCFWCuow78GTK_QffsBcxp0mM5l0MCzjnUiWmLMg1ZbhT1Uj4vnC4=w1600-h1000-k-no,https://lh3.googleusercontent.com/-RQV7Z1wDka4/AAAAAAAAAAI/AAAAAAAAAAA/jY3J0YhtRz0/s44-p-k-no-ns-nd/photo.jpg,,,OPERATIONAL,"{""Monday"": [""9:30AM-1PM"", ""3:30-8PM""], ""Tuesday"": [""9:30AM-1PM"", ""3:30-8PM""], ""Wednesday"": [""9:30AM-1PM"", ""3:30-8PM""], ""Thursday"": [""9:30AM-1PM"", ""3:30-8PM""], ""Friday"": [""9:30AM-1PM"", ""3:30-8PM""], ""Saturday"": [""9:30AM-1:30PM"", ""4-8PM""], ""Sunday"": [""Closed""]}","Monday,9:30AM,1PM|Monday,3:30,8PM|Tuesday,9:30AM,1PM|Tuesday,3:30,8PM|Wednesday,9:30AM,1PM|Wednesday,3:30,8PM|Thursday,9:30AM,1PM|Thursday,3:30,8PM|Friday,9:30AM,1PM|Friday,3:30,8PM|Saturday,9:30AM,1:30PM|Saturday,4,8PM",,,,,,,,,,"{""Service options"": {""Delivery"": true, ""Same-day delivery"": true}, ""Accessibility"": {""Wheelchair-accessible car park"": false}, ""Planning"": {""Quick visit"": true}, ""Payments"": {""Credit cards"": true, ""Debit cards"": true, ""NFC mobile payments"": true}}",,,TRUE,111019394550867943085,Cotymas Virreyes,https://www.google.com/maps/contrib/111019394550867943085,"https://www.google.com/maps/place/Cotymas+Virreyes+%28San+Fernando%29/@-34.452096399999995,-58.554691899999995,14z/data=!4m8!1m2!2m1!1sCotymas+Virreyes+%28San+Fernando%29!3m4!1s0x95bca55f56dd93f1:0x7fca98d7290385a3!8m2!3d-34.452096399999995!4d-58.554691899999995","https://www.google.com/maps/place/Cotymas+Virreyes+%28San+Fernando%29/@-34.452096399999995,-58.554691899999995,13.99z/data=!4m16!1m7!3m6!1s0x95bca55f56dd93f1:0x7fca98d7290385a3!2sCotymas+Virreyes+%28San+Fernando%29!8m2!3d-34.452096399999995!4d-58.554691899999995!16s%2Fg%2F11ckvg1dmb!3m7!1s0x95bca55f56dd93f1:0x7fca98d7290385a3!8m2!3d-34.452096399999995!4d-58.554691899999995!9m1!1b1!16s%2Fg%2F11ckvg1dmb?entry=ttu",ChIJ8ZPdVl-lvJURo4UDKdeYyn8,0x95bca55f56dd93f1:0x7fca98d7290385a3,9208340437985887651,/g/11b75gq9mb,9208340437985887651
" Cotillón, Zona Oeste, CABA, Zona Norte, Zona SUR",Wigs CM,Wigs Cm,Tienda de pelucas,+54 11 4953-6343,https://www.pelucascm.com/,"Tucumán 2125, C1050AAQ Cdad. Autónoma de Buenos Aires",Tucumán 2125,"Balvanera, Comuna 3",C1050,Argentina,AR,"-34,602088","-58,397331",89c2e311e13ffff,America/Buenos_Aires,,FALSE,"4,4",509,https://search.google.com/local/reviews?placeid=ChIJK76HKuvKvJURJdKxcQwHOD8&q=*&authuser=0&hl=en&gl=AR,,https://lh3.googleusercontent.com/gps-cs-s/AHRPTWm_wJt4-XX_kLtRxZx_ZuG6bYzVG8owSkwy-uNs47vr2Qdp0fqXExMxP4qu4uSzaZMh_wjkhYTACh4tcVlHzxiS_53UvpclUP-BekHZD3qyLXghnUxkdDQep6y0NZlBYSinoojbcecO6E4e=w800-h500-k-no,https://lh3.googleusercontent.com/gps-cs-s/AHRPTWm_wJt4-XX_kLtRxZx_ZuG6bYzVG8owSkwy-uNs47vr2Qdp0fqXExMxP4qu4uSzaZMh_wjkhYTACh4tcVlHzxiS_53UvpclUP-BekHZD3qyLXghnUxkdDQep6y0NZlBYSinoojbcecO6E4e=w1600-h1000-k-no,https://lh4.googleusercontent.com/-_q5QZvfbI8U/AAAAAAAAAAI/AAAAAAAAAAA/dOl6ShrNMMY/s44-p-k-no-ns-nd/photo.jpg,,,OPERATIONAL,"{""Monday"": [""10AM-4PM""], ""Tuesday"": [""10AM-4PM""], ""Wednesday"": [""10AM-4PM""], ""Thursday"": [""10AM-4PM""], ""Friday"": [""10AM-4PM""], ""Saturday"": [""Closed""], ""Sunday"": [""Closed""]}","Monday,10AM,4PM|Tuesday,10AM,4PM|Wednesday,10AM,4PM|Thursday,10AM,4PM|Friday,10AM,4PM","[{""access"": {""Monday"": ""10 AM-4 PM"", ""Tuesday"": ""10 AM-4 PM"", ""Wednesday"": ""10 AM-4 PM"", ""Thursday"": ""10 AM-4 PM"", ""Friday"": ""10 AM-4 PM"", ""Saturday"": ""Closed"", ""Sunday"": ""Closed""}}]",,,,,,,,,"{""Accessibility"": {""Wheelchair-accessible car park"": false}, ""Payments"": {""Credit cards"": true, ""Debit cards"": true, ""NFC mobile payments"": true}}",,,TRUE,113626488236076109324,Wigs CM,https://www.google.com/maps/contrib/113626488236076109324,"https://www.google.com/maps/place/Wigs+CM/@-34.602088,-58.397330999999994,14z/data=!4m8!1m2!2m1!1sWigs+CM!3m4!1s0x95bccaeb2a87be2b:0x3f38070c71b1d225!8m2!3d-34.602088!4d-58.397330999999994","https://www.google.com/maps/place/Wigs+CM/@-34.602088,-58.397330999999994,13.99z/data=!4m16!1m7!3m6!1s0x95bccaeb2a87be2b:0x3f38070c71b1d225!2sWigs+CM!8m2!3d-34.602088!4d-58.397330999999994!16s%2Fg%2F11ckvg1dmb!3m7!1s0x95bccaeb2a87be2b:0x3f38070c71b1d225!8m2!3d-34.602088!4d-58.397330999999994!9m1!1b1!16s%2Fg%2F11ckvg1dmb?entry=ttu",ChIJK76HKuvKvJURJdKxcQwHOD8,0x95bccaeb2a87be2b:0x3f38070c71b1d225,4555398773113737765,/g/1hc1fvjmj,4555398773113737765
" Cotillón, Zona Oeste, CABA, Zona Norte, Zona SUR",B & F Deco,B And F Deco,Comercio,+54 9 11 3243-6319,http://www.byfdeco.com/,"Pres. José Evaristo Uriburu 424, C1027 Cdad. Autónoma de Buenos Aires",Pres. José Evaristo Uriburu 424,"Balvanera, Comuna 3",C1027,Argentina,AR,"-34,604213","-58,398412",89c2e311e8bffff,America/Buenos_Aires,,FALSE,"4,1",504,https://search.google.com/local/reviews?placeid=ChIJ2aSQaevKvJURb4x2ZlYX7hI&q=*&authuser=0&hl=en&gl=AR,,https://lh3.googleusercontent.com/gps-cs-s/AHRPTWmfYWKj7B6r7vK_-OZGpr37-zPGdsJmOpsSk7MUOoCKtORS1U-Ya0U2WzcSf_e_la60v-sSlRDFxmHlYleBKOLaUBjo3SNjcUMzZ6FQEY0TifAlqYJ2rVw7XhqnamX9cWSbo-mD=w800-h500-k-no,https://lh3.googleusercontent.com/gps-cs-s/AHRPTWmfYWKj7B6r7vK_-OZGpr37-zPGdsJmOpsSk7MUOoCKtORS1U-Ya0U2WzcSf_e_la60v-sSlRDFxmHlYleBKOLaUBjo3SNjcUMzZ6FQEY0TifAlqYJ2rVw7XhqnamX9cWSbo-mD=w1600-h1000-k-no,https://lh4.googleusercontent.com/-tMuiwgryBaI/AAAAAAAAAAI/AAAAAAAAAAA/MNbXEuTwGYg/s44-p-k-no-ns-nd/photo.jpg,,,OPERATIONAL,"{""Monday"": [""8AM-5PM""], ""Tuesday"": [""8AM-5PM""], ""Wednesday"": [""8AM-5PM""], ""Thursday"": [""8AM-5PM""], ""Friday"": [""8AM-5PM""], ""Saturday"": [""9AM-2PM""], ""Sunday"": [""Closed""]}","Monday,8AM,5PM|Tuesday,8AM,5PM|Wednesday,8AM,5PM|Thursday,8AM,5PM|Friday,8AM,5PM|Saturday,9AM,2PM",,,,,,,,,,"{""Service options"": {""Delivery"": true, ""In-store pick-up"": true, ""In-store shopping"": true}, ""Accessibility"": {""Wheelchair-accessible car park"": false}, ""Planning"": {""Quick visit"": true}, ""Payments"": {""Credit cards"": true, ""Debit cards"": true, ""NFC mobile payments"": true}}",,,TRUE,117146122960717178991,B & F Deco,https://www.google.com/maps/contrib/117146122960717178991,"https://www.google.com/maps/place/B+%26+F+Deco/@-34.604213,-58.398412,14z/data=!4m8!1m2!2m1!1sB+%26+F+Deco!3m4!1s0x95bccaeb6990a4d9:0x12ee175666768c6f!8m2!3d-34.604213!4d-58.398412","https://www.google.com/maps/place/B+%26+F+Deco/@-34.604213,-58.398412,13.99z/data=!4m16!1m7!3m6!1s0x95bccaeb6990a4d9:0x12ee175666768c6f!2sB+%26+F+Deco!8m2!3d-34.604213!4d-58.398412!16s%2Fg%2F11ckvg1dmb!3m7!1s0x95bccaeb6990a4d9:0x12ee175666768c6f!8m2!3d-34.604213!4d-58.398412!9m1!1b1!16s%2Fg%2F11ckvg1dmb?entry=ttu",ChIJ2aSQaevKvJURb4x2ZlYX7hI,0x95bccaeb6990a4d9:0x12ee175666768c6f,1364053396993510511,/g/1vqthzwr,1364053396993510511
" Cotillón, Zona Oeste, CABA, Zona Norte, Zona SUR",El Mundo de las Pelucas,El Mundo De Las Pelucas,Tienda de pelucas,+54 11 3481-6302,https://www.elmundodelaspelucas.com.ar/,"Junín 369, C1026 Cdad. Autónoma de Buenos Aires",Junín 369,"Balvanera, Comuna 3",C1026,Argentina,AR,"-34,6050407","-58,3966323",89c2e311ed7ffff,America/Buenos_Aires,,FALSE,"4,4",750,https://search.google.com/local/reviews?placeid=ChIJ3UrvT-rKvJURzFiQI8i-RuM&q=*&authuser=0&hl=en&gl=AR,,https://lh3.googleusercontent.com/gps-cs-s/AHRPTWk8PdiWNx_-Xv7PzfCsRULgqWvM4Z4ruKe9scH385RlHS4f2bnZinroInu8zvdW5UE_1KUrna7g96eohRBmGVCWqk6I3dLw1mp-l-hCrPHtfBzDqcARrFDq6Q-FDvp7yv0ZfYj2=w800-h500-k-no,https://lh3.googleusercontent.com/gps-cs-s/AHRPTWk8PdiWNx_-Xv7PzfCsRULgqWvM4Z4ruKe9scH385RlHS4f2bnZinroInu8zvdW5UE_1KUrna7g96eohRBmGVCWqk6I3dLw1mp-l-hCrPHtfBzDqcARrFDq6Q-FDvp7yv0ZfYj2=w1600-h1000-k-no,https://lh3.googleusercontent.com/-73tTxDmVaGA/AAAAAAAAAAI/AAAAAAAAAAA/-G1lxeEktu4/s44-p-k-no-ns-nd/photo.jpg,,,OPERATIONAL,"{""Monday"": [""10AM-6PM""], ""Tuesday"": [""10AM-6PM""], ""Wednesday"": [""10AM-6PM""], ""Thursday"": [""10AM-6PM""], ""Friday"": [""10AM-6PM""], ""Saturday"": [""10AM-1PM""], ""Sunday"": [""Closed""]}","Monday,10AM,6PM|Tuesday,10AM,6PM|Wednesday,10AM,6PM|Thursday,10AM,6PM|Friday,10AM,6PM|Saturday,10AM,1PM","[{""online_service_hours"": {""Monday"": ""10 AM-6 PM"", ""Tuesday"": ""10 AM-6 PM"", ""Wednesday"": ""10 AM-6 PM"", ""Thursday"": ""10 AM-6 PM"", ""Friday"": ""10 AM-6 PM"", ""Saturday"": ""Closed"", ""Sunday"": ""Closed""}}]",,,,,,,,,"{""Service options"": {""Delivery"": true, ""In-store pick-up"": true}, ""Accessibility"": {""Wheelchair-accessible seating"": true, ""Wheelchair-accessible car park"": false, ""Wheelchair-accessible toilet"": false}, ""Amenities"": {""Wi-Fi"": true}, ""Crowd"": {""LGBTQ+ friendly"": true, ""Transgender safe space"": true}, ""Planning"": {""Quick visit"": true}, ""Payments"": {""Credit cards"": true, ""Debit cards"": true, ""NFC mobile payments"": true}, ""Parking"": {""Free of charge street parking"": true, ""Paid parking lot"": true, ""Paid street parking"": true}, ""Other"": {""LGBTQ+ friendly"": true}}",,,TRUE,105992725266352389009,El Mundo de las Pelucas,https://www.google.com/maps/contrib/105992725266352389009,"https://www.google.com/maps/place/El+Mundo+de+las+Pelucas/@-34.605040699999996,-58.3966323,14z/data=!4m8!1m2!2m1!1sEl+Mundo+de+las+Pelucas!3m4!1s0x95bccaea4fef4add:0xe346bec8239058cc!8m2!3d-34.605040699999996!4d-58.3966323","https://www.google.com/maps/place/El+Mundo+de+las+Pelucas/@-34.605040699999996,-58.3966323,13.99z/data=!4m16!1m7!3m6!1s0x95bccaea4fef4add:0xe346bec8239058cc!2sEl+Mundo+de+las+Pelucas!8m2!3d-34.605040699999996!4d-58.3966323!16s%2Fg%2F11ckvg1dmb!3m7!1s0x95bccaea4fef4add:0xe346bec8239058cc!8m2!3d-34.605040699999996!4d-58.3966323!9m1!1b1!16s%2Fg%2F11ckvg1dmb?entry=ttu",ChIJ3UrvT-rKvJURzFiQI8i-RuM,0x95bccaea4fef4add:0xe346bec8239058cc,16376986861778786508,/g/1tlwb882,-2069757211930765108
" Cotillón, Zona Oeste, CABA, Zona Norte, Zona SUR",PP Papelera Piedras,Pp Papelera Piedras,Papelería,+54 11 4342-3445,,"Piedras 447, C1070AAI Cdad. Autónoma de Buenos Aires",Piedras 447,"Monserrat, Comuna 1",C1070,Argentina,AR,"-34,6134421","-58,3776585",89c2e311313ffff,America/Buenos_Aires,,FALSE,"4,3",126,https://search.google.com/local/reviews?placeid=ChIJA7UVhNbKvJURZLRna39OrTE&q=*&authuser=0&hl=en&gl=AR,,https://lh3.googleusercontent.com/gps-cs-s/AHRPTWmsFpt2lycaHS2G2aGCoDbMczqUgd42E66ZEbSGzKp7I-YVWUYg4sw4op1j3QrbiNEIgGKqJrVKd4yQkOGDOeiclevfJ1hae2jaQhal7OZUQH57EG3YkVToIzKNlmZgvRyNaPSG=w800-h500-k-no,https://lh3.googleusercontent.com/gps-cs-s/AHRPTWmsFpt2lycaHS2G2aGCoDbMczqUgd42E66ZEbSGzKp7I-YVWUYg4sw4op1j3QrbiNEIgGKqJrVKd4yQkOGDOeiclevfJ1hae2jaQhal7OZUQH57EG3YkVToIzKNlmZgvRyNaPSG=w1600-h1000-k-no,https://lh4.googleusercontent.com/-xLtDJfjcoG4/AAAAAAAAAAI/AAAAAAAAAAA/PsHKOUWrWMo/s44-p-k-no-ns-nd/photo.jpg,,,OPERATIONAL,"{""Monday"": [""9AM-5PM""], ""Tuesday"": [""9AM-5PM""], ""Wednesday"": [""9AM-5PM""], ""Thursday"": [""9AM-5PM""], ""Friday"": [""9AM-5PM""], ""Saturday"": [""9AM-1PM""], ""Sunday"": [""Closed""]}","Monday,9AM,5PM|Tuesday,9AM,5PM|Wednesday,9AM,5PM|Thursday,9AM,5PM|Friday,9AM,5PM|Saturday,9AM,1PM",,,,,,,,,,"{""Service options"": {""Delivery"": true}, ""Accessibility"": {""Wheelchair-accessible car park"": false}, ""Planning"": {""Quick visit"": true}, ""Payments"": {""Cheques"": true, ""Debit cards"": true, ""NFC mobile payments"": true}}",,,TRUE,107000607722644270105,PP Papelera Piedras,https://www.google.com/maps/contrib/107000607722644270105,"https://www.google.com/maps/place/PP+Papelera+Piedras/@-34.6134421,-58.377658499999995,14z/data=!4m8!1m2!2m1!1sPP+Papelera+Piedras!3m4!1s0x95bccad68415b503:0x31ad4e7f6b67b464!8m2!3d-34.6134421!4d-58.377658499999995","https://www.google.com/maps/place/PP+Papelera+Piedras/@-34.6134421,-58.377658499999995,13.99z/data=!4m16!1m7!3m6!1s0x95bccad68415b503:0x31ad4e7f6b67b464!2sPP+Papelera+Piedras!8m2!3d-34.6134421!4d-58.377658499999995!16s%2Fg%2F11ckvg1dmb!3m7!1s0x95bccad68415b503:0x31ad4e7f6b67b464!8m2!3d-34.6134421!4d-58.377658499999995!9m1!1b1!16s%2Fg%2F11ckvg1dmb?entry=ttu",ChIJA7UVhNbKvJURZLRna39OrTE,0x95bccad68415b503:0x31ad4e7f6b67b464,3579603587999183972,/g/11b7svg2bh,3579603587999183972
" Cotillón, Zona Oeste, CABA, Zona Norte, Zona SUR",MASCARAS y DISFRACES industria ARGENTINA,Mascaras Y Disfraces Industria Argentina,Tienda de artesanías,+54 11 2889-4133,https://www.instagram.com/mascaras_industria_argentina/,"Bartolome mitre 2328, Timbre unico Puerta Gris, Entre Pasteur y Azcuénaga Barrio Balvanera Once, C1039 Cdad. Autónoma de Buenos Aires","Bartolome mitre 2328, Timbre unico Puerta Gris, Entre Pasteur y Azcuénaga Barrio Balvanera Once","Balvanera, Comuna 3",C1039,Argentina,AR,"-34,6086569","-58,3997218",89c2e311167ffff,America/Buenos_Aires,,FALSE,,,,,https://lh3.googleusercontent.com/gps-cs-s/AHRPTWksv9rTsjbLm-briqeBTl928QhxVIgafttNvufl7jcUkvwvlf0seZlsM4Q7NRRiPzlS0uxGRt6NDzRSAfQrrococ9wC6LJKrmHLoZDkhQaODxpJ5Z7kcQe0XgK8DMQ-SJa_k6FgDg=w800-h500-k-no,,https://lh4.googleusercontent.com/-2mwe6tq2LUE/AAAAAAAAAAI/AAAAAAAAAAA/lFo1WG2-Fx8/s44-p-k-no-ns-nd/photo.jpg,,,OPERATIONAL,"{""Monday"": [""12-3PM""], ""Tuesday"": [""12-3PM""], ""Wednesday"": [""12-3PM""], ""Thursday"": [""12-3PM""], ""Friday"": [""12-3PM""], ""Saturday"": [""Closed""], ""Sunday"": [""Closed""]}","Monday,12,3PM|Tuesday,12,3PM|Wednesday,12,3PM|Thursday,12,3PM|Friday,12,3PM",,,,,,,,,,"{""Accessibility"": {""Wheelchair-accessible seating"": true}, ""Planning"": {""Quick visit"": true}, ""Payments"": {""Debit cards"": true}}",,,TRUE,101592212036433193475,MASCARAS y DISFRACES industria ARGENTINA,https://www.google.com/maps/contrib/101592212036433193475,"https://www.google.com/maps/place/MASCARAS+y+DISFRACES+industria+ARGENTINA/@-34.6086569,-58.399721799999995,14z/data=!4m8!1m2!2m1!1sMASCARAS+y+DISFRACES+industria+ARGENTINA!3m4!1s0x95bccb7b99cc1823:0xfa4df0ed954d2035!8m2!3d-34.6086569!4d-58.399721799999995","https://www.google.com/maps/place/MASCARAS+y+DISFRACES+industria+ARGENTINA/@-34.6086569,-58.399721799999995,13.99z/data=!4m16!1m7!3m6!1s0x95bccb7b99cc1823:0xfa4df0ed954d2035!2sMASCARAS+y+DISFRACES+industria+ARGENTINA!8m2!3d-34.6086569!4d-58.399721799999995!16s%2Fg%2F11ckvg1dmb!3m7!1s0x95bccb7b99cc1823:0xfa4df0ed954d2035!8m2!3d-34.6086569!4d-58.399721799999995!9m1!1b1!16s%2Fg%2F11ckvg1dmb?entry=ttu",ChIJIxjMmXvLvJURNSBNle3wTfo,0x95bccb7b99cc1823:0xfa4df0ed954d2035,18036336985891479605,/g/11w319zm01,None
" Cotillón, Zona Oeste, CABA, Zona Norte, Zona SUR",Casa Osvaldo,Casa Osvaldo,Tienda de regalos,+54 11 4311-7340,,"Esmeralda 893, C1007ABI Cdad. Autónoma de Buenos Aires",Esmeralda 893,"Retiro, Comuna 1",C1007,Argentina,AR,"-34,5978045","-58,3782596",89c2e31ad8bffff,America/Buenos_Aires,,FALSE,5,2,https://search.google.com/local/reviews?placeid=ChIJfybP7MnKvJURcnI6bfUBd_c&q=*&authuser=0&hl=en&gl=AR,,https://lh3.googleusercontent.com/gps-proxy/ALd4DhEX4X8Ut9-UnIrn0yuOOKqm0mC5HlsCY-4PHzZ2HVSJCfxGYfzyw-_JiywUsaJSLdzne0jwaDjnUpWnp4SloDYpJ_hf3BdU1GiHbuukl1mEyquudeloLtAoFV3albPZ-jJMgADd6I_GRP68lJcBf__44vBjgLnRN6-zWkZEG6esJY0QpASmR4bo00DdIl3HIEGGp1E=w800-h500-k-no,https://lh3.googleusercontent.com/gps-proxy/ALd4DhEX4X8Ut9-UnIrn0yuOOKqm0mC5HlsCY-4PHzZ2HVSJCfxGYfzyw-_JiywUsaJSLdzne0jwaDjnUpWnp4SloDYpJ_hf3BdU1GiHbuukl1mEyquudeloLtAoFV3albPZ-jJMgADd6I_GRP68lJcBf__44vBjgLnRN6-zWkZEG6esJY0QpASmR4bo00DdIl3HIEGGp1E=w1600-h1000-k-no,,,,CLOSED_TEMPORARILY,,,,,,,,,,,,"{""Service options"": {""Delivery"": true}}",,,FALSE,None,Casa Osvaldo,,"https://www.google.com/maps/place/Casa+Osvaldo/@-34.597804499999995,-58.3782596,14z/data=!4m8!1m2!2m1!1sCasa+Osvaldo!3m4!1s0x95bccac9eccf267f:0xf77701f56d3a7272!8m2!3d-34.597804499999995!4d-58.3782596","https://www.google.com/maps/place/Casa+Osvaldo/@-34.597804499999995,-58.3782596,13.99z/data=!4m16!1m7!3m6!1s0x95bccac9eccf267f:0xf77701f56d3a7272!2sCasa+Osvaldo!8m2!3d-34.597804499999995!4d-58.3782596!16s%2Fg%2F11ckvg1dmb!3m7!1s0x95bccac9eccf267f:0xf77701f56d3a7272!8m2!3d-34.597804499999995!4d-58.3782596!9m1!1b1!16s%2Fg%2F11ckvg1dmb?entry=ttu",ChIJfybP7MnKvJURcnI6bfUBd_c,0x95bccac9eccf267f:0xf77701f56d3a7272,17831723403207930482,/g/1tf_2835,-615020670501621134
" Mayorista de alimentos, Zona Oeste, CABA, Zona Norte, Zona SUR",Distribuidora El Saleciano - Clamor,Distribuidora El Saleciano Clamor,Proveedor mayorista de alimentos y bebidas,+54 11 6416-4650,https://www.saleciano.com.ar/,"Gdor. Ugarte 3650, B1826FEJ Remedios de Escalada, Provincia de Buenos Aires",Gdor. Ugarte 3650,None,B1826,Argentina,AR,"-34,718258","-58,411378",89c2e389eabffff,America/Buenos_Aires,,FALSE,"4,9",173,https://search.google.com/local/reviews?placeid=ChIJlwGIKgnNvJURqAzaulxsSBA&q=*&authuser=0&hl=en&gl=AR,,https://lh3.googleusercontent.com/gps-cs-s/AHRPTWlJp8miGt6FJ6vYiHKS1h8ZIfzoaSfAsqVFaQC2zIauN2LDxI20R4EjdfD2bZork6HHjtj8kLchkIKb35hLkDLPTCWq6yduQ-wRGahxXeLoUeYUPWKaJ-QOZe6ePGPl96sISZgFKnHijRyL=w800-h500-k-no,https://lh3.googleusercontent.com/gps-cs-s/AHRPTWlJp8miGt6FJ6vYiHKS1h8ZIfzoaSfAsqVFaQC2zIauN2LDxI20R4EjdfD2bZork6HHjtj8kLchkIKb35hLkDLPTCWq6yduQ-wRGahxXeLoUeYUPWKaJ-QOZe6ePGPl96sISZgFKnHijRyL=w1600-h1000-k-no,https://lh6.googleusercontent.com/-qKd5G4Yk8g0/AAAAAAAAAAI/AAAAAAAAAAA/x73fGqyxz-I/s44-p-k-no-ns-nd/photo.jpg,,,OPERATIONAL,"{""Monday"": [""8AM-5:30PM""], ""Tuesday"": [""8AM-5:30PM""], ""Wednesday"": [""8AM-5:30PM""], ""Thursday"": [""8AM-5:30PM""], ""Friday"": [""8AM-5:30PM""], ""Saturday"": [""Closed""], ""Sunday"": [""Closed""]}","Monday,8AM,5:30PM|Tuesday,8AM,5:30PM|Wednesday,8AM,5:30PM|Thursday,8AM,5:30PM|Friday,8AM,5:30PM",,,,,,,,,,"{""Service options"": {""Delivery"": true}, ""Accessibility"": {""Wheelchair-accessible seating"": true, ""Wheelchair-accessible toilet"": false}, ""Amenities"": {""Gender-neutral toilets"": true}, ""Payments"": {""Debit cards"": true, ""NFC mobile payments"": true}, ""Parking"": {""Free of charge street parking"": true, ""Free parking lot"": true}}",,,TRUE,104820078810361380238,Distribuidora El Saleciano - Clamor,https://www.google.com/maps/contrib/104820078810361380238,"https://www.google.com/maps/place/Distribuidora+El+Saleciano+-+Clamor/@-34.718258,-58.411378,14z/data=!4m8!1m2!2m1!1sDistribuidora+El+Saleciano+-+Clamor!3m4!1s0x95bccd092a880197:0x10486c5cbada0ca8!8m2!3d-34.718258!4d-58.411378","https://www.google.com/maps/place/Distribuidora+El+Saleciano+-+Clamor/@-34.718258,-58.411378,13.99z/data=!4m16!1m7!3m6!1s0x95bccd092a880197:0x10486c5cbada0ca8!2sDistribuidora+El+Saleciano+-+Clamor!8m2!3d-34.718258!4d-58.411378!16s%2Fg%2F11ckvg1dmb!3m7!1s0x95bccd092a880197:0x10486c5cbada0ca8!8m2!3d-34.718258!4d-58.411378!9m1!1b1!16s%2Fg%2F11ckvg1dmb?entry=ttu",ChIJlwGIKgnNvJURqAzaulxsSBA,0x95bccd092a880197:0x10486c5cbada0ca8,1173306848457657512,/g/1hc1h64wf,1173306848457657512
" Mayorista de alimentos, Zona Oeste, CABA, Zona Norte, Zona SUR",DISTRIBUIDORA DEL CAMPO ALIMENTOS,Distribuidora Del Campo Alimentos,Mayorista,+54 11 2675-2601,http://www.delcampodistribuidora.com/,"Salvigny 1553, C1437JGI C1437JGI, Cdad. Autónoma de Buenos Aires",Salvigny 1553,Parque Chacabuco,C1437,Argentina,AR,"-34,6442807","-58,4330142",89c2e310443ffff,America/Buenos_Aires,,FALSE,"4,8",25,https://search.google.com/local/reviews?placeid=ChIJXWNLc13LvJUR-djZkSij71o&q=*&authuser=0&hl=en&gl=AR,,https://lh3.googleusercontent.com/gps-cs-s/AHRPTWmCroweTMOZXEFjYGFjtqiptJqEGYnc1_tix2NIgzF_lVjAXVAReeqHf-pYWVzkB6hjEZRd7w3teD5pFZ8G6aIHj1MEyjJTOp1tM18q6ZF43e6lFglkpifEnbqOc7RznAHkf65q=w800-h500-k-no,https://lh3.googleusercontent.com/gps-cs-s/AHRPTWl_AKPqQwfKw3IAORC72MwOwA9NPg5mdH-PJ4XufnUYcRxjfWmHBXbB1rJiWeQwZKnzq-GZvskxczpCSR7hFxBeYwyVhabHdecQzg-srrEXJHaOPfq3ki3RiRP05W4sPjWiLs0K=w1600-h1000-k-no,https://lh6.googleusercontent.com/-IP5U4TwUC6k/AAAAAAAAAAI/AAAAAAAAAAA/xVigozJ4EMQ/s44-p-k-no-ns-nd/photo.jpg,,,OPERATIONAL,"{""Monday"": [""7AM-2PM""], ""Tuesday"": [""7AM-2PM""], ""Wednesday"": [""7AM-2PM""], ""Thursday"": [""7AM-2PM""], ""Friday"": [""7AM-2PM""], ""Saturday"": [""8AM-12PM""], ""Sunday"": [""Closed""]}","Monday,7AM,2PM|Tuesday,7AM,2PM|Wednesday,7AM,2PM|Thursday,7AM,2PM|Friday,7AM,2PM|Saturday,8AM,12PM","[{""pickup"": {""Monday"": ""8 AM-2 PM"", ""Tuesday"": ""8 AM-2 PM"", ""Wednesday"": ""8 AM-2 PM"", ""Thursday"": ""8 AM-2 PM"", ""Friday"": ""8 AM-2 PM"", ""Saturday"": ""8 AM-12 PM"", ""Sunday"": ""Closed""}}]",,,,,,,,,"{""Payments"": {""Credit cards"": true, ""Debit cards"": true}, ""Parking"": {""Free of charge street parking"": true}}",,,TRUE,101310808706538201968,DISTRIBUIDORA DEL CAMPO ALIMENTOS,https://www.google.com/maps/contrib/101310808706538201968,"https://www.google.com/maps/place/DISTRIBUIDORA+DEL+CAMPO+ALIMENTOS/@-34.644280699999996,-58.433014199999995,14z/data=!4m8!1m2!2m1!1sDISTRIBUIDORA+DEL+CAMPO+ALIMENTOS!3m4!1s0x95bccb5d734b635d:0x5aefa32891d9d8f9!8m2!3d-34.644280699999996!4d-58.433014199999995","https://www.google.com/maps/place/DISTRIBUIDORA+DEL+CAMPO+ALIMENTOS/@-34.644280699999996,-58.433014199999995,13.99z/data=!4m16!1m7!3m6!1s0x95bccb5d734b635d:0x5aefa32891d9d8f9!2sDISTRIBUIDORA+DEL+CAMPO+ALIMENTOS!8m2!3d-34.644280699999996!4d-58.433014199999995!16s%2Fg%2F11ckvg1dmb!3m7!1s0x95bccb5d734b635d:0x5aefa32891d9d8f9!8m2!3d-34.644280699999996!4d-58.433014199999995!9m1!1b1!16s%2Fg%2F11ckvg1dmb?entry=ttu",ChIJXWNLc13LvJUR-djZkSij71o,0x95bccb5d734b635d:0x5aefa32891d9d8f9,6552635377488353529,/g/11q94vsbsz,6552635377488353529
" Mayorista de alimentos, Zona Oeste, CABA, Zona Norte, Zona SUR",Mayorista sabores nuestros .,Mayorista Sabores Nuestros,Proveedor mayorista de alimentos,+54 11 2627-4321,https://www.facebook.com/ventassaboresnuestros/,"José Hernández 4745, B1653 Villa Coronel José María Zapiola, Provincia de Buenos Aires",José Hernández 4745,None,B1653,Argentina,AR,"-34,5645442","-58,568248",89c2e31445bffff,America/Buenos_Aires,,FALSE,"4,8",41,https://search.google.com/local/reviews?placeid=ChIJq-qjB2a5vJURwu2YL7SyBO4&q=*&authuser=0&hl=en&gl=AR,,https://lh3.googleusercontent.com/gps-cs-s/AHRPTWkqVZVnxy4-FuBLb2XSlTDqOMgzp4TC2V9a7kE4xcTPcbZuV1--IgOJ8hogqCRT9AQCSFjYHafKP_7517i3XZvpUcamnfxJktJKjg8ufFfhvJzCunBuur6xrkpQJV3sGJtNXqV_GA=w800-h500-k-no,https://lh3.googleusercontent.com/gps-cs-s/AHRPTWkqVZVnxy4-FuBLb2XSlTDqOMgzp4TC2V9a7kE4xcTPcbZuV1--IgOJ8hogqCRT9AQCSFjYHafKP_7517i3XZvpUcamnfxJktJKjg8ufFfhvJzCunBuur6xrkpQJV3sGJtNXqV_GA=w1600-h1000-k-no,https://lh6.googleusercontent.com/--S9-9kw82VE/AAAAAAAAAAI/AAAAAAAAAAA/TeOsNcJu4Ao/s44-p-k-no-ns-nd/photo.jpg,,,OPERATIONAL,"{""Monday"": [""8AM-5PM""], ""Tuesday"": [""8AM-5PM""], ""Wednesday"": [""8AM-5PM""], ""Thursday"": [""8AM-5PM""], ""Friday"": [""8AM-5PM""], ""Saturday"": [""8AM-5PM""], ""Sunday"": [""Closed""]}","Monday,8AM,5PM|Tuesday,8AM,5PM|Wednesday,8AM,5PM|Thursday,8AM,5PM|Friday,8AM,5PM|Saturday,8AM,5PM",,,,,,,,,,"{""Service options"": {""No-contact delivery"": true, ""Delivery"": true}}",,,TRUE,117026367163294313144,Mayorista sabores nuestros .,https://www.google.com/maps/contrib/117026367163294313144,"https://www.google.com/maps/place/Mayorista+sabores+nuestros+./@-34.5645442,-58.568248,14z/data=!4m8!1m2!2m1!1sMayorista+sabores+nuestros+.!3m4!1s0x95bcb96607a3eaab:0xee04b2b42f98edc2!8m2!3d-34.5645442!4d-58.568248","https://www.google.com/maps/place/Mayorista+sabores+nuestros+./@-34.5645442,-58.568248,13.99z/data=!4m16!1m7!3m6!1s0x95bcb96607a3eaab:0xee04b2b42f98edc2!2sMayorista+sabores+nuestros+.!8m2!3d-34.5645442!4d-58.568248!16s%2Fg%2F11ckvg1dmb!3m7!1s0x95bcb96607a3eaab:0xee04b2b42f98edc2!8m2!3d-34.5645442!4d-58.568248!9m1!1b1!16s%2Fg%2F11ckvg1dmb?entry=ttu",ChIJq-qjB2a5vJURwu2YL7SyBO4,0x95bcb96607a3eaab:0xee04b2b42f98edc2,17151029767896100290,/g/11fnq3gkkk,-1295714305813451326
" Mayorista de alimentos, Zona Oeste, CABA, Zona Norte, Zona SUR",Distribuidora El Criollo S.R.L.,Distribuidora El Criollo S R L,Mayorista,+54 11 4114-5000,http://www.distribuidoraelcriollo.com/,"Caracas 2720, C1416 Cdad. Autónoma de Buenos Aires",Caracas 2720,"Villa del Parque, Comuna 11",2720,Argentina,AR,"-34,6012194","-58,4790182",89c2e310c0fffff,America/Buenos_Aires,,FALSE,"3,2",76,https://search.google.com/local/reviews?placeid=ChIJQdUWRBy2vJURRKZLVNB0sEo&q=*&authuser=0&hl=en&gl=AR,,https://lh3.googleusercontent.com/gps-cs-s/AHRPTWmfxnAeofO67W9PEN9sknOjYGO1K7LMdSVFznJj5z2iUaOSKA0pXU9kC5XJblHUXfwIj4WHW8HE2H_9IPwhif0GQseVfONSKXUXmsnf_OlCJoF8eR4bZQeaRdPlA7RGg2wzoIaeMBzqqCnP=w800-h500-k-no,https://lh3.googleusercontent.com/gps-cs-s/AHRPTWmfxnAeofO67W9PEN9sknOjYGO1K7LMdSVFznJj5z2iUaOSKA0pXU9kC5XJblHUXfwIj4WHW8HE2H_9IPwhif0GQseVfONSKXUXmsnf_OlCJoF8eR4bZQeaRdPlA7RGg2wzoIaeMBzqqCnP=w1600-h1000-k-no,https://lh3.googleusercontent.com/-8EX4xBV2AYw/AAAAAAAAAAI/AAAAAAAAAAA/J_ZlBssKARo/s44-p-k-no-ns-nd/photo.jpg,,,OPERATIONAL,"{""Monday"": [""8AM-5PM""], ""Tuesday"": [""8AM-5PM""], ""Wednesday"": [""8AM-5PM""], ""Thursday"": [""8AM-5PM""], ""Friday"": [""8AM-5PM""], ""Saturday"": [""9AM-1PM""], ""Sunday"": [""Closed""]}","Monday,8AM,5PM|Tuesday,8AM,5PM|Wednesday,8AM,5PM|Thursday,8AM,5PM|Friday,8AM,5PM|Saturday,9AM,1PM",,,,,,,,,,"{""Accessibility"": {""Wheelchair-accessible entrance"": true}, ""Payments"": {""Debit cards"": true}}",,,TRUE,115430727229088319333,Distribuidora El Criollo S.R.L.,https://www.google.com/maps/contrib/115430727229088319333,"https://www.google.com/maps/place/Distribuidora+El+Criollo+S.R.L./@-34.6012194,-58.4790182,14z/data=!4m8!1m2!2m1!1sDistribuidora+El+Criollo+S.R.L.!3m4!1s0x95bcb61c4416d541:0x4ab074d0544ba644!8m2!3d-34.6012194!4d-58.4790182","https://www.google.com/maps/place/Distribuidora+El+Criollo+S.R.L./@-34.6012194,-58.4790182,13.99z/data=!4m16!1m7!3m6!1s0x95bcb61c4416d541:0x4ab074d0544ba644!2sDistribuidora+El+Criollo+S.R.L.!8m2!3d-34.6012194!4d-58.4790182!16s%2Fg%2F11ckvg1dmb!3m7!1s0x95bcb61c4416d541:0x4ab074d0544ba644!8m2!3d-34.6012194!4d-58.4790182!9m1!1b1!16s%2Fg%2F11ckvg1dmb?entry=ttu",ChIJQdUWRBy2vJURRKZLVNB0sEo,0x95bcb61c4416d541:0x4ab074d0544ba644,5381929992824006212,/g/11bbrpjnzr,5381929992824006212
" Mayorista de alimentos, Zona Oeste, CABA, Zona Norte, Zona SUR",Área Sur,Área Sur,Proveedor mayorista de alimentos y bebidas,+54 9 11 5618-3556,https://areasur.com.ar/,"Av. Tte. Gral. Donato Álvarez 3479, B1825 Monte Chingolo, Provincia de Buenos Aires",Av. Tte. Gral. Donato Álvarez 3479,Lanús Este,B1825,Argentina,AR,"-34,7138253","-58,3515761",89c2e3c6e37ffff,America/Buenos_Aires,,FALSE,"4,5",159,https://search.google.com/local/reviews?placeid=ChIJRfVCLbwyo5URY7_m0lzZSpI&q=*&authuser=0&hl=en&gl=AR,,https://lh3.googleusercontent.com/gps-cs-s/AHRPTWnIUv24RkMxYasFYYM3Nr44e2YUXiDYn_1KfUYNAYJKuzOmNVZmjnFpOLBoioO31-ZHLXABhY2AbdqUpUexD0JyQ7fzvD2vrTvWaSaScGnzlbow1vJmwi25vyNMdU5_KLDXIKkGf4OTKKxi=w800-h500-k-no,https://lh3.googleusercontent.com/gps-cs-s/AHRPTWnIUv24RkMxYasFYYM3Nr44e2YUXiDYn_1KfUYNAYJKuzOmNVZmjnFpOLBoioO31-ZHLXABhY2AbdqUpUexD0JyQ7fzvD2vrTvWaSaScGnzlbow1vJmwi25vyNMdU5_KLDXIKkGf4OTKKxi=w1600-h1000-k-no,https://lh3.googleusercontent.com/-CKgUcNpIgkU/AAAAAAAAAAI/AAAAAAAAAAA/-JF94JySTQA/s44-p-k-no-ns-nd/photo.jpg,,,OPERATIONAL,"{""Monday"": [""7:30AM-2PM""], ""Tuesday"": [""7:30AM-2PM""], ""Wednesday"": [""7:30AM-2PM""], ""Thursday"": [""7:30AM-2PM""], ""Friday"": [""7:30AM-2PM""], ""Saturday"": [""Closed""], ""Sunday"": [""Closed""]}","Monday,7:30AM,2PM|Tuesday,7:30AM,2PM|Wednesday,7:30AM,2PM|Thursday,7:30AM,2PM|Friday,7:30AM,2PM","[{""online_service_hours"": {""Monday"": ""7 AM-12 PM"", ""Tuesday"": ""7 AM-12 PM"", ""Wednesday"": ""7 AM-12 PM"", ""Thursday"": ""7 AM-12 PM"", ""Friday"": ""7 AM-12 PM"", ""Saturday"": ""Closed"", ""Sunday"": ""Closed""}}]",,,,,,,,,"{""Service options"": {""Delivery"": true, ""On-site services"": true}, ""Accessibility"": {""Wheelchair-accessible car park"": true, ""Wheelchair-accessible entrance"": true, ""Wheelchair-accessible seating"": true, ""Wheelchair-accessible toilet"": false}, ""Crowd"": {""LGBTQ+ friendly"": true}, ""Payments"": {""Credit cards"": true, ""Debit cards"": true, ""NFC mobile payments"": true}, ""Parking"": {""Free multi-storey car park"": true, ""Free of charge street parking"": true, ""Free parking lot"": true, ""On-site parking"": true}, ""Other"": {""LGBTQ+ friendly"": true}}",,,TRUE,114486770017803330834,Área Sur,https://www.google.com/maps/contrib/114486770017803330834,"https://www.google.com/maps/place/%C3%81rea+Sur/@-34.713825299999996,-58.351576099999996,14z/data=!4m8!1m2!2m1!1s%C3%81rea+Sur!3m4!1s0x95a332bc2d42f545:0x924ad95cd2e6bf63!8m2!3d-34.713825299999996!4d-58.351576099999996","https://www.google.com/maps/place/%C3%81rea+Sur/@-34.713825299999996,-58.351576099999996,13.99z/data=!4m16!1m7!3m6!1s0x95a332bc2d42f545:0x924ad95cd2e6bf63!2s%C3%81rea+Sur!8m2!3d-34.713825299999996!4d-58.351576099999996!16s%2Fg%2F11ckvg1dmb!3m7!1s0x95a332bc2d42f545:0x924ad95cd2e6bf63!8m2!3d-34.713825299999996!4d-58.351576099999996!9m1!1b1!16s%2Fg%2F11ckvg1dmb?entry=ttu",ChIJRfVCLbwyo5URY7_m0lzZSpI,0x95a332bc2d42f545:0x924ad95cd2e6bf63,10541476870512623459,/g/11d_w43jz3,-7905267203196928157
" Mayorista de alimentos, Zona Oeste, CABA, Zona Norte, Zona SUR",Makro,Makro,Mayorista,+54 11 4208-2006,https://www.makro.com.ar/,"Francisco Pienovi 318, B1870 Buenos Aires, Provincia de Buenos Aires",Francisco Pienovi 318,None,B1870,Argentina,AR,"-34,6624025","-58,3888786",89c2e3132a3ffff,America/Buenos_Aires,,FALSE,"3,9",5013,https://search.google.com/local/reviews?placeid=ChIJqcCQGaHMvJURVExu4kBqBhQ&q=*&authuser=0&hl=en&gl=AR,,https://lh3.googleusercontent.com/gps-cs-s/AHRPTWmTd-miid2jhV9olJ87nOEPZfK7InOaJSkAqYXDL0lOpYiaW9cwuYFLYACxN5k900vACfv7bfk4RjCFjJQP-jtA0O_8BlRXm-11A2_dFgYBhAJH4JC8p17ltzveUjiICZXoH0g=w800-h500-k-no,https://lh3.googleusercontent.com/gps-cs-s/AHRPTWmTd-miid2jhV9olJ87nOEPZfK7InOaJSkAqYXDL0lOpYiaW9cwuYFLYACxN5k900vACfv7bfk4RjCFjJQP-jtA0O_8BlRXm-11A2_dFgYBhAJH4JC8p17ltzveUjiICZXoH0g=w1600-h1000-k-no,https://lh3.googleusercontent.com/-qxvqijOHEeQ/AAAAAAAAAAI/AAAAAAAAAAA/bW88Hgudd2g/s44-p-k-no-ns-nd/photo.jpg,,,OPERATIONAL,"{""Monday"": [""8AM-9PM""], ""Tuesday"": [""8AM-9PM""], ""Wednesday"": [""8AM-9PM""], ""Thursday"": [""8AM-9PM""], ""Friday"": [""8AM-9PM""], ""Saturday"": [""8AM-9PM""], ""Sunday"": [""9AM-8PM""]}","Sunday,9AM,8PM|Monday,8AM,9PM|Tuesday,8AM,9PM|Wednesday,8AM,9PM|Thursday,8AM,9PM|Friday,8AM,9PM|Saturday,8AM,9PM",,,,,,,,,,"{""Accessibility"": {""Wheelchair-accessible car park"": true, ""Wheelchair-accessible entrance"": true, ""Wheelchair-accessible toilet"": true}, ""Amenities"": {""Toilet"": true}, ""Payments"": {""Credit cards"": true, ""Debit cards"": true}}",,,TRUE,102440248580427589927,Makro,https://www.google.com/maps/contrib/102440248580427589927,"https://www.google.com/maps/place/Makro/@-34.6624025,-58.3888786,14z/data=!4m8!1m2!2m1!1sMakro!3m4!1s0x95bccca11990c0a9:0x14066a40e26e4c54!8m2!3d-34.6624025!4d-58.3888786","https://www.google.com/maps/place/Makro/@-34.6624025,-58.3888786,13.99z/data=!4m16!1m7!3m6!1s0x95bccca11990c0a9:0x14066a40e26e4c54!2sMakro!8m2!3d-34.6624025!4d-58.3888786!16s%2Fg%2F11ckvg1dmb!3m7!1s0x95bccca11990c0a9:0x14066a40e26e4c54!8m2!3d-34.6624025!4d-58.3888786!9m1!1b1!16s%2Fg%2F11ckvg1dmb?entry=ttu",ChIJqcCQGaHMvJURVExu4kBqBhQ,0x95bccca11990c0a9:0x14066a40e26e4c54,1442957557528153172,/g/11b8v9yx_6,1442957557528153172
" Mayorista de alimentos, Zona Oeste, CABA, Zona Norte, Zona SUR",Wholesale Steps (TIGER),Wholesale Steps Tiger,Mayorista,+54 77000130,https://tienda.pasosonline.com.ar/,"Av. Paseo Colón 1040, B1646 GCH, Provincia de Buenos Aires",Av. Paseo Colón 1040,None,B1646,Argentina,AR,"-34,433491","-58,5638606",89c2e3046a7ffff,America/Buenos_Aires,,FALSE,"4,4",422,https://search.google.com/local/reviews?placeid=ChIJodjlwHmlvJURG0xWzwPVjiA&q=*&authuser=0&hl=en&gl=AR,,https://lh3.googleusercontent.com/gps-cs-s/AHRPTWlQN4B4tu8q1mlTz7NqONGNvvcov4Bj0yWk3c5cvu5Pky1H0QxrVY38DneaaBCphxFGe6hmNoCsCjGZeFiV3JuNIzPWtfEkvdXhdj-FZEcDlA4PArVuuv581gShxRnYNxH9IS2U=w800-h500-k-no,https://lh3.googleusercontent.com/gps-cs-s/AHRPTWlQN4B4tu8q1mlTz7NqONGNvvcov4Bj0yWk3c5cvu5Pky1H0QxrVY38DneaaBCphxFGe6hmNoCsCjGZeFiV3JuNIzPWtfEkvdXhdj-FZEcDlA4PArVuuv581gShxRnYNxH9IS2U=w1600-h1000-k-no,https://lh5.googleusercontent.com/-R3r7Tpg4Arc/AAAAAAAAAAI/AAAAAAAAAAA/sLGDB3dcIDo/s44-p-k-no-ns-nd/photo.jpg,,,OPERATIONAL,"{""Monday"": [""7AM-5PM""], ""Tuesday"": [""7AM-5PM""], ""Wednesday"": [""7AM-5PM""], ""Thursday"": [""7AM-5PM""], ""Friday"": [""7AM-5PM""], ""Saturday"": [""8AM-4PM""], ""Sunday"": [""Closed""]}","Monday,7AM,5PM|Tuesday,7AM,5PM|Wednesday,7AM,5PM|Thursday,7AM,5PM|Friday,7AM,5PM|Saturday,8AM,4PM",,,,,,,,,,"{""Accessibility"": {""Wheelchair-accessible car park"": true, ""Wheelchair-accessible entrance"": true}, ""Amenities"": {""Gender-neutral toilets"": true, ""Toilet"": true}, ""Crowd"": {""LGBTQ+ friendly"": true, ""Transgender safe space"": true}, ""Payments"": {""Credit cards"": true, ""Debit cards"": true}, ""Other"": {""LGBTQ+ friendly"": true}}",,,TRUE,109066379495289777912,Wholesale Steps,https://www.google.com/maps/contrib/109066379495289777912,"https://www.google.com/maps/place/Wholesale+Steps+%28TIGER%29/@-34.433491,-58.5638606,14z/data=!4m8!1m2!2m1!1sWholesale+Steps+%28TIGER%29!3m4!1s0x95bca579c0e5d8a1:0x208ed503cf564c1b!8m2!3d-34.433491!4d-58.5638606","https://www.google.com/maps/place/Wholesale+Steps+%28TIGER%29/@-34.433491,-58.5638606,13.99z/data=!4m16!1m7!3m6!1s0x95bca579c0e5d8a1:0x208ed503cf564c1b!2sWholesale+Steps+%28TIGER%29!8m2!3d-34.433491!4d-58.5638606!16s%2Fg%2F11ckvg1dmb!3m7!1s0x95bca579c0e5d8a1:0x208ed503cf564c1b!8m2!3d-34.433491!4d-58.5638606!9m1!1b1!16s%2Fg%2F11ckvg1dmb?entry=ttu",ChIJodjlwHmlvJURG0xWzwPVjiA,0x95bca579c0e5d8a1:0x208ed503cf564c1b,2346046668246764571,/g/1th6g0fm,2346046668246764571
" Mayorista de alimentos, Zona Oeste, CABA, Zona Norte, Zona SUR",Bufano Alimentos,Bufano Alimentos,Distribuidor de comestibles,+54 11 5736-4135,https://www.lacteosbufano.com.ar/,"Lavalle 1527, C1048AAA Cdad. Autónoma de Buenos Aires",Lavalle 1527,"San Nicolás, Comuna 1",C1048AAA,Argentina,AR,"-34,6027093","-58,3883657",89c2e311ecbffff,America/Buenos_Aires,,FALSE,"4,1",10,https://search.google.com/local/reviews?placeid=ChIJL9VwVfvJvJURmhZ0SWUEdrk&q=*&authuser=0&hl=en&gl=AR,,https://lh3.googleusercontent.com/gps-cs-s/AHRPTWlfNz7BIBVYP_qClHThKMgxM5-otep7So_XW6TkFlnlGEolXMvKRe91oZqpQplKyr5IURNjfAYAtUuIVn-68epghhS2638MIVDumuyQEIzVxA2ySmzo9H3EeQ9Fi5BONZfs81t_Yg=w800-h500-k-no,https://lh3.googleusercontent.com/gps-cs-s/AHRPTWlfNz7BIBVYP_qClHThKMgxM5-otep7So_XW6TkFlnlGEolXMvKRe91oZqpQplKyr5IURNjfAYAtUuIVn-68epghhS2638MIVDumuyQEIzVxA2ySmzo9H3EeQ9Fi5BONZfs81t_Yg=w1600-h1000-k-no,https://lh5.googleusercontent.com/-tl7ODga0N8g/AAAAAAAAAAI/AAAAAAAAAAA/WPtVVJMejdc/s44-p-k-no-ns-nd/photo.jpg,,,OPERATIONAL,"{""Monday"": [""7AM-6PM""], ""Tuesday"": [""7AM-6PM""], ""Wednesday"": [""7AM-6PM""], ""Thursday"": [""7AM-6PM""], ""Friday"": [""7AM-6PM""], ""Saturday"": [""9AM-6PM""], ""Sunday"": [""Closed""]}","Monday,7AM,6PM|Tuesday,7AM,6PM|Wednesday,7AM,6PM|Thursday,7AM,6PM|Friday,7AM,6PM|Saturday,9AM,6PM",,,,,,,,,,"{""Service options"": {""Delivery"": true}, ""Accessibility"": {""Wheelchair-accessible entrance"": true}, ""Payments"": {""Credit cards"": true}}",,,TRUE,113312619841941846650,Bufano Alimentos,https://www.google.com/maps/contrib/113312619841941846650,"https://www.google.com/maps/place/Bufano+Alimentos/@-34.6027093,-58.388365699999994,14z/data=!4m8!1m2!2m1!1sBufano+Alimentos!3m4!1s0x95bcc9fb5570d52f:0xb97604654974169a!8m2!3d-34.6027093!4d-58.388365699999994","https://www.google.com/maps/place/Bufano+Alimentos/@-34.6027093,-58.388365699999994,13.99z/data=!4m16!1m7!3m6!1s0x95bcc9fb5570d52f:0xb97604654974169a!2sBufano+Alimentos!8m2!3d-34.6027093!4d-58.388365699999994!16s%2Fg%2F11ckvg1dmb!3m7!1s0x95bcc9fb5570d52f:0xb97604654974169a!8m2!3d-34.6027093!4d-58.388365699999994!9m1!1b1!16s%2Fg%2F11ckvg1dmb?entry=ttu",ChIJL9VwVfvJvJURmhZ0SWUEdrk,0x95bcc9fb5570d52f:0xb97604654974169a,13363873777339078298,/g/1hc48z5bd,-5082870296370473318
" Mayorista de alimentos, Zona Oeste, CABA, Zona Norte, Zona SUR",Distribuidora El Granate,Distribuidora El Granate,Food manufacturing supply,+54 11 4249-5538,http://www.distribuidoraelgranate.com.ar/,"Int. Manuel Quindimil 527, B1824 Lanús, Provincia de Buenos Aires",Int. Manuel Quindimil 527,Lanús Oeste,B1824,Argentina,AR,"-34,694476","-58,3963434",89c2e3c69a7ffff,America/Buenos_Aires,,FALSE,"4,7",358,https://search.google.com/local/reviews?placeid=ChIJLQ0XuvrNvJURbXGvzSgWra8&q=*&authuser=0&hl=en&gl=AR,,https://lh3.googleusercontent.com/gps-cs-s/AHRPTWlUln0aPdz9KCMFfPH3dfq1aeqUgai8c9thPvS_7XxlrjTTS6yWQ-VtmPPwWuJC34LSgCliBfflH5TtEEB4dUvb_J3TxrpYloZ0-aBC9yccHFfA2VcfTrKIrGm2p2aU8_Zdv2whAg=w800-h500-k-no,https://lh3.googleusercontent.com/gps-cs-s/AHRPTWlUln0aPdz9KCMFfPH3dfq1aeqUgai8c9thPvS_7XxlrjTTS6yWQ-VtmPPwWuJC34LSgCliBfflH5TtEEB4dUvb_J3TxrpYloZ0-aBC9yccHFfA2VcfTrKIrGm2p2aU8_Zdv2whAg=w1600-h1000-k-no,https://lh6.googleusercontent.com/-o86w0cWBOSM/AAAAAAAAAAI/AAAAAAAAAAA/HnhKHKL_Ppw/s44-p-k-no-ns-nd/photo.jpg,,,OPERATIONAL,"{""Monday"": [""7AM-3:30PM""], ""Tuesday"": [""7AM-3:30PM""], ""Wednesday"": [""7AM-3:30PM""], ""Thursday"": [""7AM-3:30PM""], ""Friday"": [""7AM-3:30PM""], ""Saturday"": [""Closed""], ""Sunday"": [""Closed""]}","Monday,7AM,3:30PM|Tuesday,7AM,3:30PM|Wednesday,7AM,3:30PM|Thursday,7AM,3:30PM|Friday,7AM,3:30PM",,,,,,,,,,"{""Service options"": {""Delivery"": true}, ""Accessibility"": {""Wheelchair-accessible car park"": true, ""Wheelchair-accessible entrance"": true}}",,,TRUE,106254741730321158725,Distribuidora El Granate,https://www.google.com/maps/contrib/106254741730321158725,"https://www.google.com/maps/place/Distribuidora+El+Granate/@-34.694476,-58.3963434,14z/data=!4m8!1m2!2m1!1sDistribuidora+El+Granate!3m4!1s0x95bccdfaba170d2d:0xafad1628cdaf716d!8m2!3d-34.694476!4d-58.3963434","https://www.google.com/maps/place/Distribuidora+El+Granate/@-34.694476,-58.3963434,13.99z/data=!4m16!1m7!3m6!1s0x95bccdfaba170d2d:0xafad1628cdaf716d!2sDistribuidora+El+Granate!8m2!3d-34.694476!4d-58.3963434!16s%2Fg%2F11ckvg1dmb!3m7!1s0x95bccdfaba170d2d:0xafad1628cdaf716d!8m2!3d-34.694476!4d-58.3963434!9m1!1b1!16s%2Fg%2F11ckvg1dmb?entry=ttu",ChIJLQ0XuvrNvJURbXGvzSgWra8,0x95bccdfaba170d2d:0xafad1628cdaf716d,12658798492113662317,/g/11h3njcvkk,-5787945581595889299
" Mayorista de alimentos, Zona Oeste, CABA, Zona Norte, Zona SUR",Distribuidora Gastronómica El Almacén,Distribuidora Gastronómica El Almacén,Mayorista,+54 11 5980-6679,http://www.distribuidoraelalmacen.com.ar/,"Cadete Carlos Larguia 3747, B1672 ATA, Cdad. Autónoma de Buenos Aires",Cadete Carlos Larguia 3747,None,B1672,Argentina,AR,"-34,5896055","-58,5231736",89c2e31762bffff,America/Buenos_Aires,,FALSE,"4,6",5,https://search.google.com/local/reviews?placeid=ChIJS0S5iNe3vJURz1OTeA9JklE&q=*&authuser=0&hl=en&gl=AR,,https://lh3.googleusercontent.com/gps-cs-s/AHRPTWlZhnl-93IPL3zouZOxR2OVTZA_SG6xyUumhlxy_e7F1CsCQNKvvQIbsSwYXprUgSNAzCFtKSSneTSDE3h3H2od8Cdb0f0Ned2nNmYzT1p4K3ybu_1MLgIZh07d1i8Ta1t68c2p=w800-h500-k-no,https://lh3.googleusercontent.com/gps-cs-s/AHRPTWlZhnl-93IPL3zouZOxR2OVTZA_SG6xyUumhlxy_e7F1CsCQNKvvQIbsSwYXprUgSNAzCFtKSSneTSDE3h3H2od8Cdb0f0Ned2nNmYzT1p4K3ybu_1MLgIZh07d1i8Ta1t68c2p=w1600-h1000-k-no,https://lh4.googleusercontent.com/-5K-ufV3NuZc/AAAAAAAAAAI/AAAAAAAAAAA/MVvtrf0EHto/s44-p-k-no-ns-nd/photo.jpg,,,OPERATIONAL,"{""Monday"": [""9AM-3:30PM""], ""Tuesday"": [""9AM-3:30PM""], ""Wednesday"": [""9AM-3:30PM""], ""Thursday"": [""9AM-3:30PM""], ""Friday"": [""9AM-3:30PM""], ""Saturday"": [""Closed""], ""Sunday"": [""Closed""]}","Monday,9AM,3:30PM|Tuesday,9AM,3:30PM|Wednesday,9AM,3:30PM|Thursday,9AM,3:30PM|Friday,9AM,3:30PM",,,,,,,,,,"{""Accessibility"": {""Wheelchair-accessible car park"": false}}",,,TRUE,110082850246657577914,Distribuidora Gastronómica El Almacén,https://www.google.com/maps/contrib/110082850246657577914,"https://www.google.com/maps/place/Distribuidora+Gastron%C3%B3mica+El+Almac%C3%A9n/@-34.5896055,-58.5231736,14z/data=!4m8!1m2!2m1!1sDistribuidora+Gastron%C3%B3mica+El+Almac%C3%A9n!3m4!1s0x95bcb7d788b9444b:0x5192490f789353cf!8m2!3d-34.5896055!4d-58.5231736","https://www.google.com/maps/place/Distribuidora+Gastron%C3%B3mica+El+Almac%C3%A9n/@-34.5896055,-58.5231736,13.99z/data=!4m16!1m7!3m6!1s0x95bcb7d788b9444b:0x5192490f789353cf!2sDistribuidora+Gastron%C3%B3mica+El+Almac%C3%A9n!8m2!3d-34.5896055!4d-58.5231736!16s%2Fg%2F11ckvg1dmb!3m7!1s0x95bcb7d788b9444b:0x5192490f789353cf!8m2!3d-34.5896055!4d-58.5231736!9m1!1b1!16s%2Fg%2F11ckvg1dmb?entry=ttu",ChIJS0S5iNe3vJURz1OTeA9JklE,0x95bcb7d788b9444b:0x5192490f789353cf,5877840794468176847,/g/11h8fmzh9c,5877840794468176847
" Mayorista de alimentos, Zona Oeste, CABA, Zona Norte, Zona SUR",La Reina Mayorista,La Reina Mayorista,Mayorista,+54 11 3414-7891,http://www.la-reina.com.ar/,"San José 425, B1663 Muñiz, Provincia de Buenos Aires",San José 425,None,B1663,Argentina,AR,"-34,5422332","-58,6970336",89c2e3b9b03ffff,America/Buenos_Aires,,FALSE,"4,9",65,https://search.google.com/local/reviews?placeid=ChIJ9XSUBSS9vJURW4QlUG9bwDY&q=*&authuser=0&hl=en&gl=AR,,https://lh3.googleusercontent.com/gps-cs-s/AHRPTWn-ygurR5M61Hu0LTHz8V1dNZ6CgskAEsuzIQZJiqg39VgZqCIFrTb2BxE8Zaihj5L9emCbWx7rgg_9hcoHB049V6NF1yDrZEBnoRejJwmLUdY0g9K7H5UfpkZo3-aioFf67rc=w800-h500-k-no,https://lh3.googleusercontent.com/gps-cs-s/AHRPTWn-ygurR5M61Hu0LTHz8V1dNZ6CgskAEsuzIQZJiqg39VgZqCIFrTb2BxE8Zaihj5L9emCbWx7rgg_9hcoHB049V6NF1yDrZEBnoRejJwmLUdY0g9K7H5UfpkZo3-aioFf67rc=w1600-h1000-k-no,https://lh6.googleusercontent.com/-4yfoazSgf70/AAAAAAAAAAI/AAAAAAAAAAA/QwDDtmhqBoI/s44-p-k-no-ns-nd/photo.jpg,,,OPERATIONAL,"{""Monday"": [""8AM-4PM""], ""Tuesday"": [""8AM-4PM""], ""Wednesday"": [""8AM-4PM""], ""Thursday"": [""8AM-4PM""], ""Friday"": [""8AM-4PM""], ""Saturday"": [""8AM-1PM""], ""Sunday"": [""Closed""]}","Monday,8AM,4PM|Tuesday,8AM,4PM|Wednesday,8AM,4PM|Thursday,8AM,4PM|Friday,8AM,4PM|Saturday,8AM,1PM",,,,,,,,,,"{""Accessibility"": {""Wheelchair-accessible entrance"": true, ""Wheelchair-accessible seating"": false, ""Wheelchair-accessible toilet"": false}, ""Crowd"": {""LGBTQ+ friendly"": true, ""Transgender safe space"": true}, ""Payments"": {""Debit cards"": true, ""Credit cards"": true}, ""Parking"": {""Free of charge street parking"": true}, ""Other"": {""LGBTQ+ friendly"": true}}",,,TRUE,107133544121478163626,La Reina Mayorista,https://www.google.com/maps/contrib/107133544121478163626,"https://www.google.com/maps/place/La+Reina+Mayorista/@-34.5422332,-58.6970336,14z/data=!4m8!1m2!2m1!1sLa+Reina+Mayorista!3m4!1s0x95bcbd24059474f5:0x36c05b6f5025845b!8m2!3d-34.5422332!4d-58.6970336","https://www.google.com/maps/place/La+Reina+Mayorista/@-34.5422332,-58.6970336,13.99z/data=!4m16!1m7!3m6!1s0x95bcbd24059474f5:0x36c05b6f5025845b!2sLa+Reina+Mayorista!8m2!3d-34.5422332!4d-58.6970336!16s%2Fg%2F11ckvg1dmb!3m7!1s0x95bcbd24059474f5:0x36c05b6f5025845b!8m2!3d-34.5422332!4d-58.6970336!9m1!1b1!16s%2Fg%2F11ckvg1dmb?entry=ttu",ChIJ9XSUBSS9vJURW4QlUG9bwDY,0x95bcbd24059474f5:0x36c05b6f5025845b,3945253807220687963,/g/11h1yvw7c7,3945253807220687963
" Mayorista de alimentos, Zona Oeste, CABA, Zona Norte, Zona SUR",Mayorista BCM,Mayorista Bcm,Tienda de alimentación,+54 11 6857-4309,,"Gregorio de Laferrère 4857, C1407 Cdad. Autónoma de Buenos Aires",Gregorio de Laferrère 4857,"Parque Avellaneda, Comuna 9",C1407,Argentina,AR,"-34,6542505","-58,4821681",89c2e312103ffff,America/Buenos_Aires,,FALSE,"4,6",69,https://search.google.com/local/reviews?placeid=ChIJI-EIn6zJvJURW0x1ZhsOIT8&q=*&authuser=0&hl=en&gl=AR,,https://streetviewpixels-pa.googleapis.com/v1/thumbnail?panoid=_mVJ1umWReZMIFEcPcHfyQ&cb_client=search.gws-prod.gps&w=800&h=500&yaw=337.75732&pitch=0&thumbfov=100,https://streetviewpixels-pa.googleapis.com/v1/thumbnail?panoid=_mVJ1umWReZMIFEcPcHfyQ&cb_client=search.gws-prod.gps&w=1600&h=1000&yaw=337.75732&pitch=0&thumbfov=100,https://lh5.googleusercontent.com/-uIJAjG04A6U/AAAAAAAAAAI/AAAAAAAAAAA/7_nZnmEe9mQ/s44-p-k-no-ns-nd/photo.jpg,,,OPERATIONAL,"{""Monday"": [""9AM-2PM""], ""Tuesday"": [""9AM-2PM""], ""Wednesday"": [""9AM-2PM""], ""Thursday"": [""9AM-2PM""], ""Friday"": [""9AM-2PM""], ""Saturday"": [""Closed""], ""Sunday"": [""Closed""]}","Monday,9AM,2PM|Tuesday,9AM,2PM|Wednesday,9AM,2PM|Thursday,9AM,2PM|Friday,9AM,2PM",,,,,,,,,,"{""Service options"": {""No-contact delivery"": true, ""Delivery"": true, ""In-store pick-up"": true, ""In-store shopping"": true}, ""Highlights"": {""Great produce"": true}, ""Accessibility"": {""Wheelchair-accessible entrance"": true}, ""Planning"": {""Quick visit"": true}, ""Payments"": {""Credit cards"": true, ""Debit cards"": true, ""NFC mobile payments"": true}}",,,TRUE,111056936212012525274,Mayorista BCM,https://www.google.com/maps/contrib/111056936212012525274,"https://www.google.com/maps/place/Mayorista+BCM/@-34.654250499999996,-58.482168099999996,14z/data=!4m8!1m2!2m1!1sMayorista+BCM!3m4!1s0x95bcc9ac9f08e123:0x3f210e1b66754c5b!8m2!3d-34.654250499999996!4d-58.482168099999996","https://www.google.com/maps/place/Mayorista+BCM/@-34.654250499999996,-58.482168099999996,13.99z/data=!4m16!1m7!3m6!1s0x95bcc9ac9f08e123:0x3f210e1b66754c5b!2sMayorista+BCM!8m2!3d-34.654250499999996!4d-58.482168099999996!16s%2Fg%2F11ckvg1dmb!3m7!1s0x95bcc9ac9f08e123:0x3f210e1b66754c5b!8m2!3d-34.654250499999996!4d-58.482168099999996!9m1!1b1!16s%2Fg%2F11ckvg1dmb?entry=ttu",ChIJI-EIn6zJvJURW0x1ZhsOIT8,0x95bcc9ac9f08e123:0x3f210e1b66754c5b,4548932609466780763,/g/11ggbm871y,4548932609466780763
" Mayorista de alimentos, Zona Oeste, CABA, Zona Norte, Zona SUR",El Triángulo Distributor,El Triángulo Distributor,Tienda de alimentación,+54 11 4259-4147,,"Av. Dardo Rocha 1230 1876, B1876 Bernal Oeste, Provincia de Buenos Aires",Av. Dardo Rocha 1230 1876,None,1230,Argentina,AR,"-34,7131681","-58,3036199",89c2e3c408bffff,America/Buenos_Aires,,FALSE,"4,4",222,https://search.google.com/local/reviews?placeid=ChIJCzNbK0Auo5URXgpsbcxTAMs&q=*&authuser=0&hl=en&gl=AR,,https://lh3.googleusercontent.com/gps-cs-s/AHRPTWmNKABgkTF9JaId59h8wi_JNkUMYj5ybqJSWBeqSTBMpAv8GeoPSUFbiSd26f6mkeoqXCIk_k3zB0P_KWiGCuKBFubsceBfpaVdWARA_vS1859lyS1HVuBH2k_yhzUbGbrhY-nj=w800-h500-k-no,https://lh3.googleusercontent.com/gps-cs-s/AHRPTWmNKABgkTF9JaId59h8wi_JNkUMYj5ybqJSWBeqSTBMpAv8GeoPSUFbiSd26f6mkeoqXCIk_k3zB0P_KWiGCuKBFubsceBfpaVdWARA_vS1859lyS1HVuBH2k_yhzUbGbrhY-nj=w1600-h1000-k-no,https://lh5.googleusercontent.com/-52Ez2NBJsW8/AAAAAAAAAAI/AAAAAAAAAAA/4h0I7-AeWHQ/s44-p-k-no-ns-nd/photo.jpg,,,OPERATIONAL,"{""Monday"": [""7AM-4PM""], ""Tuesday"": [""7AM-4PM""], ""Wednesday"": [""7AM-4PM""], ""Thursday"": [""7AM-4PM""], ""Friday"": [""7AM-4PM""], ""Saturday"": [""7AM-2PM""], ""Sunday"": [""Closed""]}","Monday,7AM,4PM|Tuesday,7AM,4PM|Wednesday,7AM,4PM|Thursday,7AM,4PM|Friday,7AM,4PM|Saturday,7AM,2PM",,,,,,,,,,"{""Service options"": {""Delivery"": true}, ""Highlights"": {""Great produce"": true}, ""Accessibility"": {""Wheelchair-accessible car park"": true, ""Wheelchair-accessible entrance"": true}, ""Amenities"": {""Toilet"": false}, ""Planning"": {""Quick visit"": true}, ""Payments"": {""NFC mobile payments"": true}}",,,TRUE,102379260424257795588,El Triángulo Distributor,https://www.google.com/maps/contrib/102379260424257795588,"https://www.google.com/maps/place/El+Tri%C3%A1ngulo+Distributor/@-34.7131681,-58.303619899999994,14z/data=!4m8!1m2!2m1!1sEl+Tri%C3%A1ngulo+Distributor!3m4!1s0x95a32e402b5b330b:0xcb0053cc6d6c0a5e!8m2!3d-34.7131681!4d-58.303619899999994","https://www.google.com/maps/place/El+Tri%C3%A1ngulo+Distributor/@-34.7131681,-58.303619899999994,13.99z/data=!4m16!1m7!3m6!1s0x95a32e402b5b330b:0xcb0053cc6d6c0a5e!2sEl+Tri%C3%A1ngulo+Distributor!8m2!3d-34.7131681!4d-58.303619899999994!16s%2Fg%2F11ckvg1dmb!3m7!1s0x95a32e402b5b330b:0xcb0053cc6d6c0a5e!8m2!3d-34.7131681!4d-58.303619899999994!9m1!1b1!16s%2Fg%2F11ckvg1dmb?entry=ttu",ChIJCzNbK0Auo5URXgpsbcxTAMs,0x95a32e402b5b330b:0xcb0053cc6d6c0a5e,14627783727173601886,/g/1v8gd6km,-3818960346535949730
" Mayorista de alimentos, Zona Oeste, CABA, Zona Norte, Zona SUR",El Mayorista Del Norte,El Mayorista Del Norte,Mayorista de herramientas,+54 48922969,http://www.elmayoristadelnorte.com.ar/,"Sgto. Cabral 3491, B1605EFC Munro, Provincia de Buenos Aires",Sgto. Cabral 3491,None,B1605,Argentina,AR,"-34,518052","-58,5237211",89c2e315e5bffff,America/Buenos_Aires,,FALSE,"4,4",9,https://search.google.com/local/reviews?placeid=ChIJr9j5P8OwvJURLDHyd4i3oGs&q=*&authuser=0&hl=en&gl=AR,,https://lh3.googleusercontent.com/gps-cs-s/AHRPTWkOeIUNrI087S3pVF8iyq0qZCy4AicmmUXbsTnuiyLBbShWP2I-TRABO0ILtH7EC1z0OWT1ZYVvTGGvftIZyv70_ZizBx0XEaMb2Y4AEvvByrVxWIyGy1ZLuH6Uxo8hhGDpPrn3IJ80j8xS=w800-h500-k-no,https://lh3.googleusercontent.com/gps-cs-s/AHRPTWkOeIUNrI087S3pVF8iyq0qZCy4AicmmUXbsTnuiyLBbShWP2I-TRABO0ILtH7EC1z0OWT1ZYVvTGGvftIZyv70_ZizBx0XEaMb2Y4AEvvByrVxWIyGy1ZLuH6Uxo8hhGDpPrn3IJ80j8xS=w1600-h1000-k-no,https://lh4.googleusercontent.com/-8dHbwB5AKUc/AAAAAAAAAAI/AAAAAAAAAAA/X-WXDHEm3mg/s44-p-k-no-ns-nd/photo.jpg,,,OPERATIONAL,"{""Monday"": [""7AM-5PM""], ""Tuesday"": [""7AM-5PM""], ""Wednesday"": [""7AM-5PM""], ""Thursday"": [""7AM-5PM""], ""Friday"": [""7AM-5PM""], ""Saturday"": [""Closed""], ""Sunday"": [""Closed""]}","Monday,7AM,5PM|Tuesday,7AM,5PM|Wednesday,7AM,5PM|Thursday,7AM,5PM|Friday,7AM,5PM",,,,,,,,,,"{""Payments"": {""Debit cards"": true}}",,,TRUE,108213038432676906558,El Mayorista Del Norte,https://www.google.com/maps/contrib/108213038432676906558,"https://www.google.com/maps/place/El+Mayorista+Del+Norte/@-34.518052,-58.523721099999996,14z/data=!4m8!1m2!2m1!1sEl+Mayorista+Del+Norte!3m4!1s0x95bcb0c33ff9d8af:0x6ba0b78877f2312c!8m2!3d-34.518052!4d-58.523721099999996","https://www.google.com/maps/place/El+Mayorista+Del+Norte/@-34.518052,-58.523721099999996,13.99z/data=!4m16!1m7!3m6!1s0x95bcb0c33ff9d8af:0x6ba0b78877f2312c!2sEl+Mayorista+Del+Norte!8m2!3d-34.518052!4d-58.523721099999996!16s%2Fg%2F11ckvg1dmb!3m7!1s0x95bcb0c33ff9d8af:0x6ba0b78877f2312c!8m2!3d-34.518052!4d-58.523721099999996!9m1!1b1!16s%2Fg%2F11ckvg1dmb?entry=ttu",ChIJr9j5P8OwvJURLDHyd4i3oGs,0x95bcb0c33ff9d8af:0x6ba0b78877f2312c,7755400355087790380,/g/11flt2p25q,7755400355087790380
" Mayorista de alimentos, Zona Oeste, CABA, Zona Norte, Zona SUR",El Rey de las Legumbres | Mayorista de Legumbres,El Rey De Las Legumbres | Mayorista De Legumbres,Mayorista,+54 11 6045-7513,https://www.mayoristadelegumbres.com.ar/,"Saverio Laiacona 1018, B1706 Haedo, Provincia de Buenos Aires",Saverio Laiacona 1018,None,B1706,Argentina,AR,"-34,6371291","-58,608445",89c2e38ce17ffff,America/Buenos_Aires,,FALSE,"4,7",95,https://search.google.com/local/reviews?placeid=ChIJlS-WUGi5vJURn_vAZTdTpeA&q=*&authuser=0&hl=en&gl=AR,,https://lh3.googleusercontent.com/gps-cs-s/AHRPTWkRN697UR7Bje_Si8tvf_Wcw2CKeKYz3hikJsgUgVocnfoQ7RT4pcihugxULaw6ZeNEHSE7jAG2KtmdsH37LFSRmawveZ-YmewhrwT00cjd4ax8Xpuh-6CRd-DGV7jYq1PqsO-r0Q=w800-h500-k-no,https://lh3.googleusercontent.com/gps-cs-s/AHRPTWkRN697UR7Bje_Si8tvf_Wcw2CKeKYz3hikJsgUgVocnfoQ7RT4pcihugxULaw6ZeNEHSE7jAG2KtmdsH37LFSRmawveZ-YmewhrwT00cjd4ax8Xpuh-6CRd-DGV7jYq1PqsO-r0Q=w1600-h1000-k-no,https://lh6.googleusercontent.com/-ehCNNrYZxEY/AAAAAAAAAAI/AAAAAAAAAAA/7M28ht-39L4/s44-p-k-no-ns-nd/photo.jpg,,,OPERATIONAL,"{""Monday"": [""9AM-5PM""], ""Tuesday"": [""9AM-5PM""], ""Wednesday"": [""9AM-5PM""], ""Thursday"": [""9AM-5PM""], ""Friday"": [""9AM-5PM""], ""Saturday"": [""Closed""], ""Sunday"": [""Closed""]}","Monday,9AM,5PM|Tuesday,9AM,5PM|Wednesday,9AM,5PM|Thursday,9AM,5PM|Friday,9AM,5PM",,,,,,,,,,"{""Accessibility"": {""Wheelchair-accessible entrance"": true}, ""Payments"": {""Debit cards"": true}}",,,TRUE,102092641418666450106,El Rey de las Legumbres | Mayorista de Legumbres,https://www.google.com/maps/contrib/102092641418666450106,"https://www.google.com/maps/place/El+Rey+de+las+Legumbres+%7C+Mayorista+de+Legumbres/@-34.637129099999996,-58.608444999999996,14z/data=!4m8!1m2!2m1!1sEl+Rey+de+las+Legumbres+%7C+Mayorista+de+Legumbres!3m4!1s0x95bcb96850962f95:0xe0a5533765c0fb9f!8m2!3d-34.637129099999996!4d-58.608444999999996","https://www.google.com/maps/place/El+Rey+de+las+Legumbres+%7C+Mayorista+de+Legumbres/@-34.637129099999996,-58.608444999999996,13.99z/data=!4m16!1m7!3m6!1s0x95bcb96850962f95:0xe0a5533765c0fb9f!2sEl+Rey+de+las+Legumbres+%7C+Mayorista+de+Legumbres!8m2!3d-34.637129099999996!4d-58.608444999999996!16s%2Fg%2F11ckvg1dmb!3m7!1s0x95bcb96850962f95:0xe0a5533765c0fb9f!8m2!3d-34.637129099999996!4d-58.608444999999996!9m1!1b1!16s%2Fg%2F11ckvg1dmb?entry=ttu",ChIJlS-WUGi5vJURn_vAZTdTpeA,0x95bcb96850962f95:0xe0a5533765c0fb9f,16187435933048568735,/g/11mp9z42ng,-2259308140660982881
" Mayorista de alimentos, Zona Oeste, CABA, Zona Norte, Zona SUR",Official Distributor Maxifiesta Ice Cream Ice Cream,Official Distributor Maxifiesta Ice Cream Ice Cream,Tienda de alimentos al por mayor,+54 11 4585-5853,http://www.maxifiesta.com.ar/,"Av. S. Martín 3058, C1416 Cdad. Autónoma de Buenos Aires",Av. S. Martín 3058,"Villa General Mitre, Comuna 11",C1416,Argentina,AR,"-34,6023444","-58,4676688",89c2e310c4bffff,America/Buenos_Aires,,FALSE,"4,4",123,https://search.google.com/local/reviews?placeid=ChIJF-JT4gG2vJURGnsSemgm-sQ&q=*&authuser=0&hl=en&gl=AR,,https://lh3.googleusercontent.com/gps-cs-s/AHRPTWmNMBB-rp2UbaXAn051J8ggHZECmtM-PLSx5ef88OEXV7VFrv2wpeU-eDZqibYsIRoxz4XUS6E5Tv2H3O1keZDs-Qd3KIFlSY8Yu_YDtTOWgtys3NPjzsEa6-tVidERsxf1b4tU=w800-h500-k-no,https://lh3.googleusercontent.com/gps-cs-s/AHRPTWmNMBB-rp2UbaXAn051J8ggHZECmtM-PLSx5ef88OEXV7VFrv2wpeU-eDZqibYsIRoxz4XUS6E5Tv2H3O1keZDs-Qd3KIFlSY8Yu_YDtTOWgtys3NPjzsEa6-tVidERsxf1b4tU=w1600-h1000-k-no,https://lh5.googleusercontent.com/-nl1zQ9_wdzE/AAAAAAAAAAI/AAAAAAAAAAA/Id8UbNL_fAw/s44-p-k-no-ns-nd/photo.jpg,,,OPERATIONAL,"{""Monday"": [""9AM-8:30PM""], ""Tuesday"": [""9AM-8:30PM""], ""Wednesday"": [""9AM-8:30PM""], ""Thursday"": [""9AM-8:30PM""], ""Friday"": [""9AM-8:30PM""], ""Saturday"": [""9AM-8:30PM""], ""Sunday"": [""Closed""]}","Monday,9AM,8:30PM|Tuesday,9AM,8:30PM|Wednesday,9AM,8:30PM|Thursday,9AM,8:30PM|Friday,9AM,8:30PM|Saturday,9AM,8:30PM",,,,,,,,,,"{""Payments"": {""Credit cards"": true, ""Debit cards"": true}}",,,TRUE,114185481228021331730,Official Distributor Maxifiesta Ice Cream Ice Cream,https://www.google.com/maps/contrib/114185481228021331730,"https://www.google.com/maps/place/Official+Distributor+Maxifiesta+Ice+Cream+Ice+Cream/@-34.6023444,-58.4676688,14z/data=!4m8!1m2!2m1!1sOfficial+Distributor+Maxifiesta+Ice+Cream+Ice+Cream!3m4!1s0x95bcb601e253e217:0xc4fa26687a127b1a!8m2!3d-34.6023444!4d-58.4676688","https://www.google.com/maps/place/Official+Distributor+Maxifiesta+Ice+Cream+Ice+Cream/@-34.6023444,-58.4676688,13.99z/data=!4m16!1m7!3m6!1s0x95bcb601e253e217:0xc4fa26687a127b1a!2sOfficial+Distributor+Maxifiesta+Ice+Cream+Ice+Cream!8m2!3d-34.6023444!4d-58.4676688!16s%2Fg%2F11ckvg1dmb!3m7!1s0x95bcb601e253e217:0xc4fa26687a127b1a!8m2!3d-34.6023444!4d-58.4676688!9m1!1b1!16s%2Fg%2F11ckvg1dmb?entry=ttu",ChIJF-JT4gG2vJURGnsSemgm-sQ,0x95bcb601e253e217:0xc4fa26687a127b1a,14193699405778025242,/g/1tgdprb4,-4253044667931526374
" Mayorista de alimentos, Zona Oeste, CABA, Zona Norte, Zona SUR",La Preferida SRL,La Preferida Srl,Distribuidor de comestibles,+54 11 4581-3586,http://distrilapreferida.com.ar/,"Gral. Manuel A. Rodríguez 2340, C1416CMZ Cdad. Autónoma de Buenos Aires",Gral. Manuel A. Rodríguez 2340,"La Paternal, Comuna 15",C1416,Argentina,AR,"-34,5986123","-58,4572284",89c2e310e1bffff,America/Buenos_Aires,,FALSE,"4,7",41,https://search.google.com/local/reviews?placeid=ChIJ8Ud8_vjJvJUR9-XfVnooLDc&q=*&authuser=0&hl=en&gl=AR,,https://lh3.googleusercontent.com/gps-cs-s/AHRPTWnCM6DlwymjiX1Xs9LKSifkSmvNS9tDPs67e188JOk32XSbd03F_reSGQMVG1kpms89JYddQ3bEA6FNCiQXL4ONBHEaE_EtiLJzdj1rxBTtwoLTWR2fCp076xyYjhhCdMhtci5Yug=w800-h500-k-no,https://lh3.googleusercontent.com/gps-cs-s/AHRPTWnCM6DlwymjiX1Xs9LKSifkSmvNS9tDPs67e188JOk32XSbd03F_reSGQMVG1kpms89JYddQ3bEA6FNCiQXL4ONBHEaE_EtiLJzdj1rxBTtwoLTWR2fCp076xyYjhhCdMhtci5Yug=w1600-h1000-k-no,https://lh5.googleusercontent.com/-4lW29C9IrOQ/AAAAAAAAAAI/AAAAAAAAAAA/PwO6mqYR_oo/s44-p-k-no-ns-nd/photo.jpg,,,OPERATIONAL,,,,,,,,,,,,,,,TRUE,117442435275033394903,La Preferida SRL,https://www.google.com/maps/contrib/117442435275033394903,"https://www.google.com/maps/place/La+Preferida+SRL/@-34.5986123,-58.4572284,14z/data=!4m8!1m2!2m1!1sLa+Preferida+SRL!3m4!1s0x95bcc9f8fe7c47f1:0x372c287a56dfe5f7!8m2!3d-34.5986123!4d-58.4572284","https://www.google.com/maps/place/La+Preferida+SRL/@-34.5986123,-58.4572284,13.99z/data=!4m16!1m7!3m6!1s0x95bcc9f8fe7c47f1:0x372c287a56dfe5f7!2sLa+Preferida+SRL!8m2!3d-34.5986123!4d-58.4572284!16s%2Fg%2F11ckvg1dmb!3m7!1s0x95bcc9f8fe7c47f1:0x372c287a56dfe5f7!8m2!3d-34.5986123!4d-58.4572284!9m1!1b1!16s%2Fg%2F11ckvg1dmb?entry=ttu",ChIJ8Ud8_vjJvJUR9-XfVnooLDc,0x95bcc9f8fe7c47f1:0x372c287a56dfe5f7,3975597076969940471,/g/11b6t1lzj5,3975597076969940471
" Mayorista de alimentos, Zona Oeste, CABA, Zona Norte, Zona SUR",Distribuidora Rocha Lanus,Distribuidora Rocha Lanus,Proveedor mayorista de alimentos,+54 11 4167-1236,https://www.facebook.com/Rocha.Lanus/,"Av. Remedios de Escalada de San Martín 2105, B1822 Valentín Alsina, Provincia de Buenos Aires",Av. Remedios de Escalada de San Martín 2105,None,B1822,Argentina,AR,"-34,6791825","-58,4043563",89c2e31342bffff,America/Buenos_Aires,,FALSE,"4,9",73,https://search.google.com/local/reviews?placeid=ChIJabgsJprNvJURwP6DfIF9Lz8&q=*&authuser=0&hl=en&gl=AR,,https://lh3.googleusercontent.com/gps-cs-s/AHRPTWkShpZhdIVt1CL4SuFg4lv126FgZsKSIws-2B2qNNJgFPFoAbpvnRr2cVpD8JqLVAoasp-mMkoGPXa1eMSccg3RbdGF-Z6rB52Ds4uo81uRYSTvORgXZSTVjsxHNgYt7IYlwXh-8fCYNbEF=w800-h500-k-no,https://lh3.googleusercontent.com/gps-cs-s/AHRPTWkShpZhdIVt1CL4SuFg4lv126FgZsKSIws-2B2qNNJgFPFoAbpvnRr2cVpD8JqLVAoasp-mMkoGPXa1eMSccg3RbdGF-Z6rB52Ds4uo81uRYSTvORgXZSTVjsxHNgYt7IYlwXh-8fCYNbEF=w1600-h1000-k-no,https://lh3.googleusercontent.com/-y9Htq8Y0eS4/AAAAAAAAAAI/AAAAAAAAAAA/T31W3bQa6xI/s44-p-k-no-ns-nd/photo.jpg,,,OPERATIONAL,"{""Monday"": [""8AM-4PM""], ""Tuesday"": [""8AM-4PM""], ""Wednesday"": [""8AM-4PM""], ""Thursday"": [""8AM-4PM""], ""Friday"": [""8AM-4PM""], ""Saturday"": [""8AM-2PM""], ""Sunday"": [""Closed""]}","Monday,8AM,4PM|Tuesday,8AM,4PM|Wednesday,8AM,4PM|Thursday,8AM,4PM|Friday,8AM,4PM|Saturday,8AM,2PM",,,,,,,,,,"{""Service options"": {""Delivery"": true}, ""Payments"": {""Debit cards"": true, ""NFC mobile payments"": true}}",,,TRUE,112403639173829823757,Distribuidora Rocha Lanus,https://www.google.com/maps/contrib/112403639173829823757,"https://www.google.com/maps/place/Distribuidora+Rocha+Lanus/@-34.679182499999996,-58.404356299999996,14z/data=!4m8!1m2!2m1!1sDistribuidora+Rocha+Lanus!3m4!1s0x95bccd9a262cb869:0x3f2f7d817c83fec0!8m2!3d-34.679182499999996!4d-58.404356299999996","https://www.google.com/maps/place/Distribuidora+Rocha+Lanus/@-34.679182499999996,-58.404356299999996,13.99z/data=!4m16!1m7!3m6!1s0x95bccd9a262cb869:0x3f2f7d817c83fec0!2sDistribuidora+Rocha+Lanus!8m2!3d-34.679182499999996!4d-58.404356299999996!16s%2Fg%2F11ckvg1dmb!3m7!1s0x95bccd9a262cb869:0x3f2f7d817c83fec0!8m2!3d-34.679182499999996!4d-58.404356299999996!9m1!1b1!16s%2Fg%2F11ckvg1dmb?entry=ttu",ChIJabgsJprNvJURwP6DfIF9Lz8,0x95bccd9a262cb869:0x3f2f7d817c83fec0,4552995743388139200,/g/11rclnzlt_,4552995743388139200
" Mayorista de alimentos, Zona Oeste, CABA, Zona Norte, Zona SUR",Distribuidora Rojo,Distribuidora Rojo,Tienda de comestibles mayorista,+54 11 4200-4041,http://distribuidorarojo.com.ar/,"Av. Gdor. Monteverde 1601, B1855AZD Gran Buenos Aires, Provincia de Buenos Aires",Av. Gdor. Monteverde 1601,Monteverde,B1855,Argentina,AR,"-34,7809006","-58,2945186",89c2e3d5827ffff,America/Buenos_Aires,,FALSE,"4,3",202,https://search.google.com/local/reviews?placeid=ChIJiUNbKBAso5URge3ZmbCvchk&q=*&authuser=0&hl=en&gl=AR,,https://lh3.googleusercontent.com/gps-proxy/ALd4DhFK-lvRjcUaeeSKJxugQzyknv0PKKxXq9ltodm7ufjdKxuS9WLbw61LfOvhZrS-1h878agoManE1ajRydrc7M74wVgFSjpHUpDB_p5B54rXkedgaGK7abePMYkzPcpW0_C2vzmR6Wm2KZm7ID9S7noGNH7MXe_wEll18x0rU55RQJpcz1SaV8xQKAz3TRgrpjcS6A=w800-h500-k-no,https://lh3.googleusercontent.com/gps-proxy/ALd4DhFK-lvRjcUaeeSKJxugQzyknv0PKKxXq9ltodm7ufjdKxuS9WLbw61LfOvhZrS-1h878agoManE1ajRydrc7M74wVgFSjpHUpDB_p5B54rXkedgaGK7abePMYkzPcpW0_C2vzmR6Wm2KZm7ID9S7noGNH7MXe_wEll18x0rU55RQJpcz1SaV8xQKAz3TRgrpjcS6A=w1600-h1000-k-no,https://lh3.googleusercontent.com/-1VoYNIn8yMY/AAAAAAAAAAI/AAAAAAAAAAA/CTV4FQGXUJQ/s44-p-k-no-ns-nd/photo.jpg,,,OPERATIONAL,"{""Monday"": [""7AM-4PM""], ""Tuesday"": [""7AM-4PM""], ""Wednesday"": [""7AM-4PM""], ""Thursday"": [""7AM-4PM""], ""Friday"": [""7AM-4PM""], ""Saturday"": [""7AM-4PM""], ""Sunday"": [""Closed""]}","Monday,7AM,4PM|Tuesday,7AM,4PM|Wednesday,7AM,4PM|Thursday,7AM,4PM|Friday,7AM,4PM|Saturday,7AM,4PM",,,,,,,,,,"{""Accessibility"": {""Wheelchair-accessible car park"": true, ""Wheelchair-accessible entrance"": true}, ""Payments"": {""Debit cards"": true}}",,,TRUE,114981249493489165443,Distribuidora Rojo,https://www.google.com/maps/contrib/114981249493489165443,"https://www.google.com/maps/place/Distribuidora+Rojo/@-34.780900599999995,-58.294518599999996,14z/data=!4m8!1m2!2m1!1sDistribuidora+Rojo!3m4!1s0x95a32c10285b4389:0x1972afb099d9ed81!8m2!3d-34.780900599999995!4d-58.294518599999996","https://www.google.com/maps/place/Distribuidora+Rojo/@-34.780900599999995,-58.294518599999996,13.99z/data=!4m16!1m7!3m6!1s0x95a32c10285b4389:0x1972afb099d9ed81!2sDistribuidora+Rojo!8m2!3d-34.780900599999995!4d-58.294518599999996!16s%2Fg%2F11ckvg1dmb!3m7!1s0x95a32c10285b4389:0x1972afb099d9ed81!8m2!3d-34.780900599999995!4d-58.294518599999996!9m1!1b1!16s%2Fg%2F11ckvg1dmb?entry=ttu",ChIJiUNbKBAso5URge3ZmbCvchk,0x95a32c10285b4389:0x1972afb099d9ed81,1833721171323514241,/g/1hc5gxsgx,1833721171323514241
" Mayorista de alimentos, Zona Oeste, CABA, Zona Norte, Zona SUR",MUNDO HARINA,Mundo Harina,Distribuidor de comestibles,+54 11 4207-7800,https://www.mundoharina.com/,"Av. Manuel Belgrano 4151, B1874 Villa Dominico, Provincia de Buenos Aires",Av. Manuel Belgrano 4151,None,B1874,Argentina,AR,"-34,6910632","-58,3388311",89c2e3c4cd7ffff,America/Buenos_Aires,,FALSE,"4,7",69,https://search.google.com/local/reviews?placeid=ChIJP5I-wOQyo5UR9kSRyToi6ng&q=*&authuser=0&hl=en&gl=AR,,https://lh3.googleusercontent.com/gps-cs-s/AHRPTWlOIfdV96Z5vrcLIPC--GUm_7AltonflhK9-SDBRSM5vD_6yUg3JVR55PAA7U5GJkZfOCtXwcnrGUnVwrbwAAiFjVAB2upvTsCESNd6jNV-S1EDjqff9ioLXW-rsidDB3ROoRY=w800-h500-k-no,https://lh3.googleusercontent.com/gps-cs-s/AHRPTWlOIfdV96Z5vrcLIPC--GUm_7AltonflhK9-SDBRSM5vD_6yUg3JVR55PAA7U5GJkZfOCtXwcnrGUnVwrbwAAiFjVAB2upvTsCESNd6jNV-S1EDjqff9ioLXW-rsidDB3ROoRY=w1600-h1000-k-no,https://lh3.googleusercontent.com/-0kKPeVOWRQk/AAAAAAAAAAI/AAAAAAAAAAA/U9Zrg_6qD5k/s44-p-k-no-ns-nd/photo.jpg,,,OPERATIONAL,"{""Monday"": [""8AM-5PM""], ""Tuesday"": [""8AM-5PM""], ""Wednesday"": [""8AM-5PM""], ""Thursday"": [""8AM-5PM""], ""Friday"": [""8AM-5PM""], ""Saturday"": [""8AM-3PM""], ""Sunday"": [""Closed""]}","Monday,8AM,5PM|Tuesday,8AM,5PM|Wednesday,8AM,5PM|Thursday,8AM,5PM|Friday,8AM,5PM|Saturday,8AM,3PM",,,,,,,,,,"{""Accessibility"": {""Wheelchair-accessible entrance"": true, ""Wheelchair-accessible seating"": true}, ""Amenities"": {""Gender-neutral toilets"": true}, ""Crowd"": {""LGBTQ+ friendly"": true, ""Transgender safe space"": true}, ""Payments"": {""Debit cards"": true}, ""Other"": {""LGBTQ+ friendly"": true}}",,,TRUE,108333773746481213956,MUNDO HARINA,https://www.google.com/maps/contrib/108333773746481213956,"https://www.google.com/maps/place/MUNDO+HARINA/@-34.691063199999995,-58.3388311,14z/data=!4m8!1m2!2m1!1sMUNDO+HARINA!3m4!1s0x95a332e4c03e923f:0x78ea223ac99144f6!8m2!3d-34.691063199999995!4d-58.3388311","https://www.google.com/maps/place/MUNDO+HARINA/@-34.691063199999995,-58.3388311,13.99z/data=!4m16!1m7!3m6!1s0x95a332e4c03e923f:0x78ea223ac99144f6!2sMUNDO+HARINA!8m2!3d-34.691063199999995!4d-58.3388311!16s%2Fg%2F11ckvg1dmb!3m7!1s0x95a332e4c03e923f:0x78ea223ac99144f6!8m2!3d-34.691063199999995!4d-58.3388311!9m1!1b1!16s%2Fg%2F11ckvg1dmb?entry=ttu",ChIJP5I-wOQyo5UR9kSRyToi6ng,0x95a332e4c03e923f:0x78ea223ac99144f6,8712814064986834166,/g/1hc1dncrn,8712814064986834166
" Mayorista de alimentos, Zona Oeste, CABA, Zona Norte, Zona SUR",Supermayorista Vital | Villa Ortuzar,Supermayorista Vital | Villa Ortuzar,Tienda de comestibles mayorista,+54 11 4553-6700,https://www.vital.com.ar/,"Tronador 400, C1427 Cdad. Autónoma de Buenos Aires",Tronador 400,"Villa Ortúzar, Comuna 15",C1427,Argentina,AR,"-34,5867835","-58,4679579",89c2e31085bffff,America/Buenos_Aires,,FALSE,"4,2",4800,https://search.google.com/local/reviews?placeid=ChIJQ3i9Dwy2vJURT7n1LDhrK1M&q=*&authuser=0&hl=en&gl=AR,,https://lh3.googleusercontent.com/gps-cs-s/AHRPTWk6Foje31RSyPEiyX9iJ_6bOAG6Yz9dhErIqLud3VvCZ3h92jWk3cn8SqhIbCkBxdcAKk8QbwgXz2d2EN4BBV_Gxd-PVuG-hblFUvqq7tJ7kU1M4xpu6f83PKWwKj5rXgkynRgWWA=w800-h500-k-no,https://lh3.googleusercontent.com/gps-cs-s/AHRPTWk6Foje31RSyPEiyX9iJ_6bOAG6Yz9dhErIqLud3VvCZ3h92jWk3cn8SqhIbCkBxdcAKk8QbwgXz2d2EN4BBV_Gxd-PVuG-hblFUvqq7tJ7kU1M4xpu6f83PKWwKj5rXgkynRgWWA=w1600-h1000-k-no,https://lh5.googleusercontent.com/-QLfzbLRYZZA/AAAAAAAAAAI/AAAAAAAAAAA/OLI7DFR-E9E/s44-p-k-no-ns-nd/photo.jpg,,,OPERATIONAL,"{""Monday"": [""8AM-8PM""], ""Tuesday"": [""8AM-8PM""], ""Wednesday"": [""8AM-8PM""], ""Thursday"": [""8AM-8PM""], ""Friday"": [""8AM-8PM""], ""Saturday"": [""8AM-8PM""], ""Sunday"": [""10AM-8PM""]}","Sunday,10AM,8PM|Monday,8AM,8PM|Tuesday,8AM,8PM|Wednesday,8AM,8PM|Thursday,8AM,8PM|Friday,8AM,8PM|Saturday,8AM,8PM",,,,,,,,,,"{""Service options"": {""Delivery"": true}, ""Accessibility"": {""Wheelchair-accessible car park"": true, ""Wheelchair-accessible entrance"": true, ""Wheelchair-accessible toilet"": true}, ""Amenities"": {""Toilet"": true}, ""Payments"": {""Credit cards"": true, ""Debit cards"": true, ""NFC mobile payments"": true}, ""Parking"": {""Free multi-storey car park"": true, ""Free parking lot"": true}}",,,TRUE,113208585800083431541,Supermayorista Vital | Villa Ortuzar,https://www.google.com/maps/contrib/113208585800083431541,"https://www.google.com/maps/place/Supermayorista+Vital+%7C+Villa+Ortuzar/@-34.586783499999996,-58.467957899999995,14z/data=!4m8!1m2!2m1!1sSupermayorista+Vital+%7C+Villa+Ortuzar!3m4!1s0x95bcb60c0fbd7843:0x532b6b382cf5b94f!8m2!3d-34.586783499999996!4d-58.467957899999995","https://www.google.com/maps/place/Supermayorista+Vital+%7C+Villa+Ortuzar/@-34.586783499999996,-58.467957899999995,13.99z/data=!4m16!1m7!3m6!1s0x95bcb60c0fbd7843:0x532b6b382cf5b94f!2sSupermayorista+Vital+%7C+Villa+Ortuzar!8m2!3d-34.586783499999996!4d-58.467957899999995!16s%2Fg%2F11ckvg1dmb!3m7!1s0x95bcb60c0fbd7843:0x532b6b382cf5b94f!8m2!3d-34.586783499999996!4d-58.467957899999995!9m1!1b1!16s%2Fg%2F11ckvg1dmb?entry=ttu",ChIJQ3i9Dwy2vJURT7n1LDhrK1M,0x95bcb60c0fbd7843:0x532b6b382cf5b94f,5993001618163218767,/g/11b6dtfn45,5993001618163218767
" Mayorista de alimentos, Zona Oeste, CABA, Zona Norte, Zona SUR",Diarco,Diarco,Mayorista,+54 11 4687-4053,https://www.diarco.com.ar/,"Av. Montes de Oca 2010, C1270 Cdad. Autónoma de Buenos Aires",Av. Montes de Oca 2010,"Barracas, Comuna 4",C1270,Argentina,AR,"-34,6498512","-58,3715987",89c2e3114cbffff,America/Buenos_Aires,,FALSE,4,679,https://search.google.com/local/reviews?placeid=ChIJgcEVrlTLvJURpBZ7-iGfN14&q=*&authuser=0&hl=en&gl=AR,,https://lh3.googleusercontent.com/gps-cs-s/AHRPTWm5t2iBXUq4DeAenKwUmqnWXR-XipMReXCAX1uMnzhOBrSCeVyd9HNJTgFLsYP-JhnZKoSqgCmdWVFnfKD3C6zKS1_xx1XvoIgskZkzcjp9H0AE4yHMuhctkB1HOZpWGCfMHQ=w800-h500-k-no,https://lh3.googleusercontent.com/gps-cs-s/AHRPTWm5t2iBXUq4DeAenKwUmqnWXR-XipMReXCAX1uMnzhOBrSCeVyd9HNJTgFLsYP-JhnZKoSqgCmdWVFnfKD3C6zKS1_xx1XvoIgskZkzcjp9H0AE4yHMuhctkB1HOZpWGCfMHQ=w1600-h1000-k-no,https://lh5.googleusercontent.com/-vN2n2FP-0nE/AAAAAAAAAAI/AAAAAAAAAAA/sg_-BS49gEI/s44-p-k-no-ns-nd/photo.jpg,,,OPERATIONAL,"{""Monday"": [""8AM-6PM""], ""Tuesday"": [""8AM-6PM""], ""Wednesday"": [""8AM-6PM""], ""Thursday"": [""8AM-6PM""], ""Friday"": [""8AM-6PM""], ""Saturday"": [""8AM-7PM""], ""Sunday"": [""Closed""]}","Monday,8AM,6PM|Tuesday,8AM,6PM|Wednesday,8AM,6PM|Thursday,8AM,6PM|Friday,8AM,6PM|Saturday,8AM,7PM",,,,,,,,,,"{""Accessibility"": {""Wheelchair-accessible car park"": true, ""Wheelchair-accessible entrance"": true, ""Wheelchair-accessible toilet"": true}, ""Amenities"": {""Toilet"": true}, ""Payments"": {""Credit cards"": true, ""Debit cards"": true}}",,,TRUE,104334071736320127916,Diarco,https://www.google.com/maps/contrib/104334071736320127916,"https://www.google.com/maps/place/Diarco/@-34.6498512,-58.3715987,14z/data=!4m8!1m2!2m1!1sDiarco!3m4!1s0x95bccb54ae15c181:0x5e379f21fa7b16a4!8m2!3d-34.6498512!4d-58.3715987","https://www.google.com/maps/place/Diarco/@-34.6498512,-58.3715987,13.99z/data=!4m16!1m7!3m6!1s0x95bccb54ae15c181:0x5e379f21fa7b16a4!2sDiarco!8m2!3d-34.6498512!4d-58.3715987!16s%2Fg%2F11ckvg1dmb!3m7!1s0x95bccb54ae15c181:0x5e379f21fa7b16a4!8m2!3d-34.6498512!4d-58.3715987!9m1!1b1!16s%2Fg%2F11ckvg1dmb?entry=ttu",ChIJgcEVrlTLvJURpBZ7-iGfN14,0x95bccb54ae15c181:0x5e379f21fa7b16a4,6789069931569419940,/g/1tfvv3r8,6789069931569419940
" Mayorista de alimentos, Zona Oeste, CABA, Zona Norte, Zona SUR",Diarco Barrio,Diarco Barrio,Mayorista,+54 11 5082-8000,https://www.diarco.com.ar/,"Álvarez Jonte 3629, C1407 Cdad. Autónoma de Buenos Aires",Álvarez Jonte 3629,"Villa del Parque, Comuna 11",C1407,Argentina,AR,"-34,6129906","-58,4926462",89c2e312bcbffff,America/Buenos_Aires,,FALSE,"3,8",356,https://search.google.com/local/reviews?placeid=ChIJHQr0Ng3JvJURsWgAmCKvkBU&q=*&authuser=0&hl=en&gl=AR,,https://lh3.googleusercontent.com/gps-cs-s/AHRPTWlk0I81bexvXQFLl02q6GEPi3ItoYDQOwxrxRRpN6rqzKr2Y4OTcYXZQwDlqscTeNDIzjV_rrQjOEwdo1fc_8jzr-iEHR-3AeIkOYZiz5YJqH8O-HVsNCKxXpnl9NwH27oSgUnKyQ=w800-h500-k-no,https://lh3.googleusercontent.com/gps-cs-s/AHRPTWlk0I81bexvXQFLl02q6GEPi3ItoYDQOwxrxRRpN6rqzKr2Y4OTcYXZQwDlqscTeNDIzjV_rrQjOEwdo1fc_8jzr-iEHR-3AeIkOYZiz5YJqH8O-HVsNCKxXpnl9NwH27oSgUnKyQ=w1600-h1000-k-no,https://lh3.googleusercontent.com/-rc7IuxCw2e0/AAAAAAAAAAI/AAAAAAAAAAA/vCmkwXmy44Y/s44-p-k-no-ns-nd/photo.jpg,,,OPERATIONAL,"{""Monday"": [""8AM-9PM""], ""Tuesday"": [""8AM-9PM""], ""Wednesday"": [""8AM-9PM""], ""Thursday"": [""8AM-9PM""], ""Friday"": [""8AM-9PM""], ""Saturday"": [""8AM-9PM""], ""Sunday"": [""10AM-8PM""]}","Sunday,10AM,8PM|Monday,8AM,9PM|Tuesday,8AM,9PM|Wednesday,8AM,9PM|Thursday,8AM,9PM|Friday,8AM,9PM|Saturday,8AM,9PM",,,,,,,,,,"{""Accessibility"": {""Wheelchair-accessible entrance"": true, ""Wheelchair-accessible car park"": false}, ""Amenities"": {""Toilet"": false}, ""Payments"": {""Credit cards"": true, ""Debit cards"": true}}",,,TRUE,114420214843336248289,Diarco Barrio,https://www.google.com/maps/contrib/114420214843336248289,"https://www.google.com/maps/place/Diarco+Barrio/@-34.612990599999996,-58.492646199999996,14z/data=!4m8!1m2!2m1!1sDiarco+Barrio!3m4!1s0x95bcc90d36f40a1d:0x1590af22980068b1!8m2!3d-34.612990599999996!4d-58.492646199999996","https://www.google.com/maps/place/Diarco+Barrio/@-34.612990599999996,-58.492646199999996,13.99z/data=!4m16!1m7!3m6!1s0x95bcc90d36f40a1d:0x1590af22980068b1!2sDiarco+Barrio!8m2!3d-34.612990599999996!4d-58.492646199999996!16s%2Fg%2F11ckvg1dmb!3m7!1s0x95bcc90d36f40a1d:0x1590af22980068b1!8m2!3d-34.612990599999996!4d-58.492646199999996!9m1!1b1!16s%2Fg%2F11ckvg1dmb?entry=ttu",ChIJHQr0Ng3JvJURsWgAmCKvkBU,0x95bcc90d36f40a1d:0x1590af22980068b1,1553934434556733617,/g/11h1m2dkvf,1553934434556733617
" Mayorista de alimentos, Zona Oeste, CABA, Zona Norte, Zona SUR",Makro,Makro,Mayorista,+54 11 4481-1356,http://www.makro.com.ar/,"Buenos Aires AR Cerrito, Colectora Sur Acceso Oeste 1110, B1714 ARD, Provincia de Buenos Aires","Buenos Aires AR Cerrito, Colectora Sur Acceso Oeste 1110",None,B1714,Argentina,AR,"-34,630195","-58,6954281",89c2e3bb147ffff,America/Buenos_Aires,,FALSE,"3,8",1872,https://search.google.com/local/reviews?placeid=ChIJ-0UXpau_vJURRqM4ebFCpYI&q=*&authuser=0&hl=en&gl=AR,,https://lh3.googleusercontent.com/gps-cs-s/AHRPTWkUKafheongYiE94xjmyII3zXtf-Yjxg_Xo4W56E4EP0xkX0KM10nbG7LtMiOrexRERdeux-QW_UkOYa9ozSWFp3AWCXSGx1s4wQyQU16cQswH-UfchwwHBe0n53hkMrtL6pBzA=w800-h500-k-no,https://lh3.googleusercontent.com/gps-cs-s/AHRPTWkUKafheongYiE94xjmyII3zXtf-Yjxg_Xo4W56E4EP0xkX0KM10nbG7LtMiOrexRERdeux-QW_UkOYa9ozSWFp3AWCXSGx1s4wQyQU16cQswH-UfchwwHBe0n53hkMrtL6pBzA=w1600-h1000-k-no,https://lh6.googleusercontent.com/-vFrx6Ebejz4/AAAAAAAAAAI/AAAAAAAAAAA/jKHsaEq1nGw/s44-p-k-no-ns-nd/photo.jpg,,,OPERATIONAL,"{""Monday"": [""8AM-9PM""], ""Tuesday"": [""8AM-9PM""], ""Wednesday"": [""8AM-9PM""], ""Thursday"": [""8AM-9PM""], ""Friday"": [""8AM-9PM""], ""Saturday"": [""8AM-9PM""], ""Sunday"": [""9AM-8PM""]}","Sunday,9AM,8PM|Monday,8AM,9PM|Tuesday,8AM,9PM|Wednesday,8AM,9PM|Thursday,8AM,9PM|Friday,8AM,9PM|Saturday,8AM,9PM",,,,,,,,,,"{""Accessibility"": {""Wheelchair-accessible car park"": true, ""Wheelchair-accessible entrance"": true, ""Wheelchair-accessible toilet"": true}, ""Amenities"": {""Toilet"": true}, ""Payments"": {""Credit cards"": true, ""Debit cards"": true}}",,,TRUE,104264872681960191147,Makro,https://www.google.com/maps/contrib/104264872681960191147,"https://www.google.com/maps/place/Makro/@-34.630195,-58.6954281,14z/data=!4m8!1m2!2m1!1sMakro!3m4!1s0x95bcbfaba51745fb:0x82a542b17938a346!8m2!3d-34.630195!4d-58.6954281","https://www.google.com/maps/place/Makro/@-34.630195,-58.6954281,13.99z/data=!4m16!1m7!3m6!1s0x95bcbfaba51745fb:0x82a542b17938a346!2sMakro!8m2!3d-34.630195!4d-58.6954281!16s%2Fg%2F11ckvg1dmb!3m7!1s0x95bcbfaba51745fb:0x82a542b17938a346!8m2!3d-34.630195!4d-58.6954281!9m1!1b1!16s%2Fg%2F11ckvg1dmb?entry=ttu",ChIJ-0UXpau_vJURRqM4ebFCpYI,0x95bcbfaba51745fb:0x82a542b17938a346,9414003926098289478,/g/11b7q2hlsz,-9032740147611262138
" Mayorista de alimentos, Zona Oeste, CABA, Zona Norte, Zona SUR",LATINA COLD FOODS S.A. - Distribuidor de PRODUCTOS CONGELADOS,Latina Cold Foods S A Distribuidor De Productos Congelados,Servicio de distribución,+54 11 5069-8736,https://www.latinacoldfoods.com.ar/,"ADP, Berutti 6390, B1657 Cdad. Jardín El Libertador, Provincia de Buenos Aires","ADP, Berutti 6390",None,B1657,Argentina,AR,"-34,5562551","-58,588619",89c2e314437ffff,America/Buenos_Aires,,FALSE,"4,4",70,https://search.google.com/local/reviews?placeid=ChIJxyhh_pO3vJURuf9yS77jFPQ&q=*&authuser=0&hl=en&gl=AR,,https://lh3.googleusercontent.com/gps-cs-s/AHRPTWldqLWX4wFlXFcfqpKhr1LBgvKPwp_ex84BGMi30xPL0C01X0W46L74gbBIKFUKy-G_FCnlGSNUXj7PlvYyIg3XR0E7ESPwRxb40tYzPoKQayQKdxUygl7baQzhHuVTKc44=w800-h500-k-no,https://lh3.googleusercontent.com/gps-cs-s/AHRPTWldqLWX4wFlXFcfqpKhr1LBgvKPwp_ex84BGMi30xPL0C01X0W46L74gbBIKFUKy-G_FCnlGSNUXj7PlvYyIg3XR0E7ESPwRxb40tYzPoKQayQKdxUygl7baQzhHuVTKc44=w1600-h1000-k-no,https://lh6.googleusercontent.com/-2F_3pfyvVZc/AAAAAAAAAAI/AAAAAAAAAAA/du-MXCfyQBg/s44-p-k-no-ns-nd/photo.jpg,,,OPERATIONAL,"{""Monday"": [""9AM-5PM""], ""Tuesday"": [""9AM-5PM""], ""Wednesday"": [""9AM-5PM""], ""Thursday"": [""9AM-5PM""], ""Friday"": [""9AM-5PM""], ""Saturday"": [""9AM-12PM""], ""Sunday"": [""Closed""]}","Monday,9AM,5PM|Tuesday,9AM,5PM|Wednesday,9AM,5PM|Thursday,9AM,5PM|Friday,9AM,5PM|Saturday,9AM,12PM",,,,,,,,,,"{""Accessibility"": {""Wheelchair-accessible entrance"": true}}",,,TRUE,117098415655679846144,LATINA COLD FOODS S.A. - Distribuidor de PRODUCTOS CONGELADOS,https://www.google.com/maps/contrib/117098415655679846144,"https://www.google.com/maps/place/LATINA+COLD+FOODS+S.A.+-+Distribuidor+de+PRODUCTOS+CONGELADOS/@-34.5562551,-58.588618999999994,14z/data=!4m8!1m2!2m1!1sLATINA+COLD+FOODS+S.A.+-+Distribuidor+de+PRODUCTOS+CONGELADOS!3m4!1s0x95bcb793fe6128c7:0xf414e3be4b72ffb9!8m2!3d-34.5562551!4d-58.588618999999994","https://www.google.com/maps/place/LATINA+COLD+FOODS+S.A.+-+Distribuidor+de+PRODUCTOS+CONGELADOS/@-34.5562551,-58.588618999999994,13.99z/data=!4m16!1m7!3m6!1s0x95bcb793fe6128c7:0xf414e3be4b72ffb9!2sLATINA+COLD+FOODS+S.A.+-+Distribuidor+de+PRODUCTOS+CONGELADOS!8m2!3d-34.5562551!4d-58.588618999999994!16s%2Fg%2F11ckvg1dmb!3m7!1s0x95bcb793fe6128c7:0xf414e3be4b72ffb9!8m2!3d-34.5562551!4d-58.588618999999994!9m1!1b1!16s%2Fg%2F11ckvg1dmb?entry=ttu",ChIJxyhh_pO3vJURuf9yS77jFPQ,0x95bcb793fe6128c7:0xf414e3be4b72ffb9,17587932851237748665,/g/1thzvztc,-858811222471802951
" Mayorista de alimentos, Zona Oeste, CABA, Zona Norte, Zona SUR",Mayorista Diet,Mayorista Diet,Supermercado,+54 11 6960-7562,http://www.mayoristadiet.com.ar/,"Av. Calchaquí 495, B1879 Quilmes Oeste, Provincia de Buenos Aires",Av. Calchaquí 495,None,B1879,Argentina,AR,"-34,7330153","-58,2969054",89c2e3c44d3ffff,America/Buenos_Aires,,FALSE,"4,3",232,https://search.google.com/local/reviews?placeid=ChIJD-ksQ84to5URtpwk64JS8xA&q=*&authuser=0&hl=en&gl=AR,,https://lh3.googleusercontent.com/gps-cs-s/AHRPTWn4-PbwZ2WXDPAgRXYeKd_zvswOZh8gVi4j1wOrDGN4pDPdVv09sYoyjgF6lkACWiUGRiGIgBoALUi87_grodygVg7O6K6rQOSiQIo_Ks6iPDkRS-UvOwSTSIktivjdYctPJ9dY=w800-h500-k-no,https://lh3.googleusercontent.com/gps-cs-s/AHRPTWn4-PbwZ2WXDPAgRXYeKd_zvswOZh8gVi4j1wOrDGN4pDPdVv09sYoyjgF6lkACWiUGRiGIgBoALUi87_grodygVg7O6K6rQOSiQIo_Ks6iPDkRS-UvOwSTSIktivjdYctPJ9dY=w1600-h1000-k-no,https://lh5.googleusercontent.com/-058zvSE8khc/AAAAAAAAAAI/AAAAAAAAAAA/fMhIJUVQH9Q/s44-p-k-no-ns-nd/photo.jpg,,,OPERATIONAL,"{""Monday"": [""8AM-4PM""], ""Tuesday"": [""8AM-4PM""], ""Wednesday"": [""8AM-4PM""], ""Thursday"": [""8AM-4PM""], ""Friday"": [""8AM-4PM""], ""Saturday"": [""8AM-1PM""], ""Sunday"": [""Closed""]}","Monday,8AM,4PM|Tuesday,8AM,4PM|Wednesday,8AM,4PM|Thursday,8AM,4PM|Friday,8AM,4PM|Saturday,8AM,1PM",,,,,,,,,,"{""Service options"": {""Delivery"": true}, ""Highlights"": {""Great produce"": true}, ""Accessibility"": {""Wheelchair-accessible entrance"": true}, ""Planning"": {""Quick visit"": true}, ""Payments"": {""Debit cards"": true, ""NFC mobile payments"": true}}",,,TRUE,104150767803564697807,Mayorista Diet,https://www.google.com/maps/contrib/104150767803564697807,"https://www.google.com/maps/place/Mayorista+Diet/@-34.7330153,-58.2969054,14z/data=!4m8!1m2!2m1!1sMayorista+Diet!3m4!1s0x95a32dce432ce90f:0x10f35282eb249cb6!8m2!3d-34.7330153!4d-58.2969054","https://www.google.com/maps/place/Mayorista+Diet/@-34.7330153,-58.2969054,13.99z/data=!4m16!1m7!3m6!1s0x95a32dce432ce90f:0x10f35282eb249cb6!2sMayorista+Diet!8m2!3d-34.7330153!4d-58.2969054!16s%2Fg%2F11ckvg1dmb!3m7!1s0x95a32dce432ce90f:0x10f35282eb249cb6!8m2!3d-34.7330153!4d-58.2969054!9m1!1b1!16s%2Fg%2F11ckvg1dmb?entry=ttu",ChIJD-ksQ84to5URtpwk64JS8xA,0x95a32dce432ce90f:0x10f35282eb249cb6,1221410646191807670,/g/11ddx2y8vy,1221410646191807670
" Mayorista de alimentos, Zona Oeste, CABA, Zona Norte, Zona SUR",Distribuidora Del Sur,Distribuidora Del Sur,Servicio de distribución,+54 11 3560-9495,http://distribuidoradelsur.com.ar/,"Av. Dardo Rocha 1626, B1876 Bernal Oeste, Provincia de Buenos Aires",Av. Dardo Rocha 1626,None,B1876,Argentina,AR,"-34,7110499","-58,308596",89c2e3c40bbffff,America/Buenos_Aires,,FALSE,"3,8",197,https://search.google.com/local/reviews?placeid=ChIJDZO1BnQyo5URsdOEbZ6M_rc&q=*&authuser=0&hl=en&gl=AR,,https://lh3.googleusercontent.com/gps-cs-s/AHRPTWkGUZ8S4TD9yzAhmoGItrRDPknWQU5r_n4uO4zuCcDdJZhV2ZsmFncgoBSPgFhJRcEq6E9JmmCNJTPGAtuydSQQyn1y4m47EuFXlnSxMbfSdHVEznSMe057U3dZAxXgoJPLA8q7dw=w800-h500-k-no,https://lh3.googleusercontent.com/gps-cs-s/AHRPTWkGUZ8S4TD9yzAhmoGItrRDPknWQU5r_n4uO4zuCcDdJZhV2ZsmFncgoBSPgFhJRcEq6E9JmmCNJTPGAtuydSQQyn1y4m47EuFXlnSxMbfSdHVEznSMe057U3dZAxXgoJPLA8q7dw=w1600-h1000-k-no,https://lh3.googleusercontent.com/-Rpfvnx8-2qE/AAAAAAAAAAI/AAAAAAAAAAA/38iwecGExdQ/s44-p-k-no-ns-nd/photo.jpg,,,OPERATIONAL,"{""Monday"": [""8AM-5PM""], ""Tuesday"": [""8AM-5PM""], ""Wednesday"": [""8AM-5PM""], ""Thursday"": [""8AM-5PM""], ""Friday"": [""8AM-5PM""], ""Saturday"": [""8AM-5PM""], ""Sunday"": [""9AM-1PM""]}","Sunday,9AM,1PM|Monday,8AM,5PM|Tuesday,8AM,5PM|Wednesday,8AM,5PM|Thursday,8AM,5PM|Friday,8AM,5PM|Saturday,8AM,5PM",,,,,,,,,,"{""Accessibility"": {""Wheelchair-accessible entrance"": true}}",,,TRUE,108952290481929205742,Distribuidora Del Sur,https://www.google.com/maps/contrib/108952290481929205742,"https://www.google.com/maps/place/Distribuidora+Del+Sur/@-34.7110499,-58.308595999999994,14z/data=!4m8!1m2!2m1!1sDistribuidora+Del+Sur!3m4!1s0x95a3327406b5930d:0xb7fe8c9e6d84d3b1!8m2!3d-34.7110499!4d-58.308595999999994","https://www.google.com/maps/place/Distribuidora+Del+Sur/@-34.7110499,-58.308595999999994,13.99z/data=!4m16!1m7!3m6!1s0x95a3327406b5930d:0xb7fe8c9e6d84d3b1!2sDistribuidora+Del+Sur!8m2!3d-34.7110499!4d-58.308595999999994!16s%2Fg%2F11ckvg1dmb!3m7!1s0x95a3327406b5930d:0xb7fe8c9e6d84d3b1!8m2!3d-34.7110499!4d-58.308595999999994!9m1!1b1!16s%2Fg%2F11ckvg1dmb?entry=ttu",ChIJDZO1BnQyo5URsdOEbZ6M_rc,0x95a3327406b5930d:0xb7fe8c9e6d84d3b1,13258188965095461809,/g/11j2z29l7m,-5188555108614089807
" Mayorista de alimentos, Zona Oeste, CABA, Zona Norte, Zona SUR",La Distribuidora,La Distribuidora,Tienda de comestibles mayorista,+54 11 2104-8718,,"Av. Avellaneda 5243, B1646 San Fernando, Provincia de Buenos Aires",Av. Avellaneda 5243,None,B1646,Argentina,AR,"-34,4684106","-58,5895928",89c2e3060c7ffff,America/Buenos_Aires,,FALSE,"4,4",54,https://search.google.com/local/reviews?placeid=ChIJxyweNjKlvJURSytMbZadMU0&q=*&authuser=0&hl=en&gl=AR,,https://lh3.googleusercontent.com/gps-cs-s/AHRPTWmobREWKFv0MzBn1MrWBAXRfvYzWc0ZCGqhCPPDuCqyut06xMIXQngNwXRzrP0IEWIVB9X0VVi8yH_osJQlY98V9LNw3jYm_iYIbe8LLm3ZNtfUIIoGg7MU13FNTIRIp4e4LbP-rw=w800-h500-k-no,https://lh3.googleusercontent.com/gps-cs-s/AHRPTWmobREWKFv0MzBn1MrWBAXRfvYzWc0ZCGqhCPPDuCqyut06xMIXQngNwXRzrP0IEWIVB9X0VVi8yH_osJQlY98V9LNw3jYm_iYIbe8LLm3ZNtfUIIoGg7MU13FNTIRIp4e4LbP-rw=w1600-h1000-k-no,https://lh6.googleusercontent.com/-1f3tsM8bC40/AAAAAAAAAAI/AAAAAAAAAAA/hMvjFJcCkks/s44-p-k-no-ns-nd/photo.jpg,,,OPERATIONAL,"{""Monday"": [""8AM-12:30PM"", ""2:30-6PM""], ""Tuesday"": [""8AM-12:30PM"", ""2:30-6PM""], ""Wednesday"": [""8AM-12:30PM"", ""2:30-6PM""], ""Thursday"": [""8AM-12:30PM"", ""2:30-6PM""], ""Friday"": [""8AM-12:30PM"", ""2:30-6PM""], ""Saturday"": [""7AM-1PM""], ""Sunday"": [""Closed""]}","Monday,8AM,12:30PM|Monday,2:30,6PM|Tuesday,8AM,12:30PM|Tuesday,2:30,6PM|Wednesday,8AM,12:30PM|Wednesday,2:30,6PM|Thursday,8AM,12:30PM|Thursday,2:30,6PM|Friday,8AM,12:30PM|Friday,2:30,6PM|Saturday,7AM,1PM",,,,,,,,,,"{""Service options"": {""Delivery"": true}, ""Accessibility"": {""Wheelchair-accessible seating"": true, ""Wheelchair-accessible toilet"": false}, ""Amenities"": {""Toilet"": false}, ""Crowd"": {""LGBTQ+ friendly"": true, ""Transgender safe space"": true}, ""Payments"": {""Debit cards"": true, ""NFC mobile payments"": true}, ""Other"": {""LGBTQ+ friendly"": true}}",,,TRUE,105672197292596397374,La Distribuidora,https://www.google.com/maps/contrib/105672197292596397374,"https://www.google.com/maps/place/La+Distribuidora/@-34.4684106,-58.5895928,14z/data=!4m8!1m2!2m1!1sLa+Distribuidora!3m4!1s0x95bca532361e2cc7:0x4d319d966d4c2b4b!8m2!3d-34.4684106!4d-58.5895928","https://www.google.com/maps/place/La+Distribuidora/@-34.4684106,-58.5895928,13.99z/data=!4m16!1m7!3m6!1s0x95bca532361e2cc7:0x4d319d966d4c2b4b!2sLa+Distribuidora!8m2!3d-34.4684106!4d-58.5895928!16s%2Fg%2F11ckvg1dmb!3m7!1s0x95bca532361e2cc7:0x4d319d966d4c2b4b!8m2!3d-34.4684106!4d-58.5895928!9m1!1b1!16s%2Fg%2F11ckvg1dmb?entry=ttu",ChIJxyweNjKlvJURSytMbZadMU0,0x95bca532361e2cc7:0x4d319d966d4c2b4b,5562400284183636811,/g/11j03b_8zj,5562400284183636811
" Mayorista de alimentos, Zona Oeste, CABA, Zona Norte, Zona SUR",Distribuidora Lácteos,Distribuidora Lácteos,Tienda de alimentación,+54 9 11 7089-3109,,"Larraya 2324, C1440 Cdad. Autónoma de Buenos Aires",Larraya 2324,"Mataderos, Comuna 9",2324,Argentina,AR,"-34,659851","-58,4906823",89c2e38d24bffff,America/Buenos_Aires,,FALSE,"4,8",50,https://search.google.com/local/reviews?placeid=ChIJG02xFxLJvJURUzhhu3ZBKKs&q=*&authuser=0&hl=en&gl=AR,,https://streetviewpixels-pa.googleapis.com/v1/thumbnail?panoid=VJfvG1R2vVkBC5YrQqWyNA&cb_client=search.gws-prod.gps&w=800&h=500&yaw=26.18854&pitch=0&thumbfov=100,https://lh3.googleusercontent.com/gps-cs-s/AHRPTWk4ljJhGx_eQrDpBpwna6GR_7WUMcx9rHCOqZ45SnVLvDLni2Q36_2cc1jZc_X3m-dxy17ZrefODvW54mPsU1PVugS5HtdYOiln8_sbBx620dxlSy7v5HizDavKmzVKDRYw2sU=w1600-h1000-k-no,,,,OPERATIONAL,"{""Monday"": [""6AM-2PM""], ""Tuesday"": [""6AM-2PM""], ""Wednesday"": [""6AM-2PM""], ""Thursday"": [""6AM-2PM""], ""Friday"": [""6AM-2PM""], ""Saturday"": [""Closed""], ""Sunday"": [""Closed""]}","Monday,6AM,2PM|Tuesday,6AM,2PM|Wednesday,6AM,2PM|Thursday,6AM,2PM|Friday,6AM,2PM",,,,,,,,,,"{""Service options"": {""Delivery"": true}, ""Highlights"": {""Great produce"": true}, ""Amenities"": {""Toilet"": false}, ""Planning"": {""Quick visit"": true}, ""Payments"": {""Debit cards"": true}}",,,FALSE,None,Distribuidora Lácteos,,"https://www.google.com/maps/place/Distribuidora+L%C3%A1cteos/@-34.659850999999996,-58.490682299999996,14z/data=!4m8!1m2!2m1!1sDistribuidora+L%C3%A1cteos!3m4!1s0x95bcc91217b14d1b:0xab284176bb613853!8m2!3d-34.659850999999996!4d-58.490682299999996","https://www.google.com/maps/place/Distribuidora+L%C3%A1cteos/@-34.659850999999996,-58.490682299999996,13.99z/data=!4m16!1m7!3m6!1s0x95bcc91217b14d1b:0xab284176bb613853!2sDistribuidora+L%C3%A1cteos!8m2!3d-34.659850999999996!4d-58.490682299999996!16s%2Fg%2F11ckvg1dmb!3m7!1s0x95bcc91217b14d1b:0xab284176bb613853!8m2!3d-34.659850999999996!4d-58.490682299999996!9m1!1b1!16s%2Fg%2F11ckvg1dmb?entry=ttu",ChIJG02xFxLJvJURUzhhu3ZBKKs,0x95bcc91217b14d1b:0xab284176bb613853,12333179557759760467,/g/11gfd5wr0m,-6113564515949791149
" Mayorista de alimentos, Zona Oeste, CABA, Zona Norte, Zona SUR",VC Arcor Products Distribution,Vc Arcor Products Distribution,Servicio de distribución,+54 11 3767-0285,http://vcdistribuidora.com.ar/,"Nicasio Oroño 1426, C1416BZH Cdad. Autónoma de Buenos Aires",Nicasio Oroño 1426,"Caballito, Comuna 6",C1416,Argentina,AR,"-34,6090774","-58,4584849",89c2e310163ffff,America/Buenos_Aires,,FALSE,"4,4",31,https://search.google.com/local/reviews?placeid=ChIJi9XYSAPKvJURhWt9VNwe7ww&q=*&authuser=0&hl=en&gl=AR,,https://streetviewpixels-pa.googleapis.com/v1/thumbnail?panoid=lcS8K63waWQPZyvd1MIUtQ&cb_client=search.gws-prod.gps&w=800&h=500&yaw=239.66248&pitch=0&thumbfov=100,https://lh3.googleusercontent.com/gps-cs-s/AHRPTWk1QxTfess96lBl2Op8wJoscG9ko8NdiAm0nERut_7pQdK2GHbvBKfH1VnpMan6cWdUdH29ChLM5YkGR8s18UcFLR2MyrOxwM0j6LgF5eZQoeTJyWqH8ICQ9e_LAjGdmFEj6JAx8DQEXnzB=w1600-h1000-k-no,,,,OPERATIONAL,,,,,,,,,,,,,,,FALSE,None,VC Arcor Products Distribution,,"https://www.google.com/maps/place/VC+Arcor+Products+Distribution/@-34.6090774,-58.458484899999995,14z/data=!4m8!1m2!2m1!1sVC+Arcor+Products+Distribution!3m4!1s0x95bcca0348d8d58b:0xcef1edc547d6b85!8m2!3d-34.6090774!4d-58.458484899999995","https://www.google.com/maps/place/VC+Arcor+Products+Distribution/@-34.6090774,-58.458484899999995,13.99z/data=!4m16!1m7!3m6!1s0x95bcca0348d8d58b:0xcef1edc547d6b85!2sVC+Arcor+Products+Distribution!8m2!3d-34.6090774!4d-58.458484899999995!16s%2Fg%2F11ckvg1dmb!3m7!1s0x95bcca0348d8d58b:0xcef1edc547d6b85!8m2!3d-34.6090774!4d-58.458484899999995!9m1!1b1!16s%2Fg%2F11ckvg1dmb?entry=ttu",ChIJi9XYSAPKvJURhWt9VNwe7ww,0x95bcca0348d8d58b:0xcef1edc547d6b85,931997579548126085,/g/11b6_n0bvc,931997579548126085
" Mayorista de alimentos, Zona Oeste, CABA, Zona Norte, Zona SUR",Diarco Barrio,Diarco Barrio,Mayorista,+54 11 5082-8000,https://www.diarco.com.ar/,"Tacuarí 419, C1071 Cdad. Autónoma de Buenos Aires",Tacuarí 419,"Monserrat, Comuna 1",C1071,Argentina,AR,"-34,6131957","-58,379091",89c2e311313ffff,America/Buenos_Aires,,FALSE,"3,9",289,https://search.google.com/local/reviews?placeid=ChIJzWP86dbKvJURjhX4aBFADTU&q=*&authuser=0&hl=en&gl=AR,,https://lh3.googleusercontent.com/gps-cs-s/AHRPTWkCBmcncDQ9lbZa4Wf30DrRs1ZlBwnTl6do8UvsKd9JPUa1AVvMbTSGoIWu3eci4lS24ckGQItYNKFijB6fAkS_5BC0OMFy1PklbJ3XyFcFvbqrEwc7LQ7t5lb1_Pmy-D112bxP=w800-h500-k-no,https://lh3.googleusercontent.com/gps-cs-s/AHRPTWkCBmcncDQ9lbZa4Wf30DrRs1ZlBwnTl6do8UvsKd9JPUa1AVvMbTSGoIWu3eci4lS24ckGQItYNKFijB6fAkS_5BC0OMFy1PklbJ3XyFcFvbqrEwc7LQ7t5lb1_Pmy-D112bxP=w1600-h1000-k-no,https://lh4.googleusercontent.com/-ZAbr5DAny1U/AAAAAAAAAAI/AAAAAAAAAAA/596oMc_ox54/s44-p-k-no-ns-nd/photo.jpg,,,OPERATIONAL,"{""Monday"": [""8AM-9PM""], ""Tuesday"": [""8AM-9PM""], ""Wednesday"": [""8AM-9PM""], ""Thursday"": [""8AM-9PM""], ""Friday"": [""8AM-9PM""], ""Saturday"": [""8AM-9PM""], ""Sunday"": [""10AM-8PM""]}","Sunday,10AM,8PM|Monday,8AM,9PM|Tuesday,8AM,9PM|Wednesday,8AM,9PM|Thursday,8AM,9PM|Friday,8AM,9PM|Saturday,8AM,9PM",,,,,,,,,,"{""Accessibility"": {""Wheelchair-accessible entrance"": true}, ""Amenities"": {""Toilet"": false}, ""Payments"": {""Credit cards"": true, ""Debit cards"": true}}",,,TRUE,104678739233716544836,Diarco Barrio,https://www.google.com/maps/contrib/104678739233716544836,"https://www.google.com/maps/place/Diarco+Barrio/@-34.6131957,-58.379090999999995,14z/data=!4m8!1m2!2m1!1sDiarco+Barrio!3m4!1s0x95bccad6e9fc63cd:0x350d401168f8158e!8m2!3d-34.6131957!4d-58.379090999999995","https://www.google.com/maps/place/Diarco+Barrio/@-34.6131957,-58.379090999999995,13.99z/data=!4m16!1m7!3m6!1s0x95bccad6e9fc63cd:0x350d401168f8158e!2sDiarco+Barrio!8m2!3d-34.6131957!4d-58.379090999999995!16s%2Fg%2F11ckvg1dmb!3m7!1s0x95bccad6e9fc63cd:0x350d401168f8158e!8m2!3d-34.6131957!4d-58.379090999999995!9m1!1b1!16s%2Fg%2F11ckvg1dmb?entry=ttu",ChIJzWP86dbKvJURjhX4aBFADTU,0x95bccad6e9fc63cd:0x350d401168f8158e,3822782102227129742,/g/11f345kfr1,3822782102227129742
" Mayorista de alimentos, Zona Oeste, CABA, Zona Norte, Zona SUR",Makro,Makro,Mayorista,+54 11 4250-8000,http://www.makro.com.ar/,"Av. Calchaquí 500, B1879 Quilmes Oeste, Provincia de Buenos Aires",Av. Calchaquí 500,None,B1879,Argentina,AR,"-34,7323693","-58,2958834",89c2e3c44dbffff,America/Buenos_Aires,,FALSE,4,2789,https://search.google.com/local/reviews?placeid=ChIJ0e-tecIto5URP9X0Lo6JKM8&q=*&authuser=0&hl=en&gl=AR,,https://lh3.googleusercontent.com/gps-cs-s/AHRPTWmhh-jbApP_CITuU4UkCT_Z4xqNTEakQoWmu_ZAnYHfonBgnpx1naogu2Hex_weBMPQtAqgRSzsxL4kZVmUVEzBEAW-AujIWV_KBDIxjMaFHG_Rv-Dk6BZ_xbwhnRb5YgjTqfA=w800-h500-k-no,https://lh3.googleusercontent.com/gps-cs-s/AHRPTWmhh-jbApP_CITuU4UkCT_Z4xqNTEakQoWmu_ZAnYHfonBgnpx1naogu2Hex_weBMPQtAqgRSzsxL4kZVmUVEzBEAW-AujIWV_KBDIxjMaFHG_Rv-Dk6BZ_xbwhnRb5YgjTqfA=w1600-h1000-k-no,https://lh6.googleusercontent.com/-FwxnMm185RY/AAAAAAAAAAI/AAAAAAAAAAA/Xfrb2tE5ZIQ/s44-p-k-no-ns-nd/photo.jpg,,,OPERATIONAL,"{""Monday"": [""8AM-9PM""], ""Tuesday"": [""8AM-9PM""], ""Wednesday"": [""8AM-9PM""], ""Thursday"": [""8AM-9PM""], ""Friday"": [""8AM-9PM""], ""Saturday"": [""8AM-9PM""], ""Sunday"": [""9AM-8PM""]}","Sunday,9AM,8PM|Monday,8AM,9PM|Tuesday,8AM,9PM|Wednesday,8AM,9PM|Thursday,8AM,9PM|Friday,8AM,9PM|Saturday,8AM,9PM",,,,,,,,,,"{""Accessibility"": {""Wheelchair-accessible car park"": true, ""Wheelchair-accessible entrance"": true, ""Wheelchair-accessible toilet"": true}, ""Amenities"": {""Toilet"": true}, ""Payments"": {""Credit cards"": true, ""Debit cards"": true}, ""Parking"": {""Free parking lot"": true}}",,,TRUE,117853406065703493534,Makro,https://www.google.com/maps/contrib/117853406065703493534,"https://www.google.com/maps/place/Makro/@-34.732369299999995,-58.295883399999994,14z/data=!4m8!1m2!2m1!1sMakro!3m4!1s0x95a32dc279adefd1:0xcf28898e2ef4d53f!8m2!3d-34.732369299999995!4d-58.295883399999994","https://www.google.com/maps/place/Makro/@-34.732369299999995,-58.295883399999994,13.99z/data=!4m16!1m7!3m6!1s0x95a32dc279adefd1:0xcf28898e2ef4d53f!2sMakro!8m2!3d-34.732369299999995!4d-58.295883399999994!16s%2Fg%2F11ckvg1dmb!3m7!1s0x95a32dc279adefd1:0xcf28898e2ef4d53f!8m2!3d-34.732369299999995!4d-58.295883399999994!9m1!1b1!16s%2Fg%2F11ckvg1dmb?entry=ttu",ChIJ0e-tecIto5URP9X0Lo6JKM8,0x95a32dc279adefd1:0xcf28898e2ef4d53f,14927332208685667647,/g/1hcb63n0m,-3519411865023883969
" Mayorista de alimentos, Zona Oeste, CABA, Zona Norte, Zona SUR",Viento Norte,Viento Norte,Tienda naturista,+54 11 2788-1320,http://www.molinosvientonorte.com.ar/,"Av. 101 Dr. Ricardo Balbín 5679, B1653JIU Billinghurst, Provincia de Buenos Aires",Av. 101 Dr. Ricardo Balbín 5679,None,B1653,Argentina,AR,"-34,5622668","-58,582294",89c2e314417ffff,America/Buenos_Aires,,FALSE,"3,9",288,https://search.google.com/local/reviews?placeid=ChIJS2Dmj465vJUR-eePJW3APEE&q=*&authuser=0&hl=en&gl=AR,,https://lh3.googleusercontent.com/gps-cs-s/AHRPTWkACafMEfLR7sZL2LHzCLsXaQHfbVYbSwBENlHFCKfUXYkx9OHTDKsa-Hp8G_-yWmjh_LLrRprO28M4--Ma0LPQZ1RYQObhCf-Ad92caNuBJa8e05-R5BFDr4eZSIYiq6ZEYCw5=w800-h500-k-no,https://lh3.googleusercontent.com/gps-cs-s/AHRPTWkACafMEfLR7sZL2LHzCLsXaQHfbVYbSwBENlHFCKfUXYkx9OHTDKsa-Hp8G_-yWmjh_LLrRprO28M4--Ma0LPQZ1RYQObhCf-Ad92caNuBJa8e05-R5BFDr4eZSIYiq6ZEYCw5=w1600-h1000-k-no,https://lh4.googleusercontent.com/-nRxIpxmHw14/AAAAAAAAAAI/AAAAAAAAAAA/w1hgprkFKs8/s44-p-k-no-ns-nd/photo.jpg,,,OPERATIONAL,"{""Monday"": [""8AM-5PM""], ""Tuesday"": [""8AM-5PM""], ""Wednesday"": [""8AM-5PM""], ""Thursday"": [""8AM-5PM""], ""Friday"": [""8AM-5PM""], ""Saturday"": [""8AM-12:30PM""], ""Sunday"": [""Closed""]}","Monday,8AM,5PM|Tuesday,8AM,5PM|Wednesday,8AM,5PM|Thursday,8AM,5PM|Friday,8AM,5PM|Saturday,8AM,12:30PM",,,,,,,,,,"{""Service options"": {""Delivery"": true, ""In-store pick-up"": true, ""In-store shopping"": true}, ""Accessibility"": {""Wheelchair-accessible entrance"": true}, ""Planning"": {""Quick visit"": true}, ""Payments"": {""Credit cards"": true, ""Debit cards"": true, ""NFC mobile payments"": true}}",,,TRUE,100250263804893116264,Viento Norte,https://www.google.com/maps/contrib/100250263804893116264,"https://www.google.com/maps/place/Viento+Norte/@-34.562266799999996,-58.582294,14z/data=!4m8!1m2!2m1!1sViento+Norte!3m4!1s0x95bcb98e8fe6604b:0x413cc06d258fe7f9!8m2!3d-34.562266799999996!4d-58.582294","https://www.google.com/maps/place/Viento+Norte/@-34.562266799999996,-58.582294,13.99z/data=!4m16!1m7!3m6!1s0x95bcb98e8fe6604b:0x413cc06d258fe7f9!2sViento+Norte!8m2!3d-34.562266799999996!4d-58.582294!16s%2Fg%2F11ckvg1dmb!3m7!1s0x95bcb98e8fe6604b:0x413cc06d258fe7f9!8m2!3d-34.562266799999996!4d-58.582294!9m1!1b1!16s%2Fg%2F11ckvg1dmb?entry=ttu",ChIJS2Dmj465vJUR-eePJW3APEE,0x95bcb98e8fe6604b:0x413cc06d258fe7f9,4700843686082111481,/g/11bbrpk0jf,4700843686082111481
" Mayorista de alimentos, Zona Oeste, CABA, Zona Norte, Zona SUR",DBF Congelados Zona Oeste,Dbf Congelados Zona Oeste,Centro de negocios,,https://pency.app/dbfcongelados,"C. José María Paz 629, B1714 Ituzaingó, Provincia de Buenos Aires",C. José María Paz 629,None,B1714,Argentina,AR,"-34,6460241","-58,6674175",89c2e3bb633ffff,America/Buenos_Aires,,FALSE,5,16,https://search.google.com/local/reviews?placeid=ChIJW_o6BXq_vJURBrggD3LTtLY&q=*&authuser=0&hl=en&gl=AR,,https://streetviewpixels-pa.googleapis.com/v1/thumbnail?panoid=ZPvldKmSzBr-2xJvx0gS9Q&cb_client=search.gws-prod.gps&w=800&h=500&yaw=13.565323&pitch=0&thumbfov=100,https://streetviewpixels-pa.googleapis.com/v1/thumbnail?panoid=ZPvldKmSzBr-2xJvx0gS9Q&cb_client=search.gws-prod.gps&w=1600&h=1000&yaw=13.565323&pitch=0&thumbfov=100,,,,OPERATIONAL,"{""Monday"": [""Open 24 hours""], ""Tuesday"": [""9AM-1PM"", ""4:30-8:30PM""], ""Wednesday"": [""9AM-1:30PM"", ""4:30-8:30PM""], ""Thursday"": [""9AM-1PM"", ""4:30-8:30PM""], ""Friday"": [""9AM-1PM"", ""4:30-8:30PM""], ""Saturday"": [""10AM-1PM"", ""5-8PM""], ""Sunday"": [""Closed""]}","Monday,12:00 AM,12:00 AM|Tuesday,9AM,1PM|Tuesday,4:30,8:30PM|Wednesday,9AM,1:30PM|Wednesday,4:30,8:30PM|Thursday,9AM,1PM|Thursday,4:30,8:30PM|Friday,9AM,1PM|Friday,4:30,8:30PM|Saturday,10AM,1PM|Saturday,5,8PM",,,,,,,,,,,,,FALSE,None,DBF Congelados Zona Oeste,,"https://www.google.com/maps/place/DBF+Congelados+Zona+Oeste/@-34.6460241,-58.6674175,14z/data=!4m8!1m2!2m1!1sDBF+Congelados+Zona+Oeste!3m4!1s0x95bcbf7a053afa5b:0xb6b4d3720f20b806!8m2!3d-34.6460241!4d-58.6674175","https://www.google.com/maps/place/DBF+Congelados+Zona+Oeste/@-34.6460241,-58.6674175,13.99z/data=!4m16!1m7!3m6!1s0x95bcbf7a053afa5b:0xb6b4d3720f20b806!2sDBF+Congelados+Zona+Oeste!8m2!3d-34.6460241!4d-58.6674175!16s%2Fg%2F11ckvg1dmb!3m7!1s0x95bcbf7a053afa5b:0xb6b4d3720f20b806!8m2!3d-34.6460241!4d-58.6674175!9m1!1b1!16s%2Fg%2F11ckvg1dmb?entry=ttu",ChIJW_o6BXq_vJURBrggD3LTtLY,0x95bcbf7a053afa5b:0xb6b4d3720f20b806,13165380097544337414,/g/11c6qt1drl,-5281363976165214202
" Mayorista de alimentos, Zona Oeste, CABA, Zona Norte, Zona SUR",Supermayorista Vital | Loma Hermosa,Supermayorista Vital | Loma Hermosa,Tienda de comestibles mayorista,+54 11 4008-8888,http://www.vital.com.ar/,"Av. Bernabé Márquez 969, B1657 Loma Hermosa, Provincia de Buenos Aires",Av. Bernabé Márquez 969,None,B1657,Argentina,AR,"-34,5708555","-58,5943305",89c2e3163cfffff,America/Buenos_Aires,,FALSE,"4,2",3267,https://search.google.com/local/reviews?placeid=ChIJYzT4kZu5vJUR2yRuPj9gUjo&q=*&authuser=0&hl=en&gl=AR,,https://lh3.googleusercontent.com/gps-cs-s/AHRPTWlOqDpaBDK3_bNeHTX5ZhvkZOezWYrf1Rlj9r8qeeW9ETiPNXt-hQDkUqxsbSEXyl2DxWbxm6P-v9QRs8OBUYPP67NtFth0uN3q2pZNudljEG2Gi4GrwU1szZeefoQIJ7KaWUHvzw=w800-h500-k-no,https://lh3.googleusercontent.com/gps-cs-s/AHRPTWlOqDpaBDK3_bNeHTX5ZhvkZOezWYrf1Rlj9r8qeeW9ETiPNXt-hQDkUqxsbSEXyl2DxWbxm6P-v9QRs8OBUYPP67NtFth0uN3q2pZNudljEG2Gi4GrwU1szZeefoQIJ7KaWUHvzw=w1600-h1000-k-no,https://lh5.googleusercontent.com/-Odyhzy7WHRI/AAAAAAAAAAI/AAAAAAAAAAA/sFniJ-Qkr8Q/s44-p-k-no-ns-nd/photo.jpg,,,OPERATIONAL,"{""Monday"": [""8AM-8PM""], ""Tuesday"": [""8AM-8PM""], ""Wednesday"": [""8AM-8PM""], ""Thursday"": [""8AM-8PM""], ""Friday"": [""8AM-8PM""], ""Saturday"": [""8AM-8PM""], ""Sunday"": [""10AM-8PM""]}","Sunday,10AM,8PM|Monday,8AM,8PM|Tuesday,8AM,8PM|Wednesday,8AM,8PM|Thursday,8AM,8PM|Friday,8AM,8PM|Saturday,8AM,8PM",,,,,,,,,,"{""Service options"": {""Delivery"": false}, ""Accessibility"": {""Wheelchair-accessible car park"": true, ""Wheelchair-accessible entrance"": true, ""Wheelchair-accessible toilet"": true}, ""Amenities"": {""Toilet"": true}, ""Payments"": {""Credit cards"": true, ""Debit cards"": true, ""NFC mobile payments"": true}, ""Parking"": {""Free multi-storey car park"": true, ""Free parking lot"": true}}",,,TRUE,112299316631801408378,Supermayorista Vital | Loma Hermosa,https://www.google.com/maps/contrib/112299316631801408378,"https://www.google.com/maps/place/Supermayorista+Vital+%7C+Loma+Hermosa/@-34.5708555,-58.5943305,14z/data=!4m8!1m2!2m1!1sSupermayorista+Vital+%7C+Loma+Hermosa!3m4!1s0x95bcb99b91f83463:0x3a52603f3e6e24db!8m2!3d-34.5708555!4d-58.5943305","https://www.google.com/maps/place/Supermayorista+Vital+%7C+Loma+Hermosa/@-34.5708555,-58.5943305,13.99z/data=!4m16!1m7!3m6!1s0x95bcb99b91f83463:0x3a52603f3e6e24db!2sSupermayorista+Vital+%7C+Loma+Hermosa!8m2!3d-34.5708555!4d-58.5943305!16s%2Fg%2F11ckvg1dmb!3m7!1s0x95bcb99b91f83463:0x3a52603f3e6e24db!8m2!3d-34.5708555!4d-58.5943305!9m1!1b1!16s%2Fg%2F11ckvg1dmb?entry=ttu",ChIJYzT4kZu5vJUR2yRuPj9gUjo,0x95bcb99b91f83463:0x3a52603f3e6e24db,4202527227036706011,/g/11b6_przf2,4202527227036706011
" Mayorista de alimentos, Zona Oeste, CABA, Zona Norte, Zona SUR",SCR Distribuidora,Scr Distribuidora,Mayorista de bebidas alcohólicas,+54 11 6957-5387,https://www.scrdistribuidora.com/,"Lamadrid 1238, B1653 Villa Ballester, Provincia de Buenos Aires",Lamadrid 1238,None,B1653,Argentina,AR,"-34,5370068","-58,5465058",89c2e3151b3ffff,America/Buenos_Aires,,FALSE,"4,7",136,https://search.google.com/local/reviews?placeid=ChIJcTumC6awvJURRp1aO9X5yI0&q=*&authuser=0&hl=en&gl=AR,,https://lh3.googleusercontent.com/gps-cs-s/AHRPTWmgyyvN1netZAmBMTnZzoj4nUxKA1GojquVTGpsxyGjrS9ZQ1p79RF0v4GxuczRyNn7GeAubFqLcbTimU8dj_Lps6AzzwZFJhqU6Qi_-6L35EuOUc-btJothc4piubv03Ge01vV=w800-h500-k-no,https://lh3.googleusercontent.com/gps-cs-s/AHRPTWmgyyvN1netZAmBMTnZzoj4nUxKA1GojquVTGpsxyGjrS9ZQ1p79RF0v4GxuczRyNn7GeAubFqLcbTimU8dj_Lps6AzzwZFJhqU6Qi_-6L35EuOUc-btJothc4piubv03Ge01vV=w1600-h1000-k-no,https://lh5.googleusercontent.com/-JE7lQkLrOBM/AAAAAAAAAAI/AAAAAAAAAAA/wKsm2mVJcVM/s44-p-k-no-ns-nd/photo.jpg,,,OPERATIONAL,"{""Monday"": [""9:30AM-1PM"", ""2:30-6PM""], ""Tuesday"": [""9:30AM-1PM"", ""2:30-6PM""], ""Wednesday"": [""9:30AM-1PM"", ""2:30-6PM""], ""Thursday"": [""9:30AM-1PM"", ""2:30-7PM""], ""Friday"": [""9:30AM-1PM"", ""2:30-7PM""], ""Saturday"": [""9:30AM-1PM""], ""Sunday"": [""Closed""]}","Monday,9:30AM,1PM|Monday,2:30,6PM|Tuesday,9:30AM,1PM|Tuesday,2:30,6PM|Wednesday,9:30AM,1PM|Wednesday,2:30,6PM|Thursday,9:30AM,1PM|Thursday,2:30,7PM|Friday,9:30AM,1PM|Friday,2:30,7PM|Saturday,9:30AM,1PM",,,,,,,,,,"{""Service options"": {""On-site services"": true}, ""Amenities"": {""Toilet"": false}, ""Crowd"": {""LGBTQ+ friendly"": true, ""Transgender safe space"": true}, ""Payments"": {""Credit cards"": true, ""Debit cards"": true}, ""Parking"": {""Free multi-storey car park"": true, ""Free of charge street parking"": true, ""Free parking lot"": true, ""On-site parking"": true}, ""Other"": {""LGBTQ+ friendly"": true}}",,,TRUE,113955387950893638609,SCR Distribuidora,https://www.google.com/maps/contrib/113955387950893638609,"https://www.google.com/maps/place/SCR+Distribuidora/@-34.5370068,-58.5465058,14z/data=!4m8!1m2!2m1!1sSCR+Distribuidora!3m4!1s0x95bcb0a60ba63b71:0x8dc8f9d53b5a9d46!8m2!3d-34.5370068!4d-58.5465058","https://www.google.com/maps/place/SCR+Distribuidora/@-34.5370068,-58.5465058,13.99z/data=!4m16!1m7!3m6!1s0x95bcb0a60ba63b71:0x8dc8f9d53b5a9d46!2sSCR+Distribuidora!8m2!3d-34.5370068!4d-58.5465058!16s%2Fg%2F11ckvg1dmb!3m7!1s0x95bcb0a60ba63b71:0x8dc8f9d53b5a9d46!8m2!3d-34.5370068!4d-58.5465058!9m1!1b1!16s%2Fg%2F11ckvg1dmb?entry=ttu",ChIJcTumC6awvJURRp1aO9X5yI0,0x95bcb0a60ba63b71:0x8dc8f9d53b5a9d46,10216690448909114694,/g/1yglp_h69,-8230053624800436922
" Mayorista de alimentos, Zona Oeste, CABA, Zona Norte, Zona SUR",Don Antonio - Mayorista de Quesos y Fiambres,Don Antonio Mayorista De Quesos Y Fiambres,Tienda de neveras,+54 11 4573-3073,http://www.depositodonantonio.com/,"Av. de los Constituyentes 4211, C1431 Cdad. Autónoma de Buenos Aires",Av. de los Constituyentes 4211,"Villa Urquiza, Comuna 12",C1431,Argentina,AR,"-34,5837269","-58,489778",89c2e3108a7ffff,America/Buenos_Aires,,FALSE,"4,4",30,https://search.google.com/local/reviews?placeid=ChIJ6Tf0YUG2vJURuEu1FyguPL4&q=*&authuser=0&hl=en&gl=AR,,https://lh3.googleusercontent.com/gps-cs-s/AHRPTWmxe8xrKrz0WaIMi6cM2xQKN0YUQhpstcFti8Unj4wCawrfqxlwq0HZ99gyAgtvJP8B6H2DZCMs4CjoM3A7WmgGZ23rxIE2tHspW5Qaj175LshucSVZr20LId4CirabVYAoZZGX=w800-h500-k-no,https://lh3.googleusercontent.com/gps-cs-s/AHRPTWmxe8xrKrz0WaIMi6cM2xQKN0YUQhpstcFti8Unj4wCawrfqxlwq0HZ99gyAgtvJP8B6H2DZCMs4CjoM3A7WmgGZ23rxIE2tHspW5Qaj175LshucSVZr20LId4CirabVYAoZZGX=w1600-h1000-k-no,https://lh5.googleusercontent.com/-Xlxo7SX3q0w/AAAAAAAAAAI/AAAAAAAAAAA/lBXGaswHvCs/s44-p-k-no-ns-nd/photo.jpg,,,OPERATIONAL,"{""Monday"": [""8:30AM-3:30PM""], ""Tuesday"": [""8:30AM-3:30PM""], ""Wednesday"": [""8:30AM-3:30PM""], ""Thursday"": [""8:30AM-3:30PM""], ""Friday"": [""8:30AM-3:30PM""], ""Saturday"": [""8:30AM-1PM""], ""Sunday"": [""Closed""]}","Monday,8:30AM,3:30PM|Tuesday,8:30AM,3:30PM|Wednesday,8:30AM,3:30PM|Thursday,8:30AM,3:30PM|Friday,8:30AM,3:30PM|Saturday,8:30AM,1PM",,,,,,,,,,"{""Service options"": {""Delivery"": true, ""Same-day delivery"": true}, ""Accessibility"": {""Wheelchair-accessible car park"": false}, ""Planning"": {""Quick visit"": true}, ""Payments"": {""Debit cards"": true, ""NFC mobile payments"": true, ""Credit cards"": true}}",,,TRUE,106989366964654212230,Don Antonio - Mayorista de Quesos y Fiambres,https://www.google.com/maps/contrib/106989366964654212230,"https://www.google.com/maps/place/Don+Antonio+-+Mayorista+de+Quesos+y+Fiambres/@-34.583726899999995,-58.489777999999994,14z/data=!4m8!1m2!2m1!1sDon+Antonio+-+Mayorista+de+Quesos+y+Fiambres!3m4!1s0x95bcb64161f437e9:0xbe3c2e2817b54bb8!8m2!3d-34.583726899999995!4d-58.489777999999994","https://www.google.com/maps/place/Don+Antonio+-+Mayorista+de+Quesos+y+Fiambres/@-34.583726899999995,-58.489777999999994,13.99z/data=!4m16!1m7!3m6!1s0x95bcb64161f437e9:0xbe3c2e2817b54bb8!2sDon+Antonio+-+Mayorista+de+Quesos+y+Fiambres!8m2!3d-34.583726899999995!4d-58.489777999999994!16s%2Fg%2F11ckvg1dmb!3m7!1s0x95bcb64161f437e9:0xbe3c2e2817b54bb8!8m2!3d-34.583726899999995!4d-58.489777999999994!9m1!1b1!16s%2Fg%2F11ckvg1dmb?entry=ttu",ChIJ6Tf0YUG2vJURuEu1FyguPL4,0x95bcb64161f437e9:0xbe3c2e2817b54bb8,13707882115540274104,/g/11b70dr4ch,-4738861958169277512
" Mayorista de alimentos, Zona Oeste, CABA, Zona Norte, Zona SUR",YAGUAR Supermercado Mayorista,Yaguar Supermercado Mayorista,Mayorista,+54 11 3173-7115,https://www.yaguar.com.ar/jose-c-paz/,"Mateo Boots, José C. Paz, Provincia de Buenos Aires",Mateo Boots,None,None,Argentina,AR,"-34,5316147","-58,7708379",89c2e3a120bffff,America/Buenos_Aires,,FALSE,"4,2",637,https://search.google.com/local/reviews?placeid=ChIJ2wu5ACiYvJURuOZqQTSRC5E&q=*&authuser=0&hl=en&gl=AR,,https://lh3.googleusercontent.com/gps-cs-s/AHRPTWnXsWWrQC3Xyy-A8BqiCRVFpyglYbB9_mp7bceFtTvrbqyt8qSHaUQ4W_GfaM8Unx4HC2P4WIYPOri8haK9m5caqe4fZDji3O8wqK1MBFLln5fZTaIA2QQHuZ83-xLsgczn4iU=w800-h500-k-no,https://lh3.googleusercontent.com/gps-cs-s/AHRPTWnXsWWrQC3Xyy-A8BqiCRVFpyglYbB9_mp7bceFtTvrbqyt8qSHaUQ4W_GfaM8Unx4HC2P4WIYPOri8haK9m5caqe4fZDji3O8wqK1MBFLln5fZTaIA2QQHuZ83-xLsgczn4iU=w1600-h1000-k-no,https://lh4.googleusercontent.com/-dXW63CA_VqE/AAAAAAAAAAI/AAAAAAAAAAA/hTQWjgtxt9Q/s44-p-k-no-ns-nd/photo.jpg,,,OPERATIONAL,"{""Monday"": [""7AM-6PM""], ""Tuesday"": [""7AM-6PM""], ""Wednesday"": [""7AM-6PM""], ""Thursday"": [""7AM-6PM""], ""Friday"": [""7AM-6PM""], ""Saturday"": [""7AM-6PM""], ""Sunday"": [""Closed""]}","Monday,7AM,6PM|Tuesday,7AM,6PM|Wednesday,7AM,6PM|Thursday,7AM,6PM|Friday,7AM,6PM|Saturday,7AM,6PM",,,,,,,,,,"{""Accessibility"": {""Wheelchair-accessible car park"": true, ""Wheelchair-accessible entrance"": true}, ""Payments"": {""Credit cards"": true, ""Debit cards"": true}}",,,TRUE,102067332405158516562,YAGUAR Supermercado Mayorista,https://www.google.com/maps/contrib/102067332405158516562,"https://www.google.com/maps/place/YAGUAR+Supermercado+Mayorista/@-34.5316147,-58.7708379,14z/data=!4m8!1m2!2m1!1sYAGUAR+Supermercado+Mayorista!3m4!1s0x95bc982800b90bdb:0x910b9134416ae6b8!8m2!3d-34.5316147!4d-58.7708379","https://www.google.com/maps/place/YAGUAR+Supermercado+Mayorista/@-34.5316147,-58.7708379,13.99z/data=!4m16!1m7!3m6!1s0x95bc982800b90bdb:0x910b9134416ae6b8!2sYAGUAR+Supermercado+Mayorista!8m2!3d-34.5316147!4d-58.7708379!16s%2Fg%2F11ckvg1dmb!3m7!1s0x95bc982800b90bdb:0x910b9134416ae6b8!8m2!3d-34.5316147!4d-58.7708379!9m1!1b1!16s%2Fg%2F11ckvg1dmb?entry=ttu",ChIJ2wu5ACiYvJURuOZqQTSRC5E,0x95bc982800b90bdb:0x910b9134416ae6b8,10451607013865219768,/g/11cnksn1fr,-7995137059844331848
" Mayorista de alimentos, Zona Oeste, CABA, Zona Norte, Zona SUR",Distribuidora JP Unión Ganadera,Distribuidora Jp Unión Ganadera,Comercio,+54 11 7705-7892,http://distribuidorajp.com.ar/,"Av. San Martín 3214, B1678 Caseros, Provincia de Buenos Aires",Av. San Martín 3214,None,B1678,Argentina,AR,"-34,6123858","-58,5623279",89c2e38db8bffff,America/Buenos_Aires,,FALSE,"4,5",74,https://search.google.com/local/reviews?placeid=ChIJ3XkI-H25vJURaL1-DevvrUs&q=*&authuser=0&hl=en&gl=AR,,https://lh3.googleusercontent.com/gps-cs-s/AHRPTWn21wkW5A4AhQM8VY5dphVrLJeagIMPCbyhY-POPojLBtS0lvWKVcJaR8sbCL6ksHXJ8CtBGqtTEUq_s9bcjLdK1hyK2XJ4uVXvko774MYPFn7Shzr9DkJlnpCdG29hadq0ngFg=w800-h500-k-no,https://lh3.googleusercontent.com/gps-cs-s/AHRPTWn21wkW5A4AhQM8VY5dphVrLJeagIMPCbyhY-POPojLBtS0lvWKVcJaR8sbCL6ksHXJ8CtBGqtTEUq_s9bcjLdK1hyK2XJ4uVXvko774MYPFn7Shzr9DkJlnpCdG29hadq0ngFg=w1600-h1000-k-no,https://lh3.googleusercontent.com/-SxDTvjspOU4/AAAAAAAAAAI/AAAAAAAAAAA/xdBaJiE6blk/s44-p-k-no-ns-nd/photo.jpg,,,OPERATIONAL,"{""Monday"": [""9AM-1PM"", ""4-8PM""], ""Tuesday"": [""9AM-1PM"", ""4-8PM""], ""Wednesday"": [""9AM-1PM"", ""4-8PM""], ""Thursday"": [""9AM-1PM"", ""4-8PM""], ""Friday"": [""9AM-1PM"", ""4-8PM""], ""Saturday"": [""9AM-2PM"", ""5-8PM""], ""Sunday"": [""Closed""]}","Monday,9AM,1PM|Monday,4,8PM|Tuesday,9AM,1PM|Tuesday,4,8PM|Wednesday,9AM,1PM|Wednesday,4,8PM|Thursday,9AM,1PM|Thursday,4,8PM|Friday,9AM,1PM|Friday,4,8PM|Saturday,9AM,2PM|Saturday,5,8PM",,,,,,,,,,"{""Service options"": {""Delivery"": true, ""In-store pick-up"": true}, ""Accessibility"": {""Wheelchair-accessible entrance"": true, ""Wheelchair-accessible seating"": false, ""Wheelchair-accessible toilet"": false}, ""Amenities"": {""Wi-Fi"": true}, ""Crowd"": {""LGBTQ+ friendly"": true, ""Transgender safe space"": true}, ""Planning"": {""Quick visit"": true}, ""Payments"": {""Debit cards"": true, ""NFC mobile payments"": true, ""Credit cards"": true}, ""Other"": {""LGBTQ+ friendly"": true}}",,,TRUE,112862400440372681052,Distribuidora JP Unión Ganadera,https://www.google.com/maps/contrib/112862400440372681052,"https://www.google.com/maps/place/Distribuidora+JP+Uni%C3%B3n+Ganadera/@-34.6123858,-58.5623279,14z/data=!4m8!1m2!2m1!1sDistribuidora+JP+Uni%C3%B3n+Ganadera!3m4!1s0x95bcb97df80879dd:0x4badefeb0d7ebd68!8m2!3d-34.6123858!4d-58.5623279","https://www.google.com/maps/place/Distribuidora+JP+Uni%C3%B3n+Ganadera/@-34.6123858,-58.5623279,13.99z/data=!4m16!1m7!3m6!1s0x95bcb97df80879dd:0x4badefeb0d7ebd68!2sDistribuidora+JP+Uni%C3%B3n+Ganadera!8m2!3d-34.6123858!4d-58.5623279!16s%2Fg%2F11ckvg1dmb!3m7!1s0x95bcb97df80879dd:0x4badefeb0d7ebd68!8m2!3d-34.6123858!4d-58.5623279!9m1!1b1!16s%2Fg%2F11ckvg1dmb?entry=ttu",ChIJ3XkI-H25vJURaL1-DevvrUs,0x95bcb97df80879dd:0x4badefeb0d7ebd68,5453278516638301544,/g/11fwzc1yng,5453278516638301544
" Mayorista de alimentos, Zona Oeste, CABA, Zona Norte, Zona SUR",Diarco Barrio,Diarco Barrio,Mayorista,+54 11 5082-8000,https://www.diarco.com.ar/,"Alvear 2335, B1653 Villa Ballester, Provincia de Buenos Aires",Alvear 2335,None,B1653,Argentina,AR,"-34,54688","-58,5509636",89c2e3142d3ffff,America/Buenos_Aires,,FALSE,"3,6",343,https://search.google.com/local/reviews?placeid=ChIJm7tpfZe3vJURBJ9bG3YukWY&q=*&authuser=0&hl=en&gl=AR,,https://lh3.googleusercontent.com/gps-cs-s/AHRPTWkOSRdhCeNYqcRxvFKIQP7TRsuc62ShkjxYNkubl_3fe_duUgpVklHDcu5pyYBqFRaLras9OM3A7rEWMSEU8WHwYEYnkoB-oHdlN7tYVQYNGFXqtbgrCXOkX6OuxbVtCKAASnps=w800-h500-k-no,https://lh3.googleusercontent.com/gps-cs-s/AHRPTWkOSRdhCeNYqcRxvFKIQP7TRsuc62ShkjxYNkubl_3fe_duUgpVklHDcu5pyYBqFRaLras9OM3A7rEWMSEU8WHwYEYnkoB-oHdlN7tYVQYNGFXqtbgrCXOkX6OuxbVtCKAASnps=w1600-h1000-k-no,https://lh6.googleusercontent.com/-meJc7PVh4PI/AAAAAAAAAAI/AAAAAAAAAAA/DHUqVEzmifg/s44-p-k-no-ns-nd/photo.jpg,,,OPERATIONAL,"{""Monday"": [""8AM-9PM""], ""Tuesday"": [""8AM-9PM""], ""Wednesday"": [""8AM-9PM""], ""Thursday"": [""8AM-9PM""], ""Friday"": [""8AM-9PM""], ""Saturday"": [""8AM-9PM""], ""Sunday"": [""10AM-8PM""]}","Sunday,10AM,8PM|Monday,8AM,9PM|Tuesday,8AM,9PM|Wednesday,8AM,9PM|Thursday,8AM,9PM|Friday,8AM,9PM|Saturday,8AM,9PM",,,,,,,,,,"{""Accessibility"": {""Wheelchair-accessible entrance"": true}, ""Payments"": {""Credit cards"": true, ""Debit cards"": true}}",,,TRUE,109622948882211929858,Diarco Barrio,https://www.google.com/maps/contrib/109622948882211929858,"https://www.google.com/maps/place/Diarco+Barrio/@-34.54688,-58.550963599999996,14z/data=!4m8!1m2!2m1!1sDiarco+Barrio!3m4!1s0x95bcb7977d69bb9b:0x66912e761b5b9f04!8m2!3d-34.54688!4d-58.550963599999996","https://www.google.com/maps/place/Diarco+Barrio/@-34.54688,-58.550963599999996,13.99z/data=!4m16!1m7!3m6!1s0x95bcb7977d69bb9b:0x66912e761b5b9f04!2sDiarco+Barrio!8m2!3d-34.54688!4d-58.550963599999996!16s%2Fg%2F11ckvg1dmb!3m7!1s0x95bcb7977d69bb9b:0x66912e761b5b9f04!8m2!3d-34.54688!4d-58.550963599999996!9m1!1b1!16s%2Fg%2F11ckvg1dmb?entry=ttu",ChIJm7tpfZe3vJURBJ9bG3YukWY,0x95bcb7977d69bb9b:0x66912e761b5b9f04,7390739548291702532,/g/11qqjmq12j,7390739548291702532
" Mayorista de alimentos, Zona Oeste, CABA, Zona Norte, Zona SUR",Luvianka - Frigorífico Red Deer S.R.L.,Luvianka Frigorífico Red Deer S R L,Mayorista de carnes,+54 11 4204-5808,https://fiambresluvianka.com.ar/,"Tte. Coronel Lafuente 740, B1869 Gerli, Provincia de Buenos Aires",Tte. Coronel Lafuente 740,None,B1869,Argentina,AR,"-34,6787563","-58,3719657",89c2e313643ffff,America/Buenos_Aires,,FALSE,"4,4",56,https://search.google.com/local/reviews?placeid=ChIJLRhM3srMvJUR66Inp9F8nu0&q=*&authuser=0&hl=en&gl=AR,,https://lh3.googleusercontent.com/gps-cs-s/AHRPTWlrI4JfcNUEdb8JBCRmEHk8Cl-GXcko6jitmGrwVEDfAM4GahX-Z_2_KQzFyi2pd-Vk6GLTXLAz-C2O98xJMnnE5crG1UOrsaBZJhQN9KXsTRkp3uKpQLmps96KXoYTR4q1DoE8=w800-h500-k-no,https://lh3.googleusercontent.com/gps-cs-s/AHRPTWlrI4JfcNUEdb8JBCRmEHk8Cl-GXcko6jitmGrwVEDfAM4GahX-Z_2_KQzFyi2pd-Vk6GLTXLAz-C2O98xJMnnE5crG1UOrsaBZJhQN9KXsTRkp3uKpQLmps96KXoYTR4q1DoE8=w1600-h1000-k-no,,,,OPERATIONAL,,,,,,,,,,,,,,,FALSE,None,Luvianka - Frigorífico Red Deer S.R.L.,,"https://www.google.com/maps/place/Luvianka+-+Frigor%C3%ADfico+Red+Deer+S.R.L./@-34.678756299999996,-58.3719657,14z/data=!4m8!1m2!2m1!1sLuvianka+-+Frigor%C3%ADfico+Red+Deer+S.R.L.!3m4!1s0x95bccccade4c182d:0xed9e7cd1a727a2eb!8m2!3d-34.678756299999996!4d-58.3719657","https://www.google.com/maps/place/Luvianka+-+Frigor%C3%ADfico+Red+Deer+S.R.L./@-34.678756299999996,-58.3719657,13.99z/data=!4m16!1m7!3m6!1s0x95bccccade4c182d:0xed9e7cd1a727a2eb!2sLuvianka+-+Frigor%C3%ADfico+Red+Deer+S.R.L.!8m2!3d-34.678756299999996!4d-58.3719657!16s%2Fg%2F11ckvg1dmb!3m7!1s0x95bccccade4c182d:0xed9e7cd1a727a2eb!8m2!3d-34.678756299999996!4d-58.3719657!9m1!1b1!16s%2Fg%2F11ckvg1dmb?entry=ttu",ChIJLRhM3srMvJUR66Inp9F8nu0,0x95bccccade4c182d:0xed9e7cd1a727a2eb,17122260073203606251,/g/1tff_pv1,-1324484000505945365
"Distribuidora de golosinas, Zona Oeste, CABA, Zona Norte, Zona SUR",Mayorista Segurola,Mayorista Segurola,Mayorista de confitería,+54 11 5484-8776,http://www.mayoristasegurola.com.ar/,"Segurola 665, C1407 Cdad. Autónoma de Buenos Aires",Segurola 665,"Floresta, Comuna 10",C1407,Argentina,AR,"-34,6286999","-58,4887434",89c2e31285bffff,America/Buenos_Aires,,FALSE,"4,6",18,https://search.google.com/local/reviews?placeid=ChIJcYeK1WjJvJURc_yhx7JYblI&q=*&authuser=0&hl=en&gl=AR,,https://lh3.googleusercontent.com/gps-cs-s/AHRPTWmb_JIwCehQExTksgNE6ugjEIFYiM03mRHJIAuuHWsYXNLHHy-8XFP98umWkES0T1s4IpVJqVljzq-3R1EfEdnHxIH7A6RaWBBPFUhwMm3Q7YeiVjBcBlpsuCt2oLgL56Lq8ao-=w800-h500-k-no,https://lh3.googleusercontent.com/gps-cs-s/AHRPTWmb_JIwCehQExTksgNE6ugjEIFYiM03mRHJIAuuHWsYXNLHHy-8XFP98umWkES0T1s4IpVJqVljzq-3R1EfEdnHxIH7A6RaWBBPFUhwMm3Q7YeiVjBcBlpsuCt2oLgL56Lq8ao-=w1600-h1000-k-no,https://lh3.googleusercontent.com/-nnI7MbetbDA/AAAAAAAAAAI/AAAAAAAAAAA/YmTBy78-s8M/s44-p-k-no-ns-nd/photo.jpg,,,OPERATIONAL,"{""Monday"": [""9AM-1:30PM"", ""4-6:30PM""], ""Tuesday"": [""9AM-1:30PM"", ""4-6:30PM""], ""Wednesday"": [""9AM-1:30PM"", ""4-6:30PM""], ""Thursday"": [""9AM-1:30PM"", ""4-6:30PM""], ""Friday"": [""9AM-1:30PM"", ""4-6:30PM""], ""Saturday"": [""9AM-1:30PM""], ""Sunday"": [""Closed""]}","Monday,9AM,1:30PM|Monday,4,6:30PM|Tuesday,9AM,1:30PM|Tuesday,4,6:30PM|Wednesday,9AM,1:30PM|Wednesday,4,6:30PM|Thursday,9AM,1:30PM|Thursday,4,6:30PM|Friday,9AM,1:30PM|Friday,4,6:30PM|Saturday,9AM,1:30PM",,,,,,,,,,"{""Payments"": {""Debit cards"": true}}",,,TRUE,118059931645772994018,Mayorista Segurola,https://www.google.com/maps/contrib/118059931645772994018,"https://www.google.com/maps/place/Mayorista+Segurola/@-34.6286999,-58.4887434,14z/data=!4m8!1m2!2m1!1sMayorista+Segurola!3m4!1s0x95bcc968d58a8771:0x526e58b2c7a1fc73!8m2!3d-34.6286999!4d-58.4887434","https://www.google.com/maps/place/Mayorista+Segurola/@-34.6286999,-58.4887434,13.99z/data=!4m16!1m7!3m6!1s0x95bcc968d58a8771:0x526e58b2c7a1fc73!2sMayorista+Segurola!8m2!3d-34.6286999!4d-58.4887434!16s%2Fg%2F11ckvg1dmb!3m7!1s0x95bcc968d58a8771:0x526e58b2c7a1fc73!8m2!3d-34.6286999!4d-58.4887434!9m1!1b1!16s%2Fg%2F11ckvg1dmb?entry=ttu",ChIJcYeK1WjJvJURc_yhx7JYblI,0x95bcc968d58a8771:0x526e58b2c7a1fc73,5939782483424967795,/g/11h0bx6dpz,5939782483424967795
"Distribuidora de golosinas, Zona Oeste, CABA, Zona Norte, Zona SUR",Atenas house sweets and cigars wholesale and retail,Atenas House Sweets And Cigars Wholesale And Retail,Tienda de golosinas,+54 11 4826-1660,,"Pres. José Evaristo Uriburu 1149, C1114AAG Cdad. Autónoma de Buenos Aires",Pres. José Evaristo Uriburu 1149,"Barrio Norte, Recoleta, Comuna 2",C1114,Argentina,AR,"-34,5948196","-58,3981972",89c2e311e0fffff,America/Buenos_Aires,,FALSE,"4,4",49,https://search.google.com/local/reviews?placeid=ChIJT7VM_ZbKvJURcbJ6Zphn8Hs&q=*&authuser=0&hl=en&gl=AR,,https://lh3.googleusercontent.com/gps-cs-s/AHRPTWkOdLJfq_UuuzZn8Ln-6BJ-w7yIJDLseGJuRYoejHZigICq-H1Yoro9xjG8RDqPojJ0MqGVBKZlihluvtcVdGM3O-TjcxSrfHoixWtwW_0iO1Ecb6TlVRkVxzMX8Zq_5Ezkpic=w800-h500-k-no,https://lh3.googleusercontent.com/gps-cs-s/AHRPTWkOdLJfq_UuuzZn8Ln-6BJ-w7yIJDLseGJuRYoejHZigICq-H1Yoro9xjG8RDqPojJ0MqGVBKZlihluvtcVdGM3O-TjcxSrfHoixWtwW_0iO1Ecb6TlVRkVxzMX8Zq_5Ezkpic=w1600-h1000-k-no,https://lh6.googleusercontent.com/-QM2fGTunRr8/AAAAAAAAAAI/AAAAAAAAAAA/Cl0_waVzchM/s44-p-k-no-ns-nd/photo.jpg,,,OPERATIONAL,"{""Monday"": [""9:30AM-7:30PM""], ""Tuesday"": [""9:30AM-7:30PM""], ""Wednesday"": [""9:30AM-7:30PM""], ""Thursday"": [""9:30AM-7:30PM""], ""Friday"": [""9:30AM-7:30PM""], ""Saturday"": [""10AM-3PM""], ""Sunday"": [""Closed""]}","Monday,9:30AM,7:30PM|Tuesday,9:30AM,7:30PM|Wednesday,9:30AM,7:30PM|Thursday,9:30AM,7:30PM|Friday,9:30AM,7:30PM|Saturday,10AM,3PM",,,,,,,,,,"{""Accessibility"": {""Wheelchair-accessible car park"": false}, ""Planning"": {""Quick visit"": true}, ""Payments"": {""Debit cards"": true, ""NFC mobile payments"": true, ""Credit cards"": true}}",,,TRUE,102480095288803423666,Atenas house sweets and cigars wholesale and retail,https://www.google.com/maps/contrib/102480095288803423666,"https://www.google.com/maps/place/Atenas+house+sweets+and+cigars+wholesale+and+retail/@-34.5948196,-58.3981972,14z/data=!4m8!1m2!2m1!1sAtenas+house+sweets+and+cigars+wholesale+and+retail!3m4!1s0x95bcca96fd4cb54f:0x7bf06798667ab271!8m2!3d-34.5948196!4d-58.3981972","https://www.google.com/maps/place/Atenas+house+sweets+and+cigars+wholesale+and+retail/@-34.5948196,-58.3981972,13.99z/data=!4m16!1m7!3m6!1s0x95bcca96fd4cb54f:0x7bf06798667ab271!2sAtenas+house+sweets+and+cigars+wholesale+and+retail!8m2!3d-34.5948196!4d-58.3981972!16s%2Fg%2F11ckvg1dmb!3m7!1s0x95bcca96fd4cb54f:0x7bf06798667ab271!8m2!3d-34.5948196!4d-58.3981972!9m1!1b1!16s%2Fg%2F11ckvg1dmb?entry=ttu",ChIJT7VM_ZbKvJURcbJ6Zphn8Hs,0x95bcca96fd4cb54f:0x7bf06798667ab271,8930751965327700593,/g/11bc7g1jdw,8930751965327700593
"Distribuidora de golosinas, Zona Oeste, CABA, Zona Norte, Zona SUR",Golosinas La Estación,Golosinas La Estación,Mayorista de confitería,+54 11 4304-0980,https://golosinaslaestacion.com/,"Lima 1815, C1138 Cdad. Autónoma de Buenos Aires",Lima 1815,"Constitución, Buenos Aires, Comuna 1",C1138,Argentina,AR,"-34,6292378","-58,3815617",89c2e311017ffff,America/Buenos_Aires,,FALSE,"4,7",15,https://search.google.com/local/reviews?placeid=ChIJB1ZQMLzLvJUR6Xcjr9DQpLA&q=*&authuser=0&hl=en&gl=AR,,https://lh3.googleusercontent.com/gps-cs-s/AHRPTWk3uYw2mj4OufDryZCXytN7cbLNaapScPOn2epdFoOVVqULCBAley_aj5Zk0fZSflGgbQ6OwobMXL1Tl2uInQjvZu8cyxHM-lVdDfWAsVxAzc3E_tmYeXGLlQPpJmpk6MQkV9D1=w800-h500-k-no,https://lh3.googleusercontent.com/gps-cs-s/AHRPTWk3uYw2mj4OufDryZCXytN7cbLNaapScPOn2epdFoOVVqULCBAley_aj5Zk0fZSflGgbQ6OwobMXL1Tl2uInQjvZu8cyxHM-lVdDfWAsVxAzc3E_tmYeXGLlQPpJmpk6MQkV9D1=w1600-h1000-k-no,https://lh6.googleusercontent.com/-Sc08_fIv9Vw/AAAAAAAAAAI/AAAAAAAAAAA/5IFKmuDtU7o/s44-p-k-no-ns-nd/photo.jpg,,,OPERATIONAL,"{""Monday"": [""9AM-6PM""], ""Tuesday"": [""9AM-6PM""], ""Wednesday"": [""9AM-6PM""], ""Thursday"": [""9AM-6PM""], ""Friday"": [""9AM-6PM""], ""Saturday"": [""9AM-5PM""], ""Sunday"": [""Closed""]}","Monday,9AM,6PM|Tuesday,9AM,6PM|Wednesday,9AM,6PM|Thursday,9AM,6PM|Friday,9AM,6PM|Saturday,9AM,5PM",,,,,,,,,,"{""Accessibility"": {""Wheelchair-accessible car park"": false}, ""Payments"": {""Credit cards"": true, ""Debit cards"": true}}",,,TRUE,114858580717607382453,Golosinas La Estación,https://www.google.com/maps/contrib/114858580717607382453,"https://www.google.com/maps/place/Golosinas+La+Estaci%C3%B3n/@-34.6292378,-58.3815617,14z/data=!4m8!1m2!2m1!1sGolosinas+La+Estaci%C3%B3n!3m4!1s0x95bccbbc30505607:0xb0a4d0d0af2377e9!8m2!3d-34.6292378!4d-58.3815617","https://www.google.com/maps/place/Golosinas+La+Estaci%C3%B3n/@-34.6292378,-58.3815617,13.99z/data=!4m16!1m7!3m6!1s0x95bccbbc30505607:0xb0a4d0d0af2377e9!2sGolosinas+La+Estaci%C3%B3n!8m2!3d-34.6292378!4d-58.3815617!16s%2Fg%2F11ckvg1dmb!3m7!1s0x95bccbbc30505607:0xb0a4d0d0af2377e9!8m2!3d-34.6292378!4d-58.3815617!9m1!1b1!16s%2Fg%2F11ckvg1dmb?entry=ttu",ChIJB1ZQMLzLvJUR6Xcjr9DQpLA,0x95bccbbc30505607:0xb0a4d0d0af2377e9,12728528041565976553,/g/11jh34f37x,-5718216032143575063
"Distribuidora de golosinas, Zona Oeste, CABA, Zona Norte, Zona SUR",La Golosinería ONCE,La Golosinería Once,Tienda de golosinas,+54 11 5263-9520,http://www.lagolosineria.com.ar/,"Av. Rivadavia 2504, C1034ACR Cdad. Autónoma de Buenos Aires",Av. Rivadavia 2504,"Balvanera, Comuna 3",C1034,Argentina,AR,"-34,6099936","-58,4020113",89c2e31112bffff,America/Buenos_Aires,,FALSE,"4,3",439,https://search.google.com/local/reviews?placeid=ChIJWQe27u7KvJURJz-762sqtXQ&q=*&authuser=0&hl=en&gl=AR,,https://lh3.googleusercontent.com/gps-cs-s/AHRPTWlQd-MqGnjezRpsoJrD999Wm8Ncw1NnQfS36UyHGTg4Qi7Zi5i1XQdahNmWtKKazg2zCbT9HhmkeSBvmpo6kicfHTRAx5BrtfVpFfeWXt_Q-b90HoH8ZitrCoBz9jA8pOCoV5sX=w800-h500-k-no,https://lh3.googleusercontent.com/gps-cs-s/AHRPTWlQd-MqGnjezRpsoJrD999Wm8Ncw1NnQfS36UyHGTg4Qi7Zi5i1XQdahNmWtKKazg2zCbT9HhmkeSBvmpo6kicfHTRAx5BrtfVpFfeWXt_Q-b90HoH8ZitrCoBz9jA8pOCoV5sX=w1600-h1000-k-no,https://lh5.googleusercontent.com/-mksFxUUPdkQ/AAAAAAAAAAI/AAAAAAAAAAA/VZHZlxZ90tE/s44-p-k-no-ns-nd/photo.jpg,,,OPERATIONAL,"{""Monday"": [""9AM-8PM""], ""Tuesday"": [""9AM-8PM""], ""Wednesday"": [""9AM-8PM""], ""Thursday"": [""9AM-8PM""], ""Friday"": [""9AM-8PM""], ""Saturday"": [""9AM-8PM""], ""Sunday"": [""Closed""]}","Monday,9AM,8PM|Tuesday,9AM,8PM|Wednesday,9AM,8PM|Thursday,9AM,8PM|Friday,9AM,8PM|Saturday,9AM,8PM",,,,,,,,,,"{""Service options"": {""Delivery"": true}, ""Accessibility"": {""Wheelchair-accessible car park"": false, ""Wheelchair-accessible entrance"": false}, ""Planning"": {""Quick visit"": true}, ""Payments"": {""Credit cards"": true, ""Debit cards"": true, ""NFC mobile payments"": true}}",,,TRUE,101982449574857054635,La Golosinería ONCE,https://www.google.com/maps/contrib/101982449574857054635,"https://www.google.com/maps/place/La+Golosiner%C3%ADa+ONCE/@-34.609993599999996,-58.4020113,14z/data=!4m8!1m2!2m1!1sLa+Golosiner%C3%ADa+ONCE!3m4!1s0x95bccaeeeeb60759:0x74b52a6bebbb3f27!8m2!3d-34.609993599999996!4d-58.4020113","https://www.google.com/maps/place/La+Golosiner%C3%ADa+ONCE/@-34.609993599999996,-58.4020113,13.99z/data=!4m16!1m7!3m6!1s0x95bccaeeeeb60759:0x74b52a6bebbb3f27!2sLa+Golosiner%C3%ADa+ONCE!8m2!3d-34.609993599999996!4d-58.4020113!16s%2Fg%2F11ckvg1dmb!3m7!1s0x95bccaeeeeb60759:0x74b52a6bebbb3f27!8m2!3d-34.609993599999996!4d-58.4020113!9m1!1b1!16s%2Fg%2F11ckvg1dmb?entry=ttu",ChIJWQe27u7KvJURJz-762sqtXQ,0x95bccaeeeeb60759:0x74b52a6bebbb3f27,8409674522189053735,/g/1th29lhs,8409674522189053735
"Distribuidora de golosinas, Zona Oeste, CABA, Zona Norte, Zona SUR",Central De Golosinas,Central De Golosinas,Tienda de golosinas,+54 11 4786-0104,,"Echeverría 3096, C1428DSD Cdad. Autónoma de Buenos Aires",Echeverría 3096,"Belgrano Residencial, Belgrano, Comuna 13",C1428,Argentina,AR,"-34,5668565","-58,4622548",89c2e302487ffff,America/Buenos_Aires,,FALSE,"4,8",25,https://search.google.com/local/reviews?placeid=ChIJm-8IGda1vJUR1rx-LZ2jNyo&q=*&authuser=0&hl=en&gl=AR,,https://lh3.googleusercontent.com/gps-cs-s/AHRPTWnQ38E0-e4zVF-gPRtwGbCHP49DiubE2vDnFfQU1eczuua3EaWsxP5Y_yXJZLekOcuAdOm9_jHbSaDR_4EacXtewOsR0DTqQdAoOVcJPp8Di_2V6cO-x3rTZE2zP1CVfPcHlwPeR7nZ132n=w800-h500-k-no,https://lh3.googleusercontent.com/gps-cs-s/AHRPTWnQ38E0-e4zVF-gPRtwGbCHP49DiubE2vDnFfQU1eczuua3EaWsxP5Y_yXJZLekOcuAdOm9_jHbSaDR_4EacXtewOsR0DTqQdAoOVcJPp8Di_2V6cO-x3rTZE2zP1CVfPcHlwPeR7nZ132n=w1600-h1000-k-no,,,,OPERATIONAL,"{""Monday"": [""8AM-7PM""], ""Tuesday"": [""8AM-7PM""], ""Wednesday"": [""8AM-7PM""], ""Thursday"": [""8AM-7PM""], ""Friday"": [""8AM-7PM""], ""Saturday"": [""8AM-1PM""], ""Sunday"": [""Closed""]}","Monday,8AM,7PM|Tuesday,8AM,7PM|Wednesday,8AM,7PM|Thursday,8AM,7PM|Friday,8AM,7PM|Saturday,8AM,1PM",,,,,,,,,,"{""Service options"": {""Delivery"": true}, ""Accessibility"": {""Wheelchair-accessible car park"": false}, ""Planning"": {""Quick visit"": true}, ""Payments"": {""Credit cards"": true, ""Debit cards"": true, ""NFC mobile payments"": true}}",,,FALSE,None,Central De Golosinas,,"https://www.google.com/maps/place/Central+De+Golosinas/@-34.5668565,-58.4622548,14z/data=!4m8!1m2!2m1!1sCentral+De+Golosinas!3m4!1s0x95bcb5d61908ef9b:0x2a37a39d2d7ebcd6!8m2!3d-34.5668565!4d-58.4622548","https://www.google.com/maps/place/Central+De+Golosinas/@-34.5668565,-58.4622548,13.99z/data=!4m16!1m7!3m6!1s0x95bcb5d61908ef9b:0x2a37a39d2d7ebcd6!2sCentral+De+Golosinas!8m2!3d-34.5668565!4d-58.4622548!16s%2Fg%2F11ckvg1dmb!3m7!1s0x95bcb5d61908ef9b:0x2a37a39d2d7ebcd6!8m2!3d-34.5668565!4d-58.4622548!9m1!1b1!16s%2Fg%2F11ckvg1dmb?entry=ttu",ChIJm-8IGda1vJUR1rx-LZ2jNyo,0x95bcb5d61908ef9b:0x2a37a39d2d7ebcd6,3042079968780532950,/g/11ddw_1hzn,3042079968780532950
"Distribuidora de golosinas, Zona Oeste, CABA, Zona Norte, Zona SUR",Compañía de Golosinas,Compañía De Golosinas,Tienda de golosinas,,,"Av. Pueyrredón 1033, C1118AAA, C1118AAA Cdad. Autónoma de Buenos Aires","Av. Pueyrredón 1033, C1118AAA","Barrio Norte, Recoleta, Comuna 2",C1118,Argentina,AR,"-34,5981175","-58,4034531",89c2e311eabffff,America/Buenos_Aires,,FALSE,"4,2",141,https://search.google.com/local/reviews?placeid=ChIJmYFKEmDLvJURIwfDlLCFi4I&q=*&authuser=0&hl=en&gl=AR,,https://lh3.googleusercontent.com/gps-cs-s/AHRPTWl3kN0ujxVY4RgLPgCRHvP1v0vg_xP-035f58cPcXfGdOzJfMJ0LE0XnP0JRDfTWwDIV2y9oF_UQyGYB8ojFMmRfIwa-tTTeTUqdDHuyawFIpmwuY77abWl3YN4iSdzbIGq-1ZQ=w800-h500-k-no,https://lh3.googleusercontent.com/gps-cs-s/AHRPTWl3kN0ujxVY4RgLPgCRHvP1v0vg_xP-035f58cPcXfGdOzJfMJ0LE0XnP0JRDfTWwDIV2y9oF_UQyGYB8ojFMmRfIwa-tTTeTUqdDHuyawFIpmwuY77abWl3YN4iSdzbIGq-1ZQ=w1600-h1000-k-no,,,,OPERATIONAL,"{""Monday"": [""8AM-7:30PM""], ""Tuesday"": [""8AM-7:30PM""], ""Wednesday"": [""8AM-7:30PM""], ""Thursday"": [""8AM-7:30PM""], ""Friday"": [""8AM-7:30PM""], ""Saturday"": [""10AM-7:30PM""], ""Sunday"": [""10AM-2:30PM""]}","Sunday,10AM,2:30PM|Monday,8AM,7:30PM|Tuesday,8AM,7:30PM|Wednesday,8AM,7:30PM|Thursday,8AM,7:30PM|Friday,8AM,7:30PM|Saturday,10AM,7:30PM",,,,,,,,,,"{""Accessibility"": {""Wheelchair-accessible car park"": false}, ""Planning"": {""Quick visit"": true}, ""Payments"": {""Credit cards"": true, ""Debit cards"": true, ""NFC mobile payments"": true}}",,,FALSE,None,Compañía de Golosinas,,"https://www.google.com/maps/place/Compa%C3%B1%C3%ADa+de+Golosinas/@-34.5981175,-58.4034531,14z/data=!4m8!1m2!2m1!1sCompa%C3%B1%C3%ADa+de+Golosinas!3m4!1s0x95bccb60124a8199:0x828b85b094c30723!8m2!3d-34.5981175!4d-58.4034531","https://www.google.com/maps/place/Compa%C3%B1%C3%ADa+de+Golosinas/@-34.5981175,-58.4034531,13.99z/data=!4m16!1m7!3m6!1s0x95bccb60124a8199:0x828b85b094c30723!2sCompa%C3%B1%C3%ADa+de+Golosinas!8m2!3d-34.5981175!4d-58.4034531!16s%2Fg%2F11ckvg1dmb!3m7!1s0x95bccb60124a8199:0x828b85b094c30723!8m2!3d-34.5981175!4d-58.4034531!9m1!1b1!16s%2Fg%2F11ckvg1dmb?entry=ttu",ChIJmYFKEmDLvJURIwfDlLCFi4I,0x95bccb60124a8199:0x828b85b094c30723,9406759240149960483,/g/11h0xns_q6,-9039984833559591133
"Distribuidora de golosinas, Zona Oeste, CABA, Zona Norte, Zona SUR",La Golosinería BALVANERA,La Golosinería Balvanera,Tienda de golosinas,+54 11 5263-9520,http://www.lagolosineria.com.ar/,"Av. Rivadavia 2181, C1013 Cdad. Autónoma de Buenos Aires",Av. Rivadavia 2181,"Balvanera, Comuna 3",C1013,Argentina,AR,"-34,6094218","-58,3972512",89c2e311163ffff,America/Buenos_Aires,,FALSE,"4,2",1138,https://search.google.com/local/reviews?placeid=ChIJkzS1MOjKvJURzxBkulno_dM&q=*&authuser=0&hl=en&gl=AR,,https://lh3.googleusercontent.com/gps-cs-s/AHRPTWnXcDM7ggw0qgwKrTVqWLMOeUN5eW3agn3WQcLFVJ_lqqZuEbzp6m9ZnLahQAdtvw34s4NUPugV2vXYD27B7zCzoJEb3eplaqLQThh3azsdEiiJ8W6oMweF0N7YrvcikMQIOqk=w800-h500-k-no,https://lh3.googleusercontent.com/gps-cs-s/AHRPTWnXcDM7ggw0qgwKrTVqWLMOeUN5eW3agn3WQcLFVJ_lqqZuEbzp6m9ZnLahQAdtvw34s4NUPugV2vXYD27B7zCzoJEb3eplaqLQThh3azsdEiiJ8W6oMweF0N7YrvcikMQIOqk=w1600-h1000-k-no,https://lh5.googleusercontent.com/-rfqbIbZg9qM/AAAAAAAAAAI/AAAAAAAAAAA/g3_-KEPjU4U/s44-p-k-no-ns-nd/photo.jpg,,,OPERATIONAL,"{""Monday"": [""9AM-8PM""], ""Tuesday"": [""9AM-8PM""], ""Wednesday"": [""9AM-8PM""], ""Thursday"": [""9AM-8PM""], ""Friday"": [""9AM-8PM""], ""Saturday"": [""9AM-8PM""], ""Sunday"": [""Closed""]}","Monday,9AM,8PM|Tuesday,9AM,8PM|Wednesday,9AM,8PM|Thursday,9AM,8PM|Friday,9AM,8PM|Saturday,9AM,8PM",,,,,,,,,,"{""Service options"": {""Delivery"": true}, ""Accessibility"": {""Wheelchair-accessible car park"": false, ""Wheelchair-accessible entrance"": false}, ""Planning"": {""Quick visit"": true}, ""Payments"": {""Credit cards"": true, ""Debit cards"": true, ""NFC mobile payments"": true}}",,,TRUE,105716209051803188840,La Golosinería BALVANERA,https://www.google.com/maps/contrib/105716209051803188840,"https://www.google.com/maps/place/La+Golosiner%C3%ADa+BALVANERA/@-34.6094218,-58.3972512,14z/data=!4m8!1m2!2m1!1sLa+Golosiner%C3%ADa+BALVANERA!3m4!1s0x95bccae830b53493:0xd3fde859ba6410cf!8m2!3d-34.6094218!4d-58.3972512","https://www.google.com/maps/place/La+Golosiner%C3%ADa+BALVANERA/@-34.6094218,-58.3972512,13.99z/data=!4m16!1m7!3m6!1s0x95bccae830b53493:0xd3fde859ba6410cf!2sLa+Golosiner%C3%ADa+BALVANERA!8m2!3d-34.6094218!4d-58.3972512!16s%2Fg%2F11ckvg1dmb!3m7!1s0x95bccae830b53493:0xd3fde859ba6410cf!8m2!3d-34.6094218!4d-58.3972512!9m1!1b1!16s%2Fg%2F11ckvg1dmb?entry=ttu",ChIJkzS1MOjKvJURzxBkulno_dM,0x95bccae830b53493:0xd3fde859ba6410cf,15275620983187443919,/g/11cfj4p51,-3171123090522107697
"Distribuidora de golosinas, Zona Oeste, CABA, Zona Norte, Zona SUR","Varú - Mayorista de golosinas, cigarrillos y artículos varios.",Varú Mayorista De Golosinas Cigarrillos Y Artículos Varios,Mayorista,+54 11 6455-3717,,"Bucarelli 2657, C1431 Cdad. Autónoma de Buenos Aires",Bucarelli 2657,"Villa Urquiza, Comuna 12",C1431,Argentina,AR,"-34,5736267","-58,4902196",89c2e310943ffff,America/Buenos_Aires,,FALSE,"3,1",11,https://search.google.com/local/reviews?placeid=ChIJzwlFER-3vJURmDy8jnTJoyc&q=*&authuser=0&hl=en&gl=AR,,https://streetviewpixels-pa.googleapis.com/v1/thumbnail?panoid=LUI7fj4AYRw8NNq2PHVSDw&cb_client=search.gws-prod.gps&w=800&h=500&yaw=79.68004&pitch=0&thumbfov=100,https://lh3.googleusercontent.com/gps-cs-s/AHRPTWl4oRj-Nc5gQaLTvefogbjM597mru43AZ4dWK2CJJgq7_31PmV0_-I7Y7UvB3wu_x1iVLjQ53P610b-J56tNASuYTZ3We5RRVYmR5F9_DuMLDhmqDVa5uH2lSETkd698Oxkbkc=w1600-h1000-k-no,https://lh4.googleusercontent.com/-GvD0KfcVcBw/AAAAAAAAAAI/AAAAAAAAAAA/0INFNAwU51M/s44-p-k-no-ns-nd/photo.jpg,,,OPERATIONAL,"{""Monday"": [""8:30AM-5:30PM""], ""Tuesday"": [""8:30AM-5:30PM""], ""Wednesday"": [""8:30AM-5:30PM""], ""Thursday"": [""8:30AM-5:30PM""], ""Friday"": [""8:30AM-5:30PM""], ""Saturday"": [""8:30AM-1:30AM""], ""Sunday"": [""Closed""]}","Monday,8:30AM,5:30PM|Tuesday,8:30AM,5:30PM|Wednesday,8:30AM,5:30PM|Thursday,8:30AM,5:30PM|Friday,8:30AM,5:30PM|Saturday,8:30AM,1:30AM",,,,,,,,,,"{""Accessibility"": {""Wheelchair-accessible car park"": false}}",,,TRUE,107562127348613594155,"Varú - Mayorista de golosinas, cigarrillos y artículos varios.",https://www.google.com/maps/contrib/107562127348613594155,"https://www.google.com/maps/place/Var%C3%BA+-+Mayorista+de+golosinas%2C+cigarrillos+y+art%C3%ADculos+varios./@-34.5736267,-58.490219599999996,14z/data=!4m8!1m2!2m1!1sVar%C3%BA+-+Mayorista+de+golosinas%2C+cigarrillos+y+art%C3%ADculos+varios.!3m4!1s0x95bcb71f114509cf:0x27a3c9748ebc3c98!8m2!3d-34.5736267!4d-58.490219599999996","https://www.google.com/maps/place/Var%C3%BA+-+Mayorista+de+golosinas%2C+cigarrillos+y+art%C3%ADculos+varios./@-34.5736267,-58.490219599999996,13.99z/data=!4m16!1m7!3m6!1s0x95bcb71f114509cf:0x27a3c9748ebc3c98!2sVar%C3%BA+-+Mayorista+de+golosinas%2C+cigarrillos+y+art%C3%ADculos+varios.!8m2!3d-34.5736267!4d-58.490219599999996!16s%2Fg%2F11ckvg1dmb!3m7!1s0x95bcb71f114509cf:0x27a3c9748ebc3c98!8m2!3d-34.5736267!4d-58.490219599999996!9m1!1b1!16s%2Fg%2F11ckvg1dmb?entry=ttu",ChIJzwlFER-3vJURmDy8jnTJoyc,0x95bcb71f114509cf:0x27a3c9748ebc3c98,2856348091131116696,/g/11g_x3k64_,2856348091131116696
"Distribuidora de golosinas, Zona Oeste, CABA, Zona Norte, Zona SUR",El Tanito,El Tanito,Tienda de golosinas,+54 11 4861-2103,,"Ecuador 14, C1214ABB Cdad. Autónoma de Buenos Aires",Ecuador 14,"Balvanera, Comuna 3",C1214,Argentina,AR,"-34,6100555","-58,4090353",89c2e311ccbffff,America/Buenos_Aires,,FALSE,"4,5",135,https://search.google.com/local/reviews?placeid=ChIJLd_pKvLKvJUR3nNXv2Qv9ow&q=*&authuser=0&hl=en&gl=AR,,https://streetviewpixels-pa.googleapis.com/v1/thumbnail?panoid=XisPh4dgXWhNJWfv3FD-DQ&cb_client=search.gws-prod.gps&w=800&h=500&yaw=269.55997&pitch=0&thumbfov=100,https://lh3.googleusercontent.com/gps-proxy/ALd4DhHIg0MjyPFpFTYy80ZGncoB7Pb78W76WH4v0GPGfWqdHWbNQfcMpMYq-QS9ZiSQ8hqQ8L3lHKE9N5v5rJBppEGMadOOaja2TiJyavHDqhDZ0eVib96724W4lG83L26_aLSdShI2Br76dXUvjqDiIs5ufhKFl1GIgN3gb8bGzUvgbhs4iMMK5CtECV0cwG2siXUXgw0=w1600-h1000-k-no,,,,OPERATIONAL,"{""Monday"": [""9AM-5PM""], ""Tuesday"": [""9AM-5PM""], ""Wednesday"": [""9AM-5PM""], ""Thursday"": [""9AM-5PM""], ""Friday"": [""9AM-5PM""], ""Saturday"": [""9AM-5PM""], ""Sunday"": [""Closed""]}","Monday,9AM,5PM|Tuesday,9AM,5PM|Wednesday,9AM,5PM|Thursday,9AM,5PM|Friday,9AM,5PM|Saturday,9AM,5PM",,,,,,,,,,"{""Service options"": {""Delivery"": true}, ""Planning"": {""Quick visit"": true}, ""Payments"": {""Debit cards"": true, ""NFC mobile payments"": true, ""Credit cards"": true}}",,,FALSE,None,El Tanito,,"https://www.google.com/maps/place/El+Tanito/@-34.6100555,-58.4090353,14z/data=!4m8!1m2!2m1!1sEl+Tanito!3m4!1s0x95bccaf22ae9df2d:0x8cf62f64bf5773de!8m2!3d-34.6100555!4d-58.4090353","https://www.google.com/maps/place/El+Tanito/@-34.6100555,-58.4090353,13.99z/data=!4m16!1m7!3m6!1s0x95bccaf22ae9df2d:0x8cf62f64bf5773de!2sEl+Tanito!8m2!3d-34.6100555!4d-58.4090353!16s%2Fg%2F11ckvg1dmb!3m7!1s0x95bccaf22ae9df2d:0x8cf62f64bf5773de!8m2!3d-34.6100555!4d-58.4090353!9m1!1b1!16s%2Fg%2F11ckvg1dmb?entry=ttu",ChIJLd_pKvLKvJUR3nNXv2Qv9ow,0x95bccaf22ae9df2d:0x8cf62f64bf5773de,10157358119334147038,/g/1tfzcckb,-8289385954375404578
"Distribuidora de golosinas, Zona Oeste, CABA, Zona Norte, Zona SUR",Compañía de Golosinas,Compañía De Golosinas,Tienda de golosinas,,http://xn--compaiadegolosinas-r0b.com/,"Av. Rivadavia 2601, C1034 Cdad. Autónoma de Buenos Aires",Av. Rivadavia 2601,"Balvanera, Comuna 3",C1034,Argentina,AR,"-34,6098099","-58,4034371",89c2e311123ffff,America/Buenos_Aires,,FALSE,4,132,https://search.google.com/local/reviews?placeid=ChIJ9xJ1zCnLvJURrad2boNEs34&q=*&authuser=0&hl=en&gl=AR,,https://lh3.googleusercontent.com/gps-cs-s/AHRPTWl7uWhoSPEjkPNS2FB3KT-HaqkiWw4FC7e5leGqtp5IFeWjZM_A6O9QK4jxEmq9lSWIw-pCJfHBLcb_XVzNrG9-BrLS6E4HgVeumqUgabJpoywKrQm8NS_19JlypNWUa2qfY1kcjg=w800-h500-k-no,https://lh3.googleusercontent.com/gps-cs-s/AHRPTWl7uWhoSPEjkPNS2FB3KT-HaqkiWw4FC7e5leGqtp5IFeWjZM_A6O9QK4jxEmq9lSWIw-pCJfHBLcb_XVzNrG9-BrLS6E4HgVeumqUgabJpoywKrQm8NS_19JlypNWUa2qfY1kcjg=w1600-h1000-k-no,,,,OPERATIONAL,"{""Monday"": [""7:30AM-9PM""], ""Tuesday"": [""7:30AM-9PM""], ""Wednesday"": [""7:30AM-9PM""], ""Thursday"": [""7:30AM-9PM""], ""Friday"": [""7:30AM-9PM""], ""Saturday"": [""10AM-5:30PM""], ""Sunday"": [""Closed""]}","Monday,7:30AM,9PM|Tuesday,7:30AM,9PM|Wednesday,7:30AM,9PM|Thursday,7:30AM,9PM|Friday,7:30AM,9PM|Saturday,10AM,5:30PM",,,,,,,,,,"{""Accessibility"": {""Wheelchair-accessible car park"": false}, ""Planning"": {""Quick visit"": true}, ""Payments"": {""Credit cards"": true, ""Debit cards"": true, ""NFC mobile payments"": true}}",,,FALSE,None,Compañía de Golosinas,,"https://www.google.com/maps/place/Compa%C3%B1%C3%ADa+de+Golosinas/@-34.6098099,-58.4034371,14z/data=!4m8!1m2!2m1!1sCompa%C3%B1%C3%ADa+de+Golosinas!3m4!1s0x95bccb29cc7512f7:0x7eb344836e76a7ad!8m2!3d-34.6098099!4d-58.4034371","https://www.google.com/maps/place/Compa%C3%B1%C3%ADa+de+Golosinas/@-34.6098099,-58.4034371,13.99z/data=!4m16!1m7!3m6!1s0x95bccb29cc7512f7:0x7eb344836e76a7ad!2sCompa%C3%B1%C3%ADa+de+Golosinas!8m2!3d-34.6098099!4d-58.4034371!16s%2Fg%2F11ckvg1dmb!3m7!1s0x95bccb29cc7512f7:0x7eb344836e76a7ad!8m2!3d-34.6098099!4d-58.4034371!9m1!1b1!16s%2Fg%2F11ckvg1dmb?entry=ttu",ChIJ9xJ1zCnLvJURrad2boNEs34,0x95bccb29cc7512f7:0x7eb344836e76a7ad,9129716200894801837,/g/11j7l82tj1,9129716200894801837
"Distribuidora de golosinas, Zona Oeste, CABA, Zona Norte, Zona SUR",B40 Golosinas,B40 Golosinas,Tienda de golosinas,,,"Av. Sta. Fe 4224, C1425BHR Cdad. Autónoma de Buenos Aires",Av. Sta. Fe 4224,"Palermo, Comuna 14",C1425,Argentina,AR,"-34,5810628","-58,4221563",89c2e311823ffff,America/Buenos_Aires,,FALSE,"4,5",38,https://search.google.com/local/reviews?placeid=ChIJ037gkRK1vJURLZ3YAub1LR4&q=*&authuser=0&hl=en&gl=AR,,https://lh3.googleusercontent.com/gps-cs-s/AHRPTWlsNxVJz3IetAQpFHkdJdqR9ALzMKBcx4rDJX5x-eSyLbTzDQ8PvxzoLCx6UyU2gk3w5yOUlnv1rALnr69PCtUGyqcdVLmcyyYe0xZ0JfLFwSsxgFFMHqxL32w6rDHbWa_5aKpr=w800-h500-k-no,https://lh3.googleusercontent.com/gps-cs-s/AHRPTWlsNxVJz3IetAQpFHkdJdqR9ALzMKBcx4rDJX5x-eSyLbTzDQ8PvxzoLCx6UyU2gk3w5yOUlnv1rALnr69PCtUGyqcdVLmcyyYe0xZ0JfLFwSsxgFFMHqxL32w6rDHbWa_5aKpr=w1600-h1000-k-no,https://lh5.googleusercontent.com/-ldid9LWg_RI/AAAAAAAAAAI/AAAAAAAAAAA/n2ta5UqavqE/s44-p-k-no-ns-nd/photo.jpg,,,OPERATIONAL,"{""Monday"": [""9AM-8:30PM""], ""Tuesday"": [""9AM-8:30PM""], ""Wednesday"": [""9AM-8:30PM""], ""Thursday"": [""9AM-8:30PM""], ""Friday"": [""9AM-8:30PM""], ""Saturday"": [""9AM-8:30PM""], ""Sunday"": [""11AM-8PM""]}","Sunday,11AM,8PM|Monday,9AM,8:30PM|Tuesday,9AM,8:30PM|Wednesday,9AM,8:30PM|Thursday,9AM,8:30PM|Friday,9AM,8:30PM|Saturday,9AM,8:30PM",,,,,,,,,,"{""Accessibility"": {""Wheelchair-accessible car park"": false}, ""Planning"": {""Quick visit"": true}, ""Payments"": {""Debit cards"": true, ""NFC mobile payments"": true}}",,,TRUE,113844946667370676996,B40 Golosinas,https://www.google.com/maps/contrib/113844946667370676996,"https://www.google.com/maps/place/B40+Golosinas/@-34.5810628,-58.4221563,14z/data=!4m8!1m2!2m1!1sB40+Golosinas!3m4!1s0x95bcb51291e07ed3:0x1e2df5e602d89d2d!8m2!3d-34.5810628!4d-58.4221563","https://www.google.com/maps/place/B40+Golosinas/@-34.5810628,-58.4221563,13.99z/data=!4m16!1m7!3m6!1s0x95bcb51291e07ed3:0x1e2df5e602d89d2d!2sB40+Golosinas!8m2!3d-34.5810628!4d-58.4221563!16s%2Fg%2F11ckvg1dmb!3m7!1s0x95bcb51291e07ed3:0x1e2df5e602d89d2d!8m2!3d-34.5810628!4d-58.4221563!9m1!1b1!16s%2Fg%2F11ckvg1dmb?entry=ttu",ChIJ037gkRK1vJURLZ3YAub1LR4,0x95bcb51291e07ed3:0x1e2df5e602d89d2d,2174664563328851245,/g/11rdchmf66,2174664563328851245
"Distribuidora de golosinas, Zona Oeste, CABA, Zona Norte, Zona SUR",Compañía de Golosinas,Compañía De Golosinas,Tienda de golosinas,,,"Av. Corrientes 2601, C1046AAE C1046AAE, Cdad. Autónoma de Buenos Aires",Av. Corrientes 2601,Balvanera,C1046,Argentina,AR,"-34,6045761","-58,4042018",89c2e311e97ffff,America/Buenos_Aires,,FALSE,"4,2",60,https://search.google.com/local/reviews?placeid=ChIJ7YhYtF3LvJURoSzaAW3DJhI&q=*&authuser=0&hl=en&gl=AR,,https://lh3.googleusercontent.com/gps-cs-s/AHRPTWlhENsWks2ybZJOBJlNZclYVBBPfJWyZ2t9Uov5ltw9NbxM0eymw4xs0KJk8MLEZBa5jhwy4ODdsZWLaylvuuy3Hnsq-c6ZhSATnVGE5PePLcODHyU1e1BX-PDb4a2jXWBRgWkYkj-XX4A=w800-h500-k-no,https://lh3.googleusercontent.com/gps-cs-s/AHRPTWlhENsWks2ybZJOBJlNZclYVBBPfJWyZ2t9Uov5ltw9NbxM0eymw4xs0KJk8MLEZBa5jhwy4ODdsZWLaylvuuy3Hnsq-c6ZhSATnVGE5PePLcODHyU1e1BX-PDb4a2jXWBRgWkYkj-XX4A=w1600-h1000-k-no,,,,OPERATIONAL,"{""Monday"": [""8AM-8PM""], ""Tuesday"": [""8AM-8PM""], ""Wednesday"": [""8AM-8PM""], ""Thursday"": [""8AM-8PM""], ""Friday"": [""8AM-8PM""], ""Saturday"": [""9AM-7PM""], ""Sunday"": [""Closed""]}","Monday,8AM,8PM|Tuesday,8AM,8PM|Wednesday,8AM,8PM|Thursday,8AM,8PM|Friday,8AM,8PM|Saturday,9AM,7PM",,,,,,,,,,"{""Accessibility"": {""Wheelchair-accessible car park"": false}, ""Planning"": {""Quick visit"": true}, ""Payments"": {""Credit cards"": true, ""Debit cards"": true, ""NFC mobile payments"": true}}",,,FALSE,None,Compañía de Golosinas,,"https://www.google.com/maps/place/Compa%C3%B1%C3%ADa+de+Golosinas/@-34.604576099999996,-58.404201799999996,14z/data=!4m8!1m2!2m1!1sCompa%C3%B1%C3%ADa+de+Golosinas!3m4!1s0x95bccb5db45888ed:0x1226c36d01da2ca1!8m2!3d-34.604576099999996!4d-58.404201799999996","https://www.google.com/maps/place/Compa%C3%B1%C3%ADa+de+Golosinas/@-34.604576099999996,-58.404201799999996,13.99z/data=!4m16!1m7!3m6!1s0x95bccb5db45888ed:0x1226c36d01da2ca1!2sCompa%C3%B1%C3%ADa+de+Golosinas!8m2!3d-34.604576099999996!4d-58.404201799999996!16s%2Fg%2F11ckvg1dmb!3m7!1s0x95bccb5db45888ed:0x1226c36d01da2ca1!8m2!3d-34.604576099999996!4d-58.404201799999996!9m1!1b1!16s%2Fg%2F11ckvg1dmb?entry=ttu",ChIJ7YhYtF3LvJURoSzaAW3DJhI,0x95bccb5db45888ed:0x1226c36d01da2ca1,1307947614747634849,/g/11lg2wdmrw,1307947614747634849
"Distribuidora de golosinas, Zona Oeste, CABA, Zona Norte, Zona SUR",Arcor Center,Arcor Center,Tienda de golosinas,+54 11 3005-1723,https://www.instagram.com/arcorcenterba/,"Av. Corrientes 1335, C1043 Cdad. Autónoma de Buenos Aires",Av. Corrientes 1335,"San Nicolás, Comuna 1",C1043,Argentina,AR,"-34,6037997","-58,3856257",89c2e311327ffff,America/Buenos_Aires,,FALSE,"4,4",5055,https://search.google.com/local/reviews?placeid=ChIJPTP408XKvJURrbeJnqC-b44&q=*&authuser=0&hl=en&gl=AR,,https://lh3.googleusercontent.com/gps-cs-s/AHRPTWnNiuV0ATTJwjNSvrx2A93gfSXDnamZC_G0YLYoWNsLVkBwpTmZc9ynTH_XY7hGDG-CzuQVsAYGowi9z7OzVXrqbB42uoggFWdXVm13wnX_CzZxnyxJUN2VoIaj4dPbbSqYjQHS=w800-h500-k-no,https://lh3.googleusercontent.com/gps-cs-s/AHRPTWnNiuV0ATTJwjNSvrx2A93gfSXDnamZC_G0YLYoWNsLVkBwpTmZc9ynTH_XY7hGDG-CzuQVsAYGowi9z7OzVXrqbB42uoggFWdXVm13wnX_CzZxnyxJUN2VoIaj4dPbbSqYjQHS=w1600-h1000-k-no,https://lh6.googleusercontent.com/-TeH8B0bGMWQ/AAAAAAAAAAI/AAAAAAAAAAA/ITatr3uNfVs/s44-p-k-no-ns-nd/photo.jpg,,,OPERATIONAL,"{""Monday"": [""10AM-8:30PM""], ""Tuesday"": [""10AM-8:30PM""], ""Wednesday"": [""10AM-8:30PM""], ""Thursday"": [""10AM-8:30PM""], ""Friday"": [""10AM-10:30PM""], ""Saturday"": [""11:30AM-10:30PM""], ""Sunday"": [""Closed""]}","Monday,10AM,8:30PM|Tuesday,10AM,8:30PM|Wednesday,10AM,8:30PM|Thursday,10AM,8:30PM|Friday,10AM,10:30PM|Saturday,11:30AM,10:30PM","[{""online_service_hours"": {""Monday"": ""12-4 PM"", ""Tuesday"": ""12-4 PM"", ""Wednesday"": ""12-4 PM"", ""Thursday"": ""12-4 PM"", ""Friday"": ""1-4 PM"", ""Saturday"": ""12-1:30 PM"", ""Sunday"": ""Closed""}}]",,,,,,,,,"{""Service options"": {""Delivery"": true, ""In-store pick-up"": true, ""In-store shopping"": true}, ""Accessibility"": {""Wheelchair-accessible entrance"": true, ""Wheelchair-accessible car park"": false}, ""Planning"": {""Quick visit"": true}, ""Payments"": {""Credit cards"": true, ""Debit cards"": true, ""NFC mobile payments"": true}}",,,TRUE,116756188810132583883,Arcor Center,https://www.google.com/maps/contrib/116756188810132583883,"https://www.google.com/maps/place/Arcor+Center/@-34.603799699999996,-58.3856257,14z/data=!4m8!1m2!2m1!1sArcor+Center!3m4!1s0x95bccac5d3f8333d:0x8e6fbea09e89b7ad!8m2!3d-34.603799699999996!4d-58.3856257","https://www.google.com/maps/place/Arcor+Center/@-34.603799699999996,-58.3856257,13.99z/data=!4m16!1m7!3m6!1s0x95bccac5d3f8333d:0x8e6fbea09e89b7ad!2sArcor+Center!8m2!3d-34.603799699999996!4d-58.3856257!16s%2Fg%2F11ckvg1dmb!3m7!1s0x95bccac5d3f8333d:0x8e6fbea09e89b7ad!8m2!3d-34.603799699999996!4d-58.3856257!9m1!1b1!16s%2Fg%2F11ckvg1dmb?entry=ttu",ChIJPTP408XKvJURrbeJnqC-b44,0x95bccac5d3f8333d:0x8e6fbea09e89b7ad,10263631672864520109,/g/1pxwt25z_,-8183112400845031507
"Distribuidora de golosinas, Zona Oeste, CABA, Zona Norte, Zona SUR",Compañía de Golosinas,Compañía De Golosinas,Tienda de golosinas,,https://www.instagram.com/delipop.golosineria%3Figsh%3DMTg5czRkN2UwZ3pycQ%3D%3D,"Av. Pres. Roque Sáenz Peña 889, C1035AAD C1035AAD, Cdad. Autónoma de Buenos Aires",Av. Pres. Roque Sáenz Peña 889,San Nicolás,C1035,Argentina,AR,"-34,6049642","-58,3789476",89c2e311377ffff,America/Buenos_Aires,,FALSE,4,50,https://search.google.com/local/reviews?placeid=ChIJjcMvaXLLvJURVBaOIxO-cPU&q=*&authuser=0&hl=en&gl=AR,,https://lh3.googleusercontent.com/gps-cs-s/AHRPTWkqneqeitWIU13XHebRBi2L-yQcKJLcHRIsmlTHL6KktnEgLvVryrQphg52PRoy03XvQG2ZdyhoNRqTNl8GfnchBrnUCdFMmU4PFjMyfTp41JJ9DYeQPoRd_E4gH09NRZFjtvI=w800-h500-k-no,https://lh3.googleusercontent.com/gps-cs-s/AHRPTWkqneqeitWIU13XHebRBi2L-yQcKJLcHRIsmlTHL6KktnEgLvVryrQphg52PRoy03XvQG2ZdyhoNRqTNl8GfnchBrnUCdFMmU4PFjMyfTp41JJ9DYeQPoRd_E4gH09NRZFjtvI=w1600-h1000-k-no,https://lh5.googleusercontent.com/-Xh2UrY1u3OI/AAAAAAAAAAI/AAAAAAAAAAA/rj9PKJIXkxA/s44-p-k-no-ns-nd/photo.jpg,,,OPERATIONAL,"{""Monday"": [""9:30AM-7:30PM""], ""Tuesday"": [""9:30AM-7:30PM""], ""Wednesday"": [""9:30AM-7:30PM""], ""Thursday"": [""9:30AM-7:30PM""], ""Friday"": [""9:30AM-7:30PM""], ""Saturday"": [""11AM-6:30PM""], ""Sunday"": [""Closed""]}","Monday,9:30AM,7:30PM|Tuesday,9:30AM,7:30PM|Wednesday,9:30AM,7:30PM|Thursday,9:30AM,7:30PM|Friday,9:30AM,7:30PM|Saturday,11AM,6:30PM",,,,,,,,,,"{""Accessibility"": {""Wheelchair-accessible car park"": false}, ""Planning"": {""Quick visit"": true}, ""Payments"": {""Debit cards"": true}}",,,TRUE,100319103330060335305,Compañía de Golosinas,https://www.google.com/maps/contrib/100319103330060335305,"https://www.google.com/maps/place/Compa%C3%B1%C3%ADa+de+Golosinas/@-34.6049642,-58.3789476,14z/data=!4m8!1m2!2m1!1sCompa%C3%B1%C3%ADa+de+Golosinas!3m4!1s0x95bccb72692fc38d:0xf570be13238e1654!8m2!3d-34.6049642!4d-58.3789476","https://www.google.com/maps/place/Compa%C3%B1%C3%ADa+de+Golosinas/@-34.6049642,-58.3789476,13.99z/data=!4m16!1m7!3m6!1s0x95bccb72692fc38d:0xf570be13238e1654!2sCompa%C3%B1%C3%ADa+de+Golosinas!8m2!3d-34.6049642!4d-58.3789476!16s%2Fg%2F11ckvg1dmb!3m7!1s0x95bccb72692fc38d:0xf570be13238e1654!8m2!3d-34.6049642!4d-58.3789476!9m1!1b1!16s%2Fg%2F11ckvg1dmb?entry=ttu",ChIJjcMvaXLLvJURVBaOIxO-cPU,0x95bccb72692fc38d:0xf570be13238e1654,17685844726094108244,/g/11rvc9cnm2,-760899347615443372
"Distribuidora de golosinas, Zona Oeste, CABA, Zona Norte, Zona SUR",GOLOSINERIA Dulcemente Cosas Ricas,Golosineria Dulcemente Cosas Ricas,Mayorista,+54 11 5867-5293,https://dulcementecosasricas.empretienda.com.ar/,"Av. Rivadavia 3849, C1204 Cdad. Autónoma de Buenos Aires",Av. Rivadavia 3849,"Almagro, Comuna 5",C1204,Argentina,AR,"-34,6110879","-58,420389",89c2e311c9bffff,America/Buenos_Aires,,FALSE,3,32,https://search.google.com/local/reviews?placeid=ChIJEemkBcvLvJURttaBZeBOEUg&q=*&authuser=0&hl=en&gl=AR,,https://lh3.googleusercontent.com/gps-cs-s/AHRPTWnXYygvk5c6DNcZh4DD9HL2VjaJiiQvVoi9CbFW20x8SKcOyuKXvQNkJLk5jPbei2f4C01Vv1rBL1pTLkX9Crb4KvYlxR_4Rfy30DfB4Sucay_aXB-7Sm3efC8phuINjhKMENjrO0It6F_R=w800-h500-k-no,https://lh3.googleusercontent.com/gps-cs-s/AHRPTWnXYygvk5c6DNcZh4DD9HL2VjaJiiQvVoi9CbFW20x8SKcOyuKXvQNkJLk5jPbei2f4C01Vv1rBL1pTLkX9Crb4KvYlxR_4Rfy30DfB4Sucay_aXB-7Sm3efC8phuINjhKMENjrO0It6F_R=w1600-h1000-k-no,,,,OPERATIONAL,"{""Monday"": [""8AM-10PM""], ""Tuesday"": [""8AM-10PM""], ""Wednesday"": [""8AM-10PM""], ""Thursday"": [""8AM-10PM""], ""Friday"": [""8AM-10PM""], ""Saturday"": [""8AM-10PM""], ""Sunday"": [""8AM-6:30PM""]}","Sunday,8AM,6:30PM|Monday,8AM,10PM|Tuesday,8AM,10PM|Wednesday,8AM,10PM|Thursday,8AM,10PM|Friday,8AM,10PM|Saturday,8AM,10PM",,,,,,,,,,"{""Payments"": {""Debit cards"": true}}",,,FALSE,None,GOLOSINERIA Dulcemente Cosas Ricas,,"https://www.google.com/maps/place/GOLOSINERIA+Dulcemente+Cosas+Ricas/@-34.6110879,-58.420389,14z/data=!4m8!1m2!2m1!1sGOLOSINERIA+Dulcemente+Cosas+Ricas!3m4!1s0x95bccbcb05a4e911:0x48114ee06581d6b6!8m2!3d-34.6110879!4d-58.420389","https://www.google.com/maps/place/GOLOSINERIA+Dulcemente+Cosas+Ricas/@-34.6110879,-58.420389,13.99z/data=!4m16!1m7!3m6!1s0x95bccbcb05a4e911:0x48114ee06581d6b6!2sGOLOSINERIA+Dulcemente+Cosas+Ricas!8m2!3d-34.6110879!4d-58.420389!16s%2Fg%2F11ckvg1dmb!3m7!1s0x95bccbcb05a4e911:0x48114ee06581d6b6!8m2!3d-34.6110879!4d-58.420389!9m1!1b1!16s%2Fg%2F11ckvg1dmb?entry=ttu",ChIJEemkBcvLvJURttaBZeBOEUg,0x95bccbcb05a4e911:0x48114ee06581d6b6,5193018571017541302,/g/11ll48kxnf,5193018571017541302
"Distribuidora de golosinas, Zona Oeste, CABA, Zona Norte, Zona SUR",Tienda de Golosinas RE-BARATO,Tienda De Golosinas Re Barato,Kiosco,+54 11 4427-5699,https://www.instagram.com/rebarat0%3Figsh%3DMThmam81dm0wbG11aw%3D%3D,"Laprida 1514, C1425 Cdad. Autónoma de Buenos Aires",Laprida 1514,"Barrio Norte, Recoleta, Comuna 2",C1425,Argentina,AR,"-34,5914984","-58,4050887",89c2e311e27ffff,America/Buenos_Aires,,FALSE,5,4,https://search.google.com/local/reviews?placeid=ChIJ0Xo3wqHLvJUR8fLTjm8_nzs&q=*&authuser=0&hl=en&gl=AR,,https://lh3.googleusercontent.com/gps-cs-s/AHRPTWmOuVmagH3NSNFsSXdaKf7yIxoxlIvROp_IOerbLe7mTz9_L-WVGqclUtvIJbdCjcx_MELKuc_1BU9JU0pJK6XzNLXql3PGlENxF3VXVqkQpeoc3miPsRikLAHoMFCSmKNw2VHPcZXmDb0p=w800-h500-k-no,https://lh3.googleusercontent.com/gps-cs-s/AHRPTWmOuVmagH3NSNFsSXdaKf7yIxoxlIvROp_IOerbLe7mTz9_L-WVGqclUtvIJbdCjcx_MELKuc_1BU9JU0pJK6XzNLXql3PGlENxF3VXVqkQpeoc3miPsRikLAHoMFCSmKNw2VHPcZXmDb0p=w1600-h1000-k-no,https://lh5.googleusercontent.com/-NBnnWZmu4qI/AAAAAAAAAAI/AAAAAAAAAAA/GwCXOqfDNsk/s44-p-k-no-ns-nd/photo.jpg,,,OPERATIONAL,"{""Monday"": [""7AM-11PM""], ""Tuesday"": [""7AM-11PM""], ""Wednesday"": [""7AM-11PM""], ""Thursday"": [""7AM-11PM""], ""Friday"": [""7AM-11PM""], ""Saturday"": [""9AM-11PM""], ""Sunday"": [""9AM-9PM""]}","Sunday,9AM,9PM|Monday,7AM,11PM|Tuesday,7AM,11PM|Wednesday,7AM,11PM|Thursday,7AM,11PM|Friday,7AM,11PM|Saturday,9AM,11PM",,,,,,,,,,"{""Service options"": {""Delivery"": true, ""In-store pick-up"": true, ""In-store shopping"": true}, ""Accessibility"": {""Wheelchair-accessible seating"": true}, ""Crowd"": {""LGBTQ+ friendly"": true, ""Transgender safe space"": true}, ""Planning"": {""Quick visit"": true}, ""Payments"": {""Credit cards"": true, ""Debit cards"": true}, ""Parking"": {""Free of charge street parking"": true, ""Free parking lot"": true, ""On-site parking"": true}, ""Other"": {""LGBTQ+ friendly"": true}}",,,TRUE,100161758813572067997,Tienda de Golosinas RE-BARATO,https://www.google.com/maps/contrib/100161758813572067997,"https://www.google.com/maps/place/Tienda+de+Golosinas+RE-BARATO/@-34.5914984,-58.4050887,14z/data=!4m8!1m2!2m1!1sTienda+de+Golosinas+RE-BARATO!3m4!1s0x95bccba1c2377ad1:0x3b9f3f6f8ed3f2f1!8m2!3d-34.5914984!4d-58.4050887","https://www.google.com/maps/place/Tienda+de+Golosinas+RE-BARATO/@-34.5914984,-58.4050887,13.99z/data=!4m16!1m7!3m6!1s0x95bccba1c2377ad1:0x3b9f3f6f8ed3f2f1!2sTienda+de+Golosinas+RE-BARATO!8m2!3d-34.5914984!4d-58.4050887!16s%2Fg%2F11ckvg1dmb!3m7!1s0x95bccba1c2377ad1:0x3b9f3f6f8ed3f2f1!8m2!3d-34.5914984!4d-58.4050887!9m1!1b1!16s%2Fg%2F11ckvg1dmb?entry=ttu",ChIJ0Xo3wqHLvJUR8fLTjm8_nzs,0x95bccba1c2377ad1:0x3b9f3f6f8ed3f2f1,4296222317904917233,/g/11xvgw6_ld,4296222317904917233
"Distribuidora de golosinas, Zona Oeste, CABA, Zona Norte, Zona SUR",Golosweet Caballito,Golosweet Caballito,Tienda de golosinas,+54 11 4431-8712,https://www.golosweet.com.ar/,"Av. Rivadavia 5629, C1424 CEL, Cdad. Autónoma de Buenos Aires",Av. Rivadavia 5629,Caballito,C1424,Argentina,AR,"-34,6217479","-58,44479",89c2e310023ffff,America/Buenos_Aires,,FALSE,"4,4",52,https://search.google.com/local/reviews?placeid=ChIJC4WIQTnKvJURhJ-V5s09zYo&q=*&authuser=0&hl=en&gl=AR,,https://lh3.googleusercontent.com/gps-cs-s/AHRPTWlAB91OSE_lTtWqfWYM2eSFTadrg86l48VxNpTuz5MFRbigmOlToUrGeIKADUasyyvTQxELCYt0YxPrh0j-LXHpfHCRudQ7HcaG9TDDMaLFGmLMhzZ6oj-1rKKQ0K_njZKVKJo=w800-h500-k-no,https://lh3.googleusercontent.com/gps-cs-s/AHRPTWlAB91OSE_lTtWqfWYM2eSFTadrg86l48VxNpTuz5MFRbigmOlToUrGeIKADUasyyvTQxELCYt0YxPrh0j-LXHpfHCRudQ7HcaG9TDDMaLFGmLMhzZ6oj-1rKKQ0K_njZKVKJo=w1600-h1000-k-no,https://lh6.googleusercontent.com/-1NGRc_zT8aA/AAAAAAAAAAI/AAAAAAAAAAA/nyrLLtrw9Io/s44-p-k-no-ns-nd/photo.jpg,,,OPERATIONAL,"{""Monday"": [""10AM-8PM""], ""Tuesday"": [""10AM-8PM""], ""Wednesday"": [""10AM-8PM""], ""Thursday"": [""10AM-8PM""], ""Friday"": [""10AM-8PM""], ""Saturday"": [""10AM-8PM""], ""Sunday"": [""Closed""]}","Monday,10AM,8PM|Tuesday,10AM,8PM|Wednesday,10AM,8PM|Thursday,10AM,8PM|Friday,10AM,8PM|Saturday,10AM,8PM",,,,,,,,,,"{""Service options"": {""Delivery"": true}, ""Accessibility"": {""Wheelchair-accessible car park"": false}, ""Planning"": {""Quick visit"": true}, ""Payments"": {""Credit cards"": true, ""Debit cards"": true, ""NFC mobile payments"": true}}",,,TRUE,103514366405421206896,Golosweet Caballito,https://www.google.com/maps/contrib/103514366405421206896,"https://www.google.com/maps/place/Golosweet+Caballito/@-34.621747899999995,-58.44479,14z/data=!4m8!1m2!2m1!1sGolosweet+Caballito!3m4!1s0x95bcca394188850b:0x8acd3dcde6959f84!8m2!3d-34.621747899999995!4d-58.44479","https://www.google.com/maps/place/Golosweet+Caballito/@-34.621747899999995,-58.44479,13.99z/data=!4m16!1m7!3m6!1s0x95bcca394188850b:0x8acd3dcde6959f84!2sGolosweet+Caballito!8m2!3d-34.621747899999995!4d-58.44479!16s%2Fg%2F11ckvg1dmb!3m7!1s0x95bcca394188850b:0x8acd3dcde6959f84!8m2!3d-34.621747899999995!4d-58.44479!9m1!1b1!16s%2Fg%2F11ckvg1dmb?entry=ttu",ChIJC4WIQTnKvJURhJ-V5s09zYo,0x95bcca394188850b:0x8acd3dcde6959f84,10001718302005895044,/g/11fx8s69bj,-8445025771703656572
"Distribuidora de golosinas, Zona Oeste, CABA, Zona Norte, Zona SUR",Dist. Mayorista De Golosinas,Dist Mayorista De Golosinas,Mayorista,,,C1267 Buenos Aires,,"Barracas, Comuna 4",C1267,Argentina,AR,"-34,6380118","-58,3704336",89c2e3116a7ffff,America/Buenos_Aires,,FALSE,,,,,https://streetviewpixels-pa.googleapis.com/v1/thumbnail?panoid=vAi-NIeZRS_jsuMgqW1YdA&cb_client=search.gws-prod.gps&w=800&h=500&yaw=309.71146&pitch=0&thumbfov=100,https://streetviewpixels-pa.googleapis.com/v1/thumbnail?panoid=vAi-NIeZRS_jsuMgqW1YdA&cb_client=search.gws-prod.gps&w=1600&h=1000&yaw=309.71146&pitch=0&thumbfov=100,,,,OPERATIONAL,,,,,,,,,,,,,,,FALSE,None,Dist. Mayorista De Golosinas,,"https://www.google.com/maps/place/Dist.+Mayorista+De+Golosinas/@-34.6380118,-58.3704336,14z/data=!4m8!1m2!2m1!1sDist.+Mayorista+De+Golosinas!3m4!1s0x95a334b4be568815:0x47104a9a0946ecc9!8m2!3d-34.6380118!4d-58.3704336","https://www.google.com/maps/place/Dist.+Mayorista+De+Golosinas/@-34.6380118,-58.3704336,13.99z/data=!4m16!1m7!3m6!1s0x95a334b4be568815:0x47104a9a0946ecc9!2sDist.+Mayorista+De+Golosinas!8m2!3d-34.6380118!4d-58.3704336!16s%2Fg%2F11ckvg1dmb!3m7!1s0x95a334b4be568815:0x47104a9a0946ecc9!8m2!3d-34.6380118!4d-58.3704336!9m1!1b1!16s%2Fg%2F11ckvg1dmb?entry=ttu",ChIJFYhWvrQ0o5URyexGCZpKEEc,0x95a334b4be568815:0x47104a9a0946ecc9,5120674801761316041,/g/11j1308vy1,None
"Distribuidora de golosinas, Zona Oeste, CABA, Zona Norte, Zona SUR",Paseo de la Golosina,Paseo De La Golosina,Candy store,+54 11 4362-2010,http://www.omarymiltonrodriguez.com/,"Defensa 717, C1065 AAM, Cdad. Autónoma de Buenos Aires",Defensa 717,San Telmo,C1065,Argentina,AR,"-34,616294","-58,371788",89c2e3113c3ffff,America/Buenos_Aires,,FALSE,"4,7",41,https://search.google.com/local/reviews?placeid=ChIJcSACzSrLvJUR730eFZLKaik&q=*&authuser=0&hl=en&gl=AR,,https://lh3.googleusercontent.com/gps-cs-s/AHRPTWkb7JDqmg2Dz-rmnsw6wHrFMo6rgxQ2KeqiPzvMMhRSuDrn7UAlhy00WeRbpSZkW-4QZjUEKVd2YFXC8D_LVi5w6mMqknJcw31v5kjBrz-L7chMnmzfo6Wqp8-6cd6fEjZCBqSS=w800-h500-k-no,https://lh3.googleusercontent.com/gps-cs-s/AHRPTWkb7JDqmg2Dz-rmnsw6wHrFMo6rgxQ2KeqiPzvMMhRSuDrn7UAlhy00WeRbpSZkW-4QZjUEKVd2YFXC8D_LVi5w6mMqknJcw31v5kjBrz-L7chMnmzfo6Wqp8-6cd6fEjZCBqSS=w1600-h1000-k-no,https://lh4.googleusercontent.com/-FLudgo7baK0/AAAAAAAAAAI/AAAAAAAAAAA/OYhYYXmwukI/s44-p-k-no-ns-nd/photo.jpg,,,OPERATIONAL,"{""Monday"": [""8:30AM-4PM""], ""Tuesday"": [""8:30AM-4PM""], ""Wednesday"": [""8:30AM-4PM""], ""Thursday"": [""8:30AM-4PM""], ""Friday"": [""8:30AM-4PM""], ""Saturday"": [""8:30AM-4PM""], ""Sunday"": [""Closed""]}","Monday,8:30AM,4PM|Tuesday,8:30AM,4PM|Wednesday,8:30AM,4PM|Thursday,8:30AM,4PM|Friday,8:30AM,4PM|Saturday,8:30AM,4PM",,,,,,,,,,"{""Service options"": {""Delivery"": true, ""In-store pick-up"": true, ""In-store shopping"": true}, ""Planning"": {""Quick visit"": true}, ""Payments"": {""Credit cards"": true, ""Debit cards"": true, ""NFC mobile payments"": true}}",,,TRUE,115006525181052126871,Paseo de la Golosina,https://www.google.com/maps/contrib/115006525181052126871,"https://www.google.com/maps/place/Paseo+de+la+Golosina/@-34.616293999999996,-58.371787999999995,14z/data=!4m8!1m2!2m1!1sPaseo+de+la+Golosina!3m4!1s0x95bccb2acd022071:0x296aca92151e7def!8m2!3d-34.616293999999996!4d-58.371787999999995","https://www.google.com/maps/place/Paseo+de+la+Golosina/@-34.616293999999996,-58.371787999999995,13.99z/data=!4m16!1m7!3m6!1s0x95bccb2acd022071:0x296aca92151e7def!2sPaseo+de+la+Golosina!8m2!3d-34.616293999999996!4d-58.371787999999995!16s%2Fg%2F11ckvg1dmb!3m7!1s0x95bccb2acd022071:0x296aca92151e7def!8m2!3d-34.616293999999996!4d-58.371787999999995!9m1!1b1!16s%2Fg%2F11ckvg1dmb?entry=ttu",ChIJcSACzSrLvJUR730eFZLKaik,0x95bccb2acd022071:0x296aca92151e7def,2984420431854730735,/g/11gc9y4j1k,2984420431854730735
"Distribuidora de golosinas, Zona Oeste, CABA, Zona Norte, Zona SUR",Dulcemania,Dulcemania,Tienda de comestibles mayorista,+54 11 4942-7775,,"Av. Jujuy 1262, C1247ABN Cdad. Autónoma de Buenos Aires",Av. Jujuy 1262,"San Cristóbal, Comuna 3",C1247,Argentina,AR,"-34,6247647","-58,4018023",89c2e311193ffff,America/Buenos_Aires,,FALSE,"4,3",76,https://search.google.com/local/reviews?placeid=ChIJFY_mvh3LvJURCyAmCwGRTOU&q=*&authuser=0&hl=en&gl=AR,,https://lh3.googleusercontent.com/gps-cs-s/AHRPTWm2LkX1-2mAL6zmlmcGJYfj69zJnDp2XwgxBocBtBYNBaR8YCMuX9IvIJP5qNXvTNkAuXIqLkSkep5vjvpxIo47Iv6F9lFfYm3Ahzw0a4CUUaNxNuD15Nq3l5aMrarsMcNR6hwO0g=w800-h500-k-no,https://lh3.googleusercontent.com/gps-cs-s/AHRPTWm2LkX1-2mAL6zmlmcGJYfj69zJnDp2XwgxBocBtBYNBaR8YCMuX9IvIJP5qNXvTNkAuXIqLkSkep5vjvpxIo47Iv6F9lFfYm3Ahzw0a4CUUaNxNuD15Nq3l5aMrarsMcNR6hwO0g=w1600-h1000-k-no,https://lh6.googleusercontent.com/-pnJrVpOT6BE/AAAAAAAAAAI/AAAAAAAAAAA/9oTxtU5fM_s/s44-p-k-no-ns-nd/photo.jpg,,,OPERATIONAL,"{""Monday"": [""9AM-6PM""], ""Tuesday"": [""9AM-6PM""], ""Wednesday"": [""9AM-6PM""], ""Thursday"": [""9AM-6PM""], ""Friday"": [""9AM-6PM""], ""Saturday"": [""9AM-1PM""], ""Sunday"": [""Closed""]}","Monday,9AM,6PM|Tuesday,9AM,6PM|Wednesday,9AM,6PM|Thursday,9AM,6PM|Friday,9AM,6PM|Saturday,9AM,1PM",,,,,,,,,,"{""Accessibility"": {""Wheelchair-accessible car park"": false}, ""Payments"": {""Debit cards"": true, ""NFC mobile payments"": true, ""Credit cards"": true}}",,,TRUE,117572206015351254908,Dulcemania,https://www.google.com/maps/contrib/117572206015351254908,"https://www.google.com/maps/place/Dulcemania/@-34.6247647,-58.4018023,14z/data=!4m8!1m2!2m1!1sDulcemania!3m4!1s0x95bccb1dbee68f15:0xe54c91010b26200b!8m2!3d-34.6247647!4d-58.4018023","https://www.google.com/maps/place/Dulcemania/@-34.6247647,-58.4018023,13.99z/data=!4m16!1m7!3m6!1s0x95bccb1dbee68f15:0xe54c91010b26200b!2sDulcemania!8m2!3d-34.6247647!4d-58.4018023!16s%2Fg%2F11ckvg1dmb!3m7!1s0x95bccb1dbee68f15:0xe54c91010b26200b!8m2!3d-34.6247647!4d-58.4018023!9m1!1b1!16s%2Fg%2F11ckvg1dmb?entry=ttu",ChIJFY_mvh3LvJURCyAmCwGRTOU,0x95bccb1dbee68f15:0xe54c91010b26200b,16522740566583549963,/g/11b76q2fy0,-1924003507126001653
"Distribuidora de golosinas, Zona Oeste, CABA, Zona Norte, Zona SUR",The Bohemians srl,The Bohemians Srl,Mayorista de confitería,+54 11 4305-8638,http://www.losbohemios.com.ar/,"O'Brien 1171, C1137 Cdad. Autónoma de Buenos Aires",O'Brien 1171,"Constitución, Buenos Aires, Comuna 1",C1137,Argentina,AR,"-34,6289481","-58,3822202",89c2e311017ffff,America/Buenos_Aires,,FALSE,"4,3",187,https://search.google.com/local/reviews?placeid=ChIJJRgJbTDLvJURg2WSEOA2wKQ&q=*&authuser=0&hl=en&gl=AR,,https://lh3.googleusercontent.com/gps-cs-s/AHRPTWn02hxkjfwdvllgQCg_uc2MPIvIn-Da7L2wyBuIHxLelPlRO1s4ayAoyHB_niJ9jBmCndHGbtW5XmBvDiLJDp88blrgxOmTLm0zPy_gGl3s7Y7Llhg-o71e4Zvw6ptGi_ToYGAk=w800-h500-k-no,https://lh3.googleusercontent.com/gps-cs-s/AHRPTWn02hxkjfwdvllgQCg_uc2MPIvIn-Da7L2wyBuIHxLelPlRO1s4ayAoyHB_niJ9jBmCndHGbtW5XmBvDiLJDp88blrgxOmTLm0zPy_gGl3s7Y7Llhg-o71e4Zvw6ptGi_ToYGAk=w1600-h1000-k-no,https://lh3.googleusercontent.com/-hjqfFN8XmSQ/AAAAAAAAAAI/AAAAAAAAAAA/Mtuj3eovW_U/s44-p-k-no-ns-nd/photo.jpg,,,OPERATIONAL,"{""Monday"": [""8AM-4:30PM""], ""Tuesday"": [""8AM-4:30PM""], ""Wednesday"": [""8AM-4:30PM""], ""Thursday"": [""8AM-4:30PM""], ""Friday"": [""8AM-4:30PM""], ""Saturday"": [""8AM-1PM""], ""Sunday"": [""Closed""]}","Monday,8AM,4:30PM|Tuesday,8AM,4:30PM|Wednesday,8AM,4:30PM|Thursday,8AM,4:30PM|Friday,8AM,4:30PM|Saturday,8AM,1PM",,,,,,,,,,"{""Amenities"": {""Toilet"": false}, ""Payments"": {""Debit cards"": true}}",,,TRUE,108819093476986091993,The Bohemians srl,https://www.google.com/maps/contrib/108819093476986091993,"https://www.google.com/maps/place/The+Bohemians+srl/@-34.628948099999995,-58.3822202,14z/data=!4m8!1m2!2m1!1sThe+Bohemians+srl!3m4!1s0x95bccb306d091825:0xa4c036e010926583!8m2!3d-34.628948099999995!4d-58.3822202","https://www.google.com/maps/place/The+Bohemians+srl/@-34.628948099999995,-58.3822202,13.99z/data=!4m16!1m7!3m6!1s0x95bccb306d091825:0xa4c036e010926583!2sThe+Bohemians+srl!8m2!3d-34.628948099999995!4d-58.3822202!16s%2Fg%2F11ckvg1dmb!3m7!1s0x95bccb306d091825:0xa4c036e010926583!8m2!3d-34.628948099999995!4d-58.3822202!9m1!1b1!16s%2Fg%2F11ckvg1dmb?entry=ttu",ChIJJRgJbTDLvJURg2WSEOA2wKQ,0x95bccb306d091825:0xa4c036e010926583,11871548953727231363,/g/1w666lz2,-6575195119982320253
"Distribuidora de golosinas, Zona Oeste, CABA, Zona Norte, Zona SUR",Compañía de Golosinas,Compañía De Golosinas,Candy store,+54 11 3498-6118,https://xn--compaiadegolosinas-r0b.com/,"Av. Rivadavia 4417, C1184 Cdad. Autónoma de Buenos Aires",Av. Rivadavia 4417,"Almagro, Comuna 5",C1184,Argentina,AR,"-34,6144111","-58,4280572",89c2e310227ffff,America/Buenos_Aires,,FALSE,4,49,https://search.google.com/local/reviews?placeid=ChIJlTwlw-_LvJURscSDjTqsUFI&q=*&authuser=0&hl=en&gl=AR,,https://lh3.googleusercontent.com/gps-cs-s/AHRPTWlz5ewvlCmSzkWOHjU_gAXlocwCnbTqNh9wr5Bx_BsK4DTGcIeQfrGZW6H0SIP660PalotCZJ2tPRcTZbf9W1YvCkyQ5AZ1M-oZbsElHu9vJCfvnH6aHyct_pDk59Uo2DSFaVau=w800-h500-k-no,https://lh3.googleusercontent.com/gps-cs-s/AHRPTWlz5ewvlCmSzkWOHjU_gAXlocwCnbTqNh9wr5Bx_BsK4DTGcIeQfrGZW6H0SIP660PalotCZJ2tPRcTZbf9W1YvCkyQ5AZ1M-oZbsElHu9vJCfvnH6aHyct_pDk59Uo2DSFaVau=w1600-h1000-k-no,,,,OPERATIONAL,"{""Monday"": [""7:30AM-9PM""], ""Tuesday"": [""7:30AM-9PM""], ""Wednesday"": [""7:30AM-9PM""], ""Thursday"": [""7:30AM-9PM""], ""Friday"": [""7:30AM-9PM""], ""Saturday"": [""9AM-8PM""], ""Sunday"": [""10AM-5:30PM""]}","Sunday,10AM,5:30PM|Monday,7:30AM,9PM|Tuesday,7:30AM,9PM|Wednesday,7:30AM,9PM|Thursday,7:30AM,9PM|Friday,7:30AM,9PM|Saturday,9AM,8PM",,,,,,,,,,"{""Service options"": {""Delivery"": true}, ""Accessibility"": {""Wheelchair-accessible car park"": false}, ""Planning"": {""Quick visit"": true}, ""Payments"": {""Credit cards"": true, ""Debit cards"": true, ""NFC mobile payments"": true}}",,,FALSE,None,Compañía de Golosinas,,"https://www.google.com/maps/place/Compa%C3%B1%C3%ADa+de+Golosinas/@-34.6144111,-58.4280572,14z/data=!4m8!1m2!2m1!1sCompa%C3%B1%C3%ADa+de+Golosinas!3m4!1s0x95bccbefc3253c95:0x5250ac3a8d83c4b1!8m2!3d-34.6144111!4d-58.4280572","https://www.google.com/maps/place/Compa%C3%B1%C3%ADa+de+Golosinas/@-34.6144111,-58.4280572,13.99z/data=!4m16!1m7!3m6!1s0x95bccbefc3253c95:0x5250ac3a8d83c4b1!2sCompa%C3%B1%C3%ADa+de+Golosinas!8m2!3d-34.6144111!4d-58.4280572!16s%2Fg%2F11ckvg1dmb!3m7!1s0x95bccbefc3253c95:0x5250ac3a8d83c4b1!8m2!3d-34.6144111!4d-58.4280572!9m1!1b1!16s%2Fg%2F11ckvg1dmb?entry=ttu",ChIJlTwlw-_LvJURscSDjTqsUFI,0x95bccbefc3253c95:0x5250ac3a8d83c4b1,5931430076729246897,/g/11r61x1j5f,5931430076729246897
"Distribuidora de golosinas, Zona Oeste, CABA, Zona Norte, Zona SUR",Mi Golosinero S.R.L.,Mi Golosinero S R L,Tienda de delicatessen,+54 11 2623-0408,http://migolosinero.com/,"México 3661, C1223ABW Cdad. Autónoma de Buenos Aires",México 3661,"Balvanera, Comuna 5",C1223,Argentina,AR,"-34,6196332","-58,4174472",89c2e31020bffff,America/Buenos_Aires,,FALSE,"4,8",47,https://search.google.com/local/reviews?placeid=ChIJTbw0i5C1vJURfr91DS35YDg&q=*&authuser=0&hl=en&gl=AR,,https://lh3.googleusercontent.com/gps-cs-s/AHRPTWl79etKxaI4pb0n6bmWevTN2VaV8XLkv8FToHIK8hQZVm6LnT-vq2sNKIroHPqBQcc-gOWlUnupiVKTegWM12XrET50YliVQOsy6KAC1vxiS0bRC6kD7gbdNVNNdjfe9EKW9_GI=w800-h500-k-no,https://lh3.googleusercontent.com/gps-cs-s/AHRPTWl79etKxaI4pb0n6bmWevTN2VaV8XLkv8FToHIK8hQZVm6LnT-vq2sNKIroHPqBQcc-gOWlUnupiVKTegWM12XrET50YliVQOsy6KAC1vxiS0bRC6kD7gbdNVNNdjfe9EKW9_GI=w1600-h1000-k-no,https://lh6.googleusercontent.com/-B4V1yKP0mUU/AAAAAAAAAAI/AAAAAAAAAAA/imJIJ8aE4aE/s44-p-k-no-ns-nd/photo.jpg,,,OPERATIONAL,"{""Monday"": [""8AM-8PM""], ""Tuesday"": [""8AM-8PM""], ""Wednesday"": [""8AM-8PM""], ""Thursday"": [""8AM-8PM""], ""Friday"": [""8AM-8PM""], ""Saturday"": [""8AM-8PM""], ""Sunday"": [""8AM-8PM""]}","Sunday,8AM,8PM|Monday,8AM,8PM|Tuesday,8AM,8PM|Wednesday,8AM,8PM|Thursday,8AM,8PM|Friday,8AM,8PM|Saturday,8AM,8PM",,,,,,,,,,"{""Service options"": {""Delivery"": true, ""In-store pick-up"": true}, ""Highlights"": {""Great produce"": true}, ""Accessibility"": {""Wheelchair-accessible car park"": false}, ""Planning"": {""Appointment required"": true, ""Quick visit"": true}, ""Payments"": {""Credit cards"": true, ""Debit cards"": true, ""NFC mobile payments"": true}}",,,TRUE,104931364240972305719,Mi Golosinero S.R.L.,https://www.google.com/maps/contrib/104931364240972305719,"https://www.google.com/maps/place/Mi+Golosinero+S.R.L./@-34.619633199999996,-58.4174472,14z/data=!4m8!1m2!2m1!1sMi+Golosinero+S.R.L.!3m4!1s0x95bcb5908b34bc4d:0x3860f92d0d75bf7e!8m2!3d-34.619633199999996!4d-58.4174472","https://www.google.com/maps/place/Mi+Golosinero+S.R.L./@-34.619633199999996,-58.4174472,13.99z/data=!4m16!1m7!3m6!1s0x95bcb5908b34bc4d:0x3860f92d0d75bf7e!2sMi+Golosinero+S.R.L.!8m2!3d-34.619633199999996!4d-58.4174472!16s%2Fg%2F11ckvg1dmb!3m7!1s0x95bcb5908b34bc4d:0x3860f92d0d75bf7e!8m2!3d-34.619633199999996!4d-58.4174472!9m1!1b1!16s%2Fg%2F11ckvg1dmb?entry=ttu",ChIJTbw0i5C1vJURfr91DS35YDg,0x95bcb5908b34bc4d:0x3860f92d0d75bf7e,4062520835782852478,/g/11c543drp9,4062520835782852478
"Distribuidora de golosinas, Zona Oeste, CABA, Zona Norte, Zona SUR",Dulce Estilo,Dulce Estilo,Tienda de golosinas,+54 11 3697-6894,,"Av. Rivadavia 3960, C1204 AAR, Cdad. Autónoma de Buenos Aires",Av. Rivadavia 3960,Almagro,C1204,Argentina,AR,"-34,6124288","-58,4215714",89c2e311c93ffff,America/Buenos_Aires,,FALSE,"4,1",53,https://search.google.com/local/reviews?placeid=ChIJf7TyjF7KvJURMs8rV4EhLIQ&q=*&authuser=0&hl=en&gl=AR,,https://lh3.googleusercontent.com/gps-cs-s/AHRPTWn4O7oT5mO92ywNRZ5lQnOrT1JVHlxQCGWtSl6jWJurlB4KLAVwqPeirEql621OkKTRnElikgEMVf9Ylm-tvklvlhlCBoMSK1r3DHhzwQyLiGDg7adwhYwLzOqc5ZfYEF3mwMPqPQ=w800-h500-k-no,https://lh3.googleusercontent.com/gps-cs-s/AHRPTWn4O7oT5mO92ywNRZ5lQnOrT1JVHlxQCGWtSl6jWJurlB4KLAVwqPeirEql621OkKTRnElikgEMVf9Ylm-tvklvlhlCBoMSK1r3DHhzwQyLiGDg7adwhYwLzOqc5ZfYEF3mwMPqPQ=w1600-h1000-k-no,,,,OPERATIONAL,"{""Monday"": [""10AM-7PM""], ""Tuesday"": [""10AM-7PM""], ""Wednesday"": [""10AM-7PM""], ""Thursday"": [""10AM-7PM""], ""Friday"": [""10AM-7PM""], ""Saturday"": [""10AM-3PM""], ""Sunday"": [""Closed""]}","Monday,10AM,7PM|Tuesday,10AM,7PM|Wednesday,10AM,7PM|Thursday,10AM,7PM|Friday,10AM,7PM|Saturday,10AM,3PM",,,,,,,,,,"{""Accessibility"": {""Wheelchair-accessible car park"": false}, ""Planning"": {""Quick visit"": true}, ""Payments"": {""Credit cards"": true, ""Debit cards"": true, ""NFC mobile payments"": true}}",,,FALSE,None,Dulce Estilo,,"https://www.google.com/maps/place/Dulce+Estilo/@-34.612428799999996,-58.4215714,14z/data=!4m8!1m2!2m1!1sDulce+Estilo!3m4!1s0x95bcca5e8cf2b47f:0x842c2181572bcf32!8m2!3d-34.612428799999996!4d-58.4215714","https://www.google.com/maps/place/Dulce+Estilo/@-34.612428799999996,-58.4215714,13.99z/data=!4m16!1m7!3m6!1s0x95bcca5e8cf2b47f:0x842c2181572bcf32!2sDulce+Estilo!8m2!3d-34.612428799999996!4d-58.4215714!16s%2Fg%2F11ckvg1dmb!3m7!1s0x95bcca5e8cf2b47f:0x842c2181572bcf32!8m2!3d-34.612428799999996!4d-58.4215714!9m1!1b1!16s%2Fg%2F11ckvg1dmb?entry=ttu",ChIJf7TyjF7KvJURMs8rV4EhLIQ,0x95bcca5e8cf2b47f:0x842c2181572bcf32,9524024151378743090,/g/11b6dy32nz,-8922719922330808526
"Distribuidora de golosinas, Zona Oeste, CABA, Zona Norte, Zona SUR",Maxi K Golosinas Saludables,Maxi K Golosinas Saludables,Tienda de golosinas,+54 11 3361-1038,,"Esmeralda 1251, C1007 Cdad. Autónoma de Buenos Aires",Esmeralda 1251,"Retiro, Comuna 1",C1007,Argentina,AR,"-34,5935243","-58,378463",89c2e31ad17ffff,America/Buenos_Aires,,FALSE,5,18,https://search.google.com/local/reviews?placeid=ChIJ7fcAjLbKvJURyLdY-dtjf0g&q=*&authuser=0&hl=en&gl=AR,,https://lh3.googleusercontent.com/gps-cs-s/AHRPTWmCq-jI2L7kJ-YBUZw1rfZhfcvAS7FTFFGtT74J5u3FdTI39L728t-erzuc1PQ_A8jQdkadm6oS8UoR4oyUPue7XiHx7YiYPExOkkxC6-n_v5C-lgu4I_NlRtTiETLRAPrnbdSm=w800-h500-k-no,https://lh3.googleusercontent.com/gps-cs-s/AHRPTWmCq-jI2L7kJ-YBUZw1rfZhfcvAS7FTFFGtT74J5u3FdTI39L728t-erzuc1PQ_A8jQdkadm6oS8UoR4oyUPue7XiHx7YiYPExOkkxC6-n_v5C-lgu4I_NlRtTiETLRAPrnbdSm=w1600-h1000-k-no,https://lh3.googleusercontent.com/-P9sbkeZrqQ0/AAAAAAAAAAI/AAAAAAAAAAA/B2KERCjk-kM/s44-p-k-no-ns-nd/photo.jpg,,,OPERATIONAL,"{""Monday"": [""8AM-5PM""], ""Tuesday"": [""8AM-5PM""], ""Wednesday"": [""8AM-5PM""], ""Thursday"": [""8AM-5PM""], ""Friday"": [""8AM-5PM""], ""Saturday"": [""Closed""], ""Sunday"": [""Closed""]}","Monday,8AM,5PM|Tuesday,8AM,5PM|Wednesday,8AM,5PM|Thursday,8AM,5PM|Friday,8AM,5PM",,,,,,,,,,"{""Service options"": {""Delivery"": true}, ""Accessibility"": {""Wheelchair-accessible entrance"": true, ""Wheelchair-accessible car park"": false}, ""Planning"": {""Quick visit"": true}, ""Payments"": {""Credit cards"": true, ""Debit cards"": true, ""NFC mobile payments"": true}}",,,TRUE,105385809293345800533,Maxi K Golosinas Saludables,https://www.google.com/maps/contrib/105385809293345800533,"https://www.google.com/maps/place/Maxi+K+Golosinas+Saludables/@-34.5935243,-58.378462999999996,14z/data=!4m8!1m2!2m1!1sMaxi+K+Golosinas+Saludables!3m4!1s0x95bccab68c00f7ed:0x487f63dbf958b7c8!8m2!3d-34.5935243!4d-58.378462999999996","https://www.google.com/maps/place/Maxi+K+Golosinas+Saludables/@-34.5935243,-58.378462999999996,13.99z/data=!4m16!1m7!3m6!1s0x95bccab68c00f7ed:0x487f63dbf958b7c8!2sMaxi+K+Golosinas+Saludables!8m2!3d-34.5935243!4d-58.378462999999996!16s%2Fg%2F11ckvg1dmb!3m7!1s0x95bccab68c00f7ed:0x487f63dbf958b7c8!8m2!3d-34.5935243!4d-58.378462999999996!9m1!1b1!16s%2Fg%2F11ckvg1dmb?entry=ttu",ChIJ7fcAjLbKvJURyLdY-dtjf0g,0x95bccab68c00f7ed:0x487f63dbf958b7c8,5224003889205393352,/g/11b6pz8f0m,5224003889205393352
"Distribuidora de golosinas, Zona Oeste, CABA, Zona Norte, Zona SUR",Compañía de Golosinas,Compañía De Golosinas,Tienda de golosinas,,https://xn--compaiadegolosinas-r0b.com/,"Av. Córdoba 791, C1054AAG C1054AAG, Cdad. Autónoma de Buenos Aires",Av. Córdoba 791,Retiro,C1054,Argentina,AR,"-34,5987708","-58,3780201",89c2e31ad8bffff,America/Buenos_Aires,,FALSE,"2,5",10,https://search.google.com/local/reviews?placeid=ChIJcYktqn_LvJURscjwjNJi8Ko&q=*&authuser=0&hl=en&gl=AR,,https://lh3.googleusercontent.com/gps-cs-s/AHRPTWk-BkkG6CEUsPsKbChfamDCyuBaTTOpZmtoyMbfz9ydJWQfisI7Vt_x2Q7gpR4UM8yPZzEv3pkesbR4kmsQjToZ7mXwhlAH_I0Bxt0sfo3L1n9Ni7i85UqLCkshkMk0cjH-4TY1=w800-h500-k-no,https://lh3.googleusercontent.com/gps-cs-s/AHRPTWk-BkkG6CEUsPsKbChfamDCyuBaTTOpZmtoyMbfz9ydJWQfisI7Vt_x2Q7gpR4UM8yPZzEv3pkesbR4kmsQjToZ7mXwhlAH_I0Bxt0sfo3L1n9Ni7i85UqLCkshkMk0cjH-4TY1=w1600-h1000-k-no,,,,OPERATIONAL,"{""Monday"": [""7:30AM-9PM""], ""Tuesday"": [""7:30AM-9PM""], ""Wednesday"": [""7:30AM-9PM""], ""Thursday"": [""7:30AM-9PM""], ""Friday"": [""7:30AM-9PM""], ""Saturday"": [""10AM-5:30PM""], ""Sunday"": [""Closed""]}","Monday,7:30AM,9PM|Tuesday,7:30AM,9PM|Wednesday,7:30AM,9PM|Thursday,7:30AM,9PM|Friday,7:30AM,9PM|Saturday,10AM,5:30PM",,,,,,,,,,"{""Accessibility"": {""Wheelchair-accessible car park"": false}, ""Planning"": {""Quick visit"": true}, ""Payments"": {""Credit cards"": true, ""Debit cards"": true, ""NFC mobile payments"": true}}",,,FALSE,None,Compañía de Golosinas,,"https://www.google.com/maps/place/Compa%C3%B1%C3%ADa+de+Golosinas/@-34.5987708,-58.3780201,14z/data=!4m8!1m2!2m1!1sCompa%C3%B1%C3%ADa+de+Golosinas!3m4!1s0x95bccb7faa2d8971:0xaaf062d28cf0c8b1!8m2!3d-34.5987708!4d-58.3780201","https://www.google.com/maps/place/Compa%C3%B1%C3%ADa+de+Golosinas/@-34.5987708,-58.3780201,13.99z/data=!4m16!1m7!3m6!1s0x95bccb7faa2d8971:0xaaf062d28cf0c8b1!2sCompa%C3%B1%C3%ADa+de+Golosinas!8m2!3d-34.5987708!4d-58.3780201!16s%2Fg%2F11ckvg1dmb!3m7!1s0x95bccb7faa2d8971:0xaaf062d28cf0c8b1!8m2!3d-34.5987708!4d-58.3780201!9m1!1b1!16s%2Fg%2F11ckvg1dmb?entry=ttu",ChIJcYktqn_LvJURscjwjNJi8Ko,0x95bccb7faa2d8971:0xaaf062d28cf0c8b1,12317453637305551025,/g/11sw_bg__6,-6129290436404000591
"Distribuidora de golosinas, Zona Oeste, CABA, Zona Norte, Zona SUR",Almacén de Dulces,Almacén De Dulces,Tienda de golosinas,+54 11 4862-1864,,"Gascón 696, C1181 ACL, Cdad. Autónoma de Buenos Aires",Gascón 696,Almagro,C1181,Argentina,AR,"-34,6031009","-58,4240683",89c2e311cabffff,America/Buenos_Aires,,FALSE,"4,8",6,https://search.google.com/local/reviews?placeid=ChIJfd4AbGTKvJURzvx4H3RSNBA&q=*&authuser=0&hl=en&gl=AR,,https://lh3.googleusercontent.com/gps-cs-s/AHRPTWnZK9ndOaA-tAATxr2tykEMFUJCI2zlYl9cHdEzSzMl5Ny0EEGtvTp9GK7Z44ieGVpCJPhHrrxA5jTIQ5hdj7gvuiEgeGpUElobC26VyK9To9ZDXdfbXLAIIJ-TKfgtt-0_wp01vw=w800-h500-k-no,https://lh3.googleusercontent.com/gps-cs-s/AHRPTWnZK9ndOaA-tAATxr2tykEMFUJCI2zlYl9cHdEzSzMl5Ny0EEGtvTp9GK7Z44ieGVpCJPhHrrxA5jTIQ5hdj7gvuiEgeGpUElobC26VyK9To9ZDXdfbXLAIIJ-TKfgtt-0_wp01vw=w1600-h1000-k-no,https://lh4.googleusercontent.com/-etAJcQsjPas/AAAAAAAAAAI/AAAAAAAAAAA/MiBa41OXqgw/s44-p-k-no-ns-nd/photo.jpg,,,OPERATIONAL,"{""Monday"": [""9AM-7PM""], ""Tuesday"": [""9AM-7PM""], ""Wednesday"": [""9AM-7PM""], ""Thursday"": [""9AM-7PM""], ""Friday"": [""9AM-7PM""], ""Saturday"": [""9AM-1PM""], ""Sunday"": [""Closed""]}","Monday,9AM,7PM|Tuesday,9AM,7PM|Wednesday,9AM,7PM|Thursday,9AM,7PM|Friday,9AM,7PM|Saturday,9AM,1PM",,,,,,,,,,"{""Accessibility"": {""Wheelchair-accessible car park"": false}, ""Crowd"": {""LGBTQ+ friendly"": true}, ""Planning"": {""Quick visit"": true}, ""Payments"": {""Debit cards"": true, ""Credit cards"": true}, ""Other"": {""LGBTQ+ friendly"": true}}",,,TRUE,103907367391102181404,Almacén de Dulces,https://www.google.com/maps/contrib/103907367391102181404,"https://www.google.com/maps/place/Almac%C3%A9n+de+Dulces/@-34.6031009,-58.424068299999995,14z/data=!4m8!1m2!2m1!1sAlmac%C3%A9n+de+Dulces!3m4!1s0x95bcca646c00de7d:0x103452741f78fcce!8m2!3d-34.6031009!4d-58.424068299999995","https://www.google.com/maps/place/Almac%C3%A9n+de+Dulces/@-34.6031009,-58.424068299999995,13.99z/data=!4m16!1m7!3m6!1s0x95bcca646c00de7d:0x103452741f78fcce!2sAlmac%C3%A9n+de+Dulces!8m2!3d-34.6031009!4d-58.424068299999995!16s%2Fg%2F11ckvg1dmb!3m7!1s0x95bcca646c00de7d:0x103452741f78fcce!8m2!3d-34.6031009!4d-58.424068299999995!9m1!1b1!16s%2Fg%2F11ckvg1dmb?entry=ttu",ChIJfd4AbGTKvJURzvx4H3RSNBA,0x95bcca646c00de7d:0x103452741f78fcce,1167648862093507790,/g/11b6drb6dm,1167648862093507790
"Distribuidora de golosinas, Zona Oeste, CABA, Zona Norte, Zona SUR",Tienda de Golosinas,Tienda De Golosinas,Tienda de golosinas,,,"Montevideo 530, C1019 ABL, Cdad. Autónoma de Buenos Aires",Montevideo 530,San Nicolás,C1019,Argentina,AR,"-34,6024906","-58,3897111",89c2e311ecbffff,America/Buenos_Aires,,FALSE,5,1,https://search.google.com/local/reviews?placeid=ChIJZwkPVXHLvJURIUKz0MtyJe4&q=*&authuser=0&hl=en&gl=AR,,https://lh3.googleusercontent.com/gps-cs-s/AHRPTWkBcucXwKFuLmKD66_NrsnIxTge_s7-6ff573H7_MINm60jfhzBkgaWbVi2kSelJswoIzC_Z3YD5DHqKyYcIygFk9mGkQJPsMDT1rbT1vH5_k_NpIqORfxV_ryF9aFbUE76yruM=w800-h500-k-no,https://lh3.googleusercontent.com/gps-cs-s/AHRPTWkBcucXwKFuLmKD66_NrsnIxTge_s7-6ff573H7_MINm60jfhzBkgaWbVi2kSelJswoIzC_Z3YD5DHqKyYcIygFk9mGkQJPsMDT1rbT1vH5_k_NpIqORfxV_ryF9aFbUE76yruM=w1600-h1000-k-no,,,,OPERATIONAL,,,,,,,,,,,,"{""Accessibility"": {""Wheelchair-accessible car park"": false}, ""Planning"": {""Quick visit"": true}, ""Payments"": {""Debit cards"": true}}",,,FALSE,None,Tienda de Golosinas,,"https://www.google.com/maps/place/Tienda+de+Golosinas/@-34.602490599999996,-58.3897111,14z/data=!4m8!1m2!2m1!1sTienda+de+Golosinas!3m4!1s0x95bccb71550f0967:0xee2572cbd0b34221!8m2!3d-34.602490599999996!4d-58.3897111","https://www.google.com/maps/place/Tienda+de+Golosinas/@-34.602490599999996,-58.3897111,13.99z/data=!4m16!1m7!3m6!1s0x95bccb71550f0967:0xee2572cbd0b34221!2sTienda+de+Golosinas!8m2!3d-34.602490599999996!4d-58.3897111!16s%2Fg%2F11ckvg1dmb!3m7!1s0x95bccb71550f0967:0xee2572cbd0b34221!8m2!3d-34.602490599999996!4d-58.3897111!9m1!1b1!16s%2Fg%2F11ckvg1dmb?entry=ttu",ChIJZwkPVXHLvJURIUKz0MtyJe4,0x95bccb71550f0967:0xee2572cbd0b34221,17160248174870479393,/g/11ng0wffrp,-1286495898839072223
"Distribuidora de golosinas, Zona Oeste, CABA, Zona Norte, Zona SUR",La Golosineria,La Golosineria,Tienda de golosinas,,,"Lavalle 697, C1007 Cdad. Autónoma de Buenos Aires",Lavalle 697,"San Nicolás, Comuna 1",C1007,Argentina,AR,"-34,6023541","-58,3765951",89c2e311367ffff,America/Buenos_Aires,,FALSE,4,83,https://search.google.com/local/reviews?placeid=ChIJ2auM307LvJUR7bpmZJofatQ&q=*&authuser=0&hl=en&gl=AR,,https://lh3.googleusercontent.com/gps-cs-s/AHRPTWnGt0vrphG89nHI3OW77FVILJzP-ZMC9zn1_-z23ugSK01_KVywceT7o0GORqYnQtZjYz6i3TdVvCkHasvPXmbQVs-V-HDuPoR3IWYg2vppEAm-S8BDZTvnuucd9gubTMFSxLfC3Q=w800-h500-k-no,https://lh3.googleusercontent.com/gps-cs-s/AHRPTWnGt0vrphG89nHI3OW77FVILJzP-ZMC9zn1_-z23ugSK01_KVywceT7o0GORqYnQtZjYz6i3TdVvCkHasvPXmbQVs-V-HDuPoR3IWYg2vppEAm-S8BDZTvnuucd9gubTMFSxLfC3Q=w1600-h1000-k-no,,,,OPERATIONAL,"{""Monday"": [""9AM-8PM""], ""Tuesday"": [""9AM-8PM""], ""Wednesday"": [""9AM-8PM""], ""Thursday"": [""9AM-8PM""], ""Friday"": [""9AM-8PM""], ""Saturday"": [""9AM-8PM""], ""Sunday"": [""11AM-6PM""]}","Sunday,11AM,6PM|Monday,9AM,8PM|Tuesday,9AM,8PM|Wednesday,9AM,8PM|Thursday,9AM,8PM|Friday,9AM,8PM|Saturday,9AM,8PM",,,,,,,,,,"{""Service options"": {""Delivery"": true}, ""Accessibility"": {""Wheelchair-accessible car park"": false}, ""Planning"": {""Quick visit"": true}, ""Payments"": {""Credit cards"": true, ""Debit cards"": true, ""NFC mobile payments"": true}}",,,FALSE,None,La Golosineria,,"https://www.google.com/maps/place/La+Golosineria/@-34.6023541,-58.376595099999996,14z/data=!4m8!1m2!2m1!1sLa+Golosineria!3m4!1s0x95bccb4edf8cabd9:0xd46a1f9a6466baed!8m2!3d-34.6023541!4d-58.376595099999996","https://www.google.com/maps/place/La+Golosineria/@-34.6023541,-58.376595099999996,13.99z/data=!4m16!1m7!3m6!1s0x95bccb4edf8cabd9:0xd46a1f9a6466baed!2sLa+Golosineria!8m2!3d-34.6023541!4d-58.376595099999996!16s%2Fg%2F11ckvg1dmb!3m7!1s0x95bccb4edf8cabd9:0xd46a1f9a6466baed!8m2!3d-34.6023541!4d-58.376595099999996!9m1!1b1!16s%2Fg%2F11ckvg1dmb?entry=ttu",ChIJ2auM307LvJUR7bpmZJofatQ,0x95bccb4edf8cabd9:0xd46a1f9a6466baed,15306081031541930733,/g/11s7tqwzjc,-3140663042167620883
"Distribuidora de golosinas, Zona Oeste, CABA, Zona Norte, Zona SUR",Compañía de Golosinas,Compañía De Golosinas,Tienda de golosinas,,,"Florida 138, C1005AAD Cdad. Autónoma de Buenos Aires",Florida 138,"San Nicolás, Comuna 1",C1005,Argentina,AR,"-34,6064437","-58,3751475",89c2e311373ffff,America/Buenos_Aires,,FALSE,"2,2",15,https://search.google.com/local/reviews?placeid=ChIJDbDSGjfLvJUR6M8jvW_deeI&q=*&authuser=0&hl=en&gl=AR,,https://lh3.googleusercontent.com/gps-cs-s/AHRPTWmSOfuDOieSfcmIaafZkocLG_uCBX3I2u8zbOjmfT0U6zL7geXFV6QoBcd4axaB8H9zq_A33LjIsDjLyVbe0m3q7e6ZI6UZhrpJjEbNQA2WYtaQIBVfUWcKVBwDYJ4Ox4iJusXxRnm7EqQb=w800-h500-k-no,https://lh3.googleusercontent.com/gps-cs-s/AHRPTWmSOfuDOieSfcmIaafZkocLG_uCBX3I2u8zbOjmfT0U6zL7geXFV6QoBcd4axaB8H9zq_A33LjIsDjLyVbe0m3q7e6ZI6UZhrpJjEbNQA2WYtaQIBVfUWcKVBwDYJ4Ox4iJusXxRnm7EqQb=w1600-h1000-k-no,,,,OPERATIONAL,"{""Monday"": [""7:30AM-9PM""], ""Tuesday"": [""7:30AM-9PM""], ""Wednesday"": [""7:30AM-9PM""], ""Thursday"": [""7:30AM-9PM""], ""Friday"": [""7:30AM-9PM""], ""Saturday"": [""8AM-8PM""], ""Sunday"": [""Closed""]}","Monday,7:30AM,9PM|Tuesday,7:30AM,9PM|Wednesday,7:30AM,9PM|Thursday,7:30AM,9PM|Friday,7:30AM,9PM|Saturday,8AM,8PM",,,,,,,,,,"{""Accessibility"": {""Wheelchair-accessible car park"": false}, ""Planning"": {""Quick visit"": true}, ""Payments"": {""Credit cards"": true, ""Debit cards"": true, ""NFC mobile payments"": true}}",,,FALSE,None,Compañía de Golosinas,,"https://www.google.com/maps/place/Compa%C3%B1%C3%ADa+de+Golosinas/@-34.6064437,-58.3751475,14z/data=!4m8!1m2!2m1!1sCompa%C3%B1%C3%ADa+de+Golosinas!3m4!1s0x95bccb371ad2b00d:0xe279dd6fbd23cfe8!8m2!3d-34.6064437!4d-58.3751475","https://www.google.com/maps/place/Compa%C3%B1%C3%ADa+de+Golosinas/@-34.6064437,-58.3751475,13.99z/data=!4m16!1m7!3m6!1s0x95bccb371ad2b00d:0xe279dd6fbd23cfe8!2sCompa%C3%B1%C3%ADa+de+Golosinas!8m2!3d-34.6064437!4d-58.3751475!16s%2Fg%2F11ckvg1dmb!3m7!1s0x95bccb371ad2b00d:0xe279dd6fbd23cfe8!8m2!3d-34.6064437!4d-58.3751475!9m1!1b1!16s%2Fg%2F11ckvg1dmb?entry=ttu",ChIJDbDSGjfLvJUR6M8jvW_deeI,0x95bccb371ad2b00d:0xe279dd6fbd23cfe8,16319318196738052072,/g/11sw_bynbr,-2127425876971499544
"Distribuidora de golosinas, Zona Oeste, CABA, Zona Norte, Zona SUR",Mogul,Mogul,Tienda de golosinas,,,"Alto Palermo, Av. Sta. Fe 3253, C1425 Cdad. Autónoma de Buenos Aires","Alto Palermo, Av. Sta. Fe 3253","Palermo, Comuna 14",C1425,Argentina,AR,"-34,5883465","-58,4106883",89c2e311857ffff,America/Buenos_Aires,,FALSE,4,6,https://search.google.com/local/reviews?placeid=ChIJWya052TLvJURsNuekOtEQwU&q=*&authuser=0&hl=en&gl=AR,,https://lh3.googleusercontent.com/gps-cs-s/AHRPTWmixgJ0QFz5Fdn4JR5jdtcy-RvwSg3_1mac3GyO8DQDYLWoJyRbCEdgWTq0Myb1f7ZazaGr22maUyjEviqfzMFcNXkyOdZvEuNIWr2BPJGyHHjzCLEBABZz_T0hYVjF5u-cbpWQWQ=w800-h500-k-no,https://lh3.googleusercontent.com/gps-cs-s/AHRPTWmixgJ0QFz5Fdn4JR5jdtcy-RvwSg3_1mac3GyO8DQDYLWoJyRbCEdgWTq0Myb1f7ZazaGr22maUyjEviqfzMFcNXkyOdZvEuNIWr2BPJGyHHjzCLEBABZz_T0hYVjF5u-cbpWQWQ=w1600-h1000-k-no,,,,OPERATIONAL,"{""Monday"": [""10AM-9PM""], ""Tuesday"": [""10AM-9PM""], ""Wednesday"": [""10AM-9PM""], ""Thursday"": [""10AM-9PM""], ""Friday"": [""10AM-9PM""], ""Saturday"": [""10AM-9PM""], ""Sunday"": [""10AM-9PM""]}","Sunday,10AM,9PM|Monday,10AM,9PM|Tuesday,10AM,9PM|Wednesday,10AM,9PM|Thursday,10AM,9PM|Friday,10AM,9PM|Saturday,10AM,9PM",,,,,,,,,,"{""Planning"": {""Quick visit"": true}}",,,FALSE,None,Mogul,,"https://www.google.com/maps/place/Mogul/@-34.5883465,-58.4106883,14z/data=!4m8!1m2!2m1!1sMogul!3m4!1s0x95bccb64e7b4265b:0x54344eb909edbb0!8m2!3d-34.5883465!4d-58.4106883","https://www.google.com/maps/place/Mogul/@-34.5883465,-58.4106883,13.99z/data=!4m16!1m7!3m6!1s0x95bccb64e7b4265b:0x54344eb909edbb0!2sMogul!8m2!3d-34.5883465!4d-58.4106883!16s%2Fg%2F11ckvg1dmb!3m7!1s0x95bccb64e7b4265b:0x54344eb909edbb0!8m2!3d-34.5883465!4d-58.4106883!9m1!1b1!16s%2Fg%2F11ckvg1dmb?entry=ttu",ChIJWya052TLvJURsNuekOtEQwU,0x95bccb64e7b4265b:0x54344eb909edbb0,379222572163586992,/g/11fsn2w7dv,379222572163586992
"Distribuidora de golosinas, Zona Oeste, CABA, Zona Norte, Zona SUR",Skay Mayorista De Golosinas Y Art Para Kiosco,Skay Mayorista De Golosinas Y Art Para Kiosco,Tienda de golosinas,,,C1137 Buenos Aires,,"Constitución, Buenos Aires, Comuna 1",C1137,Argentina,AR,"-34,6241324","-58,3827072",89c2e31103bffff,America/Buenos_Aires,,FALSE,3,1,https://search.google.com/local/reviews?placeid=ChIJR4VbZy_LvJURDQX79GJT2zM&q=*&authuser=0&hl=en&gl=AR,,https://streetviewpixels-pa.googleapis.com/v1/thumbnail?panoid=fcUVEQtqbbvmhFYoA2JY1g&cb_client=search.gws-prod.gps&w=800&h=500&yaw=109.5282&pitch=0&thumbfov=100,https://streetviewpixels-pa.googleapis.com/v1/thumbnail?panoid=fcUVEQtqbbvmhFYoA2JY1g&cb_client=search.gws-prod.gps&w=1600&h=1000&yaw=109.5282&pitch=0&thumbfov=100,,,,OPERATIONAL,"{""Monday"": [""8:30AM-8PM""], ""Tuesday"": [""8:30AM-8PM""], ""Wednesday"": [""8:30AM-8PM""], ""Thursday"": [""8:30AM-8PM""], ""Friday"": [""8:30AM-8PM""], ""Saturday"": [""8:30AM-2PM"", ""5-8PM""], ""Sunday"": [""Closed""]}","Monday,8:30AM,8PM|Tuesday,8:30AM,8PM|Wednesday,8:30AM,8PM|Thursday,8:30AM,8PM|Friday,8:30AM,8PM|Saturday,8:30AM,2PM|Saturday,5,8PM",,,,,,,,,,"{""Planning"": {""Quick visit"": true}}",,,FALSE,None,Skay Mayorista De Golosinas Y Art Para Kiosco,,"https://www.google.com/maps/place/Skay+Mayorista+De+Golosinas+Y+Art+Para+Kiosco/@-34.6241324,-58.3827072,14z/data=!4m8!1m2!2m1!1sSkay+Mayorista+De+Golosinas+Y+Art+Para+Kiosco!3m4!1s0x95bccb2f675b8547:0x33db5362f4fb050d!8m2!3d-34.6241324!4d-58.3827072","https://www.google.com/maps/place/Skay+Mayorista+De+Golosinas+Y+Art+Para+Kiosco/@-34.6241324,-58.3827072,13.99z/data=!4m16!1m7!3m6!1s0x95bccb2f675b8547:0x33db5362f4fb050d!2sSkay+Mayorista+De+Golosinas+Y+Art+Para+Kiosco!8m2!3d-34.6241324!4d-58.3827072!16s%2Fg%2F11ckvg1dmb!3m7!1s0x95bccb2f675b8547:0x33db5362f4fb050d!8m2!3d-34.6241324!4d-58.3827072!9m1!1b1!16s%2Fg%2F11ckvg1dmb?entry=ttu",ChIJR4VbZy_LvJURDQX79GJT2zM,0x95bccb2f675b8547:0x33db5362f4fb050d,3736672000315950349,/g/11fdx4yxb_,3736672000315950349
"Distribuidora de golosinas, Zona Oeste, CABA, Zona Norte, Zona SUR",Giorgio Store Alem,Giorgio Store Alem,Mayorista de confitería,,https://instagram.com/giorgiostorealem%3Figshid%3DMzRlODBiNWFlZA%3D%3D,"Linea B , estación, Av. Leandro N. Alem, C1003 Cdad. Autónoma de Buenos Aires","Linea B , estación, Av. Leandro N. Alem","San Nicolás, Comuna 1",C1003,Argentina,AR,"-34,6025601","-58,3700151",89c2e31aca7ffff,America/Buenos_Aires,,FALSE,5,16,https://search.google.com/local/reviews?placeid=ChIJkTS2_Ow1o5URGF5eNhyDtJc&q=*&authuser=0&hl=en&gl=AR,,https://streetviewpixels-pa.googleapis.com/v1/thumbnail?panoid=Xkbhe6mrldRTIvQJZoLteA&cb_client=search.gws-prod.gps&w=800&h=500&yaw=62.270897&pitch=0&thumbfov=100,https://streetviewpixels-pa.googleapis.com/v1/thumbnail?panoid=Xkbhe6mrldRTIvQJZoLteA&cb_client=search.gws-prod.gps&w=1600&h=1000&yaw=62.270897&pitch=0&thumbfov=100,https://lh6.googleusercontent.com/-MFsYC9_i8VM/AAAAAAAAAAI/AAAAAAAAAAA/AjslJ4xJ5v4/s44-p-k-no-ns-nd/photo.jpg,,,OPERATIONAL,"{""Monday"": [""6:30AM-5:30PM""], ""Tuesday"": [""6:30AM-5:30PM""], ""Wednesday"": [""6:30AM-5:30PM""], ""Thursday"": [""6:30AM-5:30PM""], ""Friday"": [""6:30AM-5:30PM""], ""Saturday"": [""Closed""], ""Sunday"": [""Closed""]}","Monday,6:30AM,5:30PM|Tuesday,6:30AM,5:30PM|Wednesday,6:30AM,5:30PM|Thursday,6:30AM,5:30PM|Friday,6:30AM,5:30PM",,,,,,,,,,"{""From the business"": {""Identifies as women-owned"": true}, ""Amenities"": {""Toilet"": false}, ""Crowd"": {""LGBTQ+ friendly"": true, ""Transgender safe space"": true}, ""Payments"": {""Credit cards"": true, ""Debit cards"": true}, ""Other"": {""LGBTQ+ friendly"": true, ""Identifies as women-owned"": true}}",,,TRUE,113032281684616328821,Giorgio Store Alem,https://www.google.com/maps/contrib/113032281684616328821,"https://www.google.com/maps/place/Giorgio+Store+Alem/@-34.6025601,-58.370015099999996,14z/data=!4m8!1m2!2m1!1sGiorgio+Store+Alem!3m4!1s0x95a335ecfcb63491:0x97b4831c365e5e18!8m2!3d-34.6025601!4d-58.370015099999996","https://www.google.com/maps/place/Giorgio+Store+Alem/@-34.6025601,-58.370015099999996,13.99z/data=!4m16!1m7!3m6!1s0x95a335ecfcb63491:0x97b4831c365e5e18!2sGiorgio+Store+Alem!8m2!3d-34.6025601!4d-58.370015099999996!16s%2Fg%2F11ckvg1dmb!3m7!1s0x95a335ecfcb63491:0x97b4831c365e5e18!8m2!3d-34.6025601!4d-58.370015099999996!9m1!1b1!16s%2Fg%2F11ckvg1dmb?entry=ttu",ChIJkTS2_Ow1o5URGF5eNhyDtJc,0x95a335ecfcb63491:0x97b4831c365e5e18,10931506352729513496,/g/11vclvm2f_,-7515237720980038120
"Distribuidora de golosinas, Zona Oeste, CABA, Zona Norte, Zona SUR",Golosinas,Golosinas,Tienda de golosinas,,,"Bartolomé Mitre 2511, C1039AAO Cdad. Autónoma de Buenos Aires",Bartolomé Mitre 2511,"Balvanera, Comuna 3",C1039,Argentina,AR,"-34,608514","-58,402118",89c2e31112bffff,America/Buenos_Aires,,FALSE,3,2,https://search.google.com/local/reviews?placeid=ChIJncZMnO7KvJUR5xUYYF7TQsc&q=*&authuser=0&hl=en&gl=AR,,https://streetviewpixels-pa.googleapis.com/v1/thumbnail?panoid=DbotB2pIPT073j8rWuWVYQ&cb_client=search.gws-prod.gps&w=800&h=500&yaw=358.64508&pitch=0&thumbfov=100,https://streetviewpixels-pa.googleapis.com/v1/thumbnail?panoid=DbotB2pIPT073j8rWuWVYQ&cb_client=search.gws-prod.gps&w=1600&h=1000&yaw=358.64508&pitch=0&thumbfov=100,,,,OPERATIONAL,"{""Monday"": [""8:30AM-5PM""], ""Tuesday"": [""8:30AM-5PM""], ""Wednesday"": [""8:30AM-5PM""], ""Thursday"": [""8:30AM-5PM""], ""Friday"": [""8:30AM-5PM""], ""Saturday"": [""8:30AM-1PM""], ""Sunday"": [""Closed""]}","Monday,8:30AM,5PM|Tuesday,8:30AM,5PM|Wednesday,8:30AM,5PM|Thursday,8:30AM,5PM|Friday,8:30AM,5PM|Saturday,8:30AM,1PM",,,,,,,,,,"{""Accessibility"": {""Wheelchair-accessible car park"": false}, ""Planning"": {""Quick visit"": true}}",,,FALSE,None,Golosinas,,"https://www.google.com/maps/place/Golosinas/@-34.608514,-58.402117999999994,14z/data=!4m8!1m2!2m1!1sGolosinas!3m4!1s0x95bccaee9c4cc69d:0xc742d35e601815e7!8m2!3d-34.608514!4d-58.402117999999994","https://www.google.com/maps/place/Golosinas/@-34.608514,-58.402117999999994,13.99z/data=!4m16!1m7!3m6!1s0x95bccaee9c4cc69d:0xc742d35e601815e7!2sGolosinas!8m2!3d-34.608514!4d-58.402117999999994!16s%2Fg%2F11ckvg1dmb!3m7!1s0x95bccaee9c4cc69d:0xc742d35e601815e7!8m2!3d-34.608514!4d-58.402117999999994!9m1!1b1!16s%2Fg%2F11ckvg1dmb?entry=ttu",ChIJncZMnO7KvJUR5xUYYF7TQsc,0x95bccaee9c4cc69d:0xc742d35e601815e7,14358270964303140327,/g/11hyl4m8b4,-4088473109406411289
"Distribuidora de golosinas, Zona Oeste, CABA, Zona Norte, Zona SUR",Kelito S.A.,Kelito S A,Tienda de alimentación,+54 11 4821-4602,,"Av. Sta. Fe 3248, C1425 BGU, Cdad. Autónoma de Buenos Aires",Av. Sta. Fe 3248,Palermo,C1425,Argentina,AR,"-34,588923","-58,410551",89c2e311853ffff,America/Buenos_Aires,,FALSE,4,1,https://search.google.com/local/reviews?placeid=ChIJZRKzyIPKvJURCZsR904upaY&q=*&authuser=0&hl=en&gl=AR,,https://lh3.googleusercontent.com/gps-proxy/ALd4DhE4zP6runjhK0L7hse2zX4I4LIUn5yfPpStcJcqjK_CxAb77sBv13EHZYGCDuGOs4-nOqKhONoXuptUU1Fqh_LcxjXK9vTFBa42Ub6igMUe0-H8G2nMOlcMWjkD4xuEdrQETJ8xmrqSxLJ7ePP3P8FFFfJPDgtAufI3fgd0WthP8LUI4UG2brm1lbOUA34pJPpiJXE=w800-h500-k-no,https://lh3.googleusercontent.com/gps-proxy/ALd4DhE4zP6runjhK0L7hse2zX4I4LIUn5yfPpStcJcqjK_CxAb77sBv13EHZYGCDuGOs4-nOqKhONoXuptUU1Fqh_LcxjXK9vTFBa42Ub6igMUe0-H8G2nMOlcMWjkD4xuEdrQETJ8xmrqSxLJ7ePP3P8FFFfJPDgtAufI3fgd0WthP8LUI4UG2brm1lbOUA34pJPpiJXE=w1600-h1000-k-no,,,,OPERATIONAL,"{""Monday"": [""9AM-9PM""], ""Tuesday"": [""9AM-9PM""], ""Wednesday"": [""9AM-9PM""], ""Thursday"": [""9AM-9PM""], ""Friday"": [""9AM-9PM""], ""Saturday"": [""9AM-9PM""], ""Sunday"": [""Closed""]}","Monday,9AM,9PM|Tuesday,9AM,9PM|Wednesday,9AM,9PM|Thursday,9AM,9PM|Friday,9AM,9PM|Saturday,9AM,9PM",,,,,,,,,,"{""Planning"": {""Quick visit"": true}}",,,FALSE,None,Kelito S.A.,,"https://www.google.com/maps/place/Kelito+S.A./@-34.588923,-58.410551,14z/data=!4m8!1m2!2m1!1sKelito+S.A.!3m4!1s0x95bcca83c8b31265:0xa6a52e4ef7119b09!8m2!3d-34.588923!4d-58.410551","https://www.google.com/maps/place/Kelito+S.A./@-34.588923,-58.410551,13.99z/data=!4m16!1m7!3m6!1s0x95bcca83c8b31265:0xa6a52e4ef7119b09!2sKelito+S.A.!8m2!3d-34.588923!4d-58.410551!16s%2Fg%2F11ckvg1dmb!3m7!1s0x95bcca83c8b31265:0xa6a52e4ef7119b09!8m2!3d-34.588923!4d-58.410551!9m1!1b1!16s%2Fg%2F11ckvg1dmb?entry=ttu",ChIJZRKzyIPKvJURCZsR904upaY,0x95bcca83c8b31265:0xa6a52e4ef7119b09,12008054898140748553,/g/11b6d7gw51,-6438689175568803063
"Distribuidora de golosinas, Zona Oeste, CABA, Zona Norte, Zona SUR",Casa Santino - Mayorista de kioskos,Casa Santino Mayorista De Kioskos,Mayorista,+54 11 2794-4481,http://www.casasantino.com.ar/,"C1030AAD, Larrea 152, C1030AAD Cdad. Autónoma de Buenos Aires","C1030AAD, Larrea 152","Balvanera, Comuna 3",C1030,Argentina,AR,"-34,6080091","-58,4021334",89c2e31112bffff,America/Buenos_Aires,,FALSE,"2,8",5,https://search.google.com/local/reviews?placeid=ChIJIXy14T_LvJURsqS_A70N4AQ&q=*&authuser=0&hl=en&gl=AR,,https://streetviewpixels-pa.googleapis.com/v1/thumbnail?panoid=FQRqgodGbCyaODQDNGXngw&cb_client=search.gws-prod.gps&w=800&h=500&yaw=239.26569&pitch=0&thumbfov=100,https://lh3.googleusercontent.com/gps-cs-s/AHRPTWm7PR2hOJzFQqjnC9dszXa5yW_RJh93zrvaHchQlwrTiQyzNGgdnff6HcPoq0KakbGTOD1tls3-dN5tabLXYeyBag-IG6ESmgCa5bwV9AC5SkJzCNwVtoDVhEx91hcdpA8py67STQ=w1600-h1000-k-no,https://lh6.googleusercontent.com/-OZH7wZorTEc/AAAAAAAAAAI/AAAAAAAAAAA/ChXQQmKR7mg/s44-p-k-no-ns-nd/photo.jpg,,,OPERATIONAL,"{""Monday"": [""8:30AM-4PM""], ""Tuesday"": [""8:30AM-4PM""], ""Wednesday"": [""8:30AM-4PM""], ""Thursday"": [""8:30AM-4PM""], ""Friday"": [""8:30AM-4PM""], ""Saturday"": [""8:30AM-12:30PM""], ""Sunday"": [""Closed""]}","Monday,8:30AM,4PM|Tuesday,8:30AM,4PM|Wednesday,8:30AM,4PM|Thursday,8:30AM,4PM|Friday,8:30AM,4PM|Saturday,8:30AM,12:30PM",,,,,,,,,,"{""Payments"": {""Debit cards"": true}}",,,TRUE,111877040577641355871,Casa Santino - Mayorista de kioskos,https://www.google.com/maps/contrib/111877040577641355871,"https://www.google.com/maps/place/Casa+Santino+-+Mayorista+de+kioskos/@-34.6080091,-58.4021334,14z/data=!4m8!1m2!2m1!1sCasa+Santino+-+Mayorista+de+kioskos!3m4!1s0x95bccb3fe1b57c21:0x4e00dbd03bfa4b2!8m2!3d-34.6080091!4d-58.4021334","https://www.google.com/maps/place/Casa+Santino+-+Mayorista+de+kioskos/@-34.6080091,-58.4021334,13.99z/data=!4m16!1m7!3m6!1s0x95bccb3fe1b57c21:0x4e00dbd03bfa4b2!2sCasa+Santino+-+Mayorista+de+kioskos!8m2!3d-34.6080091!4d-58.4021334!16s%2Fg%2F11ckvg1dmb!3m7!1s0x95bccb3fe1b57c21:0x4e00dbd03bfa4b2!8m2!3d-34.6080091!4d-58.4021334!9m1!1b1!16s%2Fg%2F11ckvg1dmb?entry=ttu",ChIJIXy14T_LvJURsqS_A70N4AQ,0x95bccb3fe1b57c21:0x4e00dbd03bfa4b2,351295876397769906,/g/11hyqbttrh,351295876397769906
"Distribuidora de golosinas, Zona Oeste, CABA, Zona Norte, Zona SUR",Golosinas Center,Golosinas Center,Tienda de golosinas,+54 11 4373-2165,,"Av. Córdoba 1466, C1055 AAR, Cdad. Autónoma de Buenos Aires",Av. Córdoba 1466,San Nicolás,C1055,Argentina,AR,"-34,5994947","-58,3884819",89c2e311e43ffff,America/Buenos_Aires,,FALSE,"4,3",13,https://search.google.com/local/reviews?placeid=ChIJIX4xX8fKvJUR1hPOeFHLFTo&q=*&authuser=0&hl=en&gl=AR,,https://streetviewpixels-pa.googleapis.com/v1/thumbnail?panoid=_PM1-Ty3WJIsTja5H8xKDw&cb_client=search.gws-prod.gps&w=800&h=500&yaw=159.72758&pitch=0&thumbfov=100,https://streetviewpixels-pa.googleapis.com/v1/thumbnail?panoid=_PM1-Ty3WJIsTja5H8xKDw&cb_client=search.gws-prod.gps&w=1600&h=1000&yaw=159.72758&pitch=0&thumbfov=100,,,,OPERATIONAL,"{""Monday"": [""7:30AM-7PM""], ""Tuesday"": [""7:30AM-7PM""], ""Wednesday"": [""7:30AM-7PM""], ""Thursday"": [""7:30AM-7PM""], ""Friday"": [""7:30AM-7PM""], ""Saturday"": [""9AM-2PM""], ""Sunday"": [""Closed""]}","Monday,7:30AM,7PM|Tuesday,7:30AM,7PM|Wednesday,7:30AM,7PM|Thursday,7:30AM,7PM|Friday,7:30AM,7PM|Saturday,9AM,2PM",,,,,,,,,,"{""Accessibility"": {""Wheelchair-accessible car park"": false}, ""Planning"": {""Quick visit"": true}}",,,FALSE,None,Golosinas Center,,"https://www.google.com/maps/place/Golosinas+Center/@-34.5994947,-58.388481899999995,14z/data=!4m8!1m2!2m1!1sGolosinas+Center!3m4!1s0x95bccac75f317e21:0x3a15cb5178ce13d6!8m2!3d-34.5994947!4d-58.388481899999995","https://www.google.com/maps/place/Golosinas+Center/@-34.5994947,-58.388481899999995,13.99z/data=!4m16!1m7!3m6!1s0x95bccac75f317e21:0x3a15cb5178ce13d6!2sGolosinas+Center!8m2!3d-34.5994947!4d-58.388481899999995!16s%2Fg%2F11ckvg1dmb!3m7!1s0x95bccac75f317e21:0x3a15cb5178ce13d6!8m2!3d-34.5994947!4d-58.388481899999995!9m1!1b1!16s%2Fg%2F11ckvg1dmb?entry=ttu",ChIJIX4xX8fKvJUR1hPOeFHLFTo,0x95bccac75f317e21:0x3a15cb5178ce13d6,4185474979490304982,/g/11cs36fjp2,4185474979490304982
"Distribuidora de golosinas, Zona Oeste, CABA, Zona Norte, Zona SUR",Casa Los Robles - Retailer - Wholesaler,Casa Los Robles Retailer Wholesaler,Mayorista de confitería,+54 220 485-3653,,"Moreno 434, B1722CZD Merlo, Provincia de Buenos Aires",Moreno 434,None,B1722,Argentina,AR,"-34,6651676","-58,7256048",89c2e3ba6abffff,America/Buenos_Aires,,FALSE,"4,5",339,https://search.google.com/local/reviews?placeid=ChIJbXTO8O-_vJUROEBN8rEwdQQ&q=*&authuser=0&hl=en&gl=AR,,https://lh3.googleusercontent.com/gps-cs-s/AHRPTWn-DK3ceDejZyViWKteigfQgBx8yzP0tCaQ4XGbgpBn0BARiJXLzMP6un7jb4rzIzn4Iz42_2pB8KEpphqNhT7xhViDxQjzdsvsO90-1mG8RkHNQqpE725rZf5lE_t9iX8XPbLA5A=w800-h500-k-no,https://lh3.googleusercontent.com/gps-cs-s/AHRPTWlGbim3ykpeKQQ5CsDKuHPhkDW0SfrxEZxhMOW9FsNv2rxYwi-6I7phGpGRgth70L1FyO8u_0oo8AtnC7gX6Z69la-wxq3ygxJutC5NueLoeRr897k2z8W3KmaKrJ6X5IeAPgSUjg=w1600-h1000-k-no,,,,OPERATIONAL,"{""Monday"": [""8AM-4PM""], ""Tuesday"": [""8AM-4PM""], ""Wednesday"": [""8AM-4PM""], ""Thursday"": [""8AM-4PM""], ""Friday"": [""8AM-4PM""], ""Saturday"": [""8AM-1PM""], ""Sunday"": [""Closed""]}","Monday,8AM,4PM|Tuesday,8AM,4PM|Wednesday,8AM,4PM|Thursday,8AM,4PM|Friday,8AM,4PM|Saturday,8AM,1PM",,,,,,,,,,"{""Service options"": {""Delivery"": true}, ""Payments"": {""Credit cards"": true, ""Debit cards"": true}}",,,FALSE,None,Casa Los Robles - Retailer - Wholesaler,,"https://www.google.com/maps/place/Casa+Los+Robles+-+Retailer+-+Wholesaler/@-34.6651676,-58.7256048,14z/data=!4m8!1m2!2m1!1sCasa+Los+Robles+-+Retailer+-+Wholesaler!3m4!1s0x95bcbfeff0ce746d:0x47530b1f24d4038!8m2!3d-34.6651676!4d-58.7256048","https://www.google.com/maps/place/Casa+Los+Robles+-+Retailer+-+Wholesaler/@-34.6651676,-58.7256048,13.99z/data=!4m16!1m7!3m6!1s0x95bcbfeff0ce746d:0x47530b1f24d4038!2sCasa+Los+Robles+-+Retailer+-+Wholesaler!8m2!3d-34.6651676!4d-58.7256048!16s%2Fg%2F11ckvg1dmb!3m7!1s0x95bcbfeff0ce746d:0x47530b1f24d4038!8m2!3d-34.6651676!4d-58.7256048!9m1!1b1!16s%2Fg%2F11ckvg1dmb?entry=ttu",ChIJbXTO8O-_vJUROEBN8rEwdQQ,0x95bcbfeff0ce746d:0x47530b1f24d4038,321216489259352120,/g/11bbrmsp8t,321216489259352120
"Distribuidora de golosinas, Zona Oeste, CABA, Zona Norte, Zona SUR",El Gitano,El Gitano,Mayorista,+54 11 4953-7777,,"Azcuénaga 339, C1029AAG Cdad. Autónoma de Buenos Aires",Azcuénaga 339,"Balvanera, Comuna 3",C1029,Argentina,AR,"-34,6055489","-58,4006177",89c2e311e93ffff,America/Buenos_Aires,,FALSE,5,2,https://search.google.com/local/reviews?placeid=ChIJxaKmfezKvJURwSzC9YzwliI&q=*&authuser=0&hl=en&gl=AR,,https://streetviewpixels-pa.googleapis.com/v1/thumbnail?panoid=o-u-CrTYoQaQkc8U55p_dQ&cb_client=search.gws-prod.gps&w=800&h=500&yaw=49.230274&pitch=0&thumbfov=100,https://streetviewpixels-pa.googleapis.com/v1/thumbnail?panoid=o-u-CrTYoQaQkc8U55p_dQ&cb_client=search.gws-prod.gps&w=1600&h=1000&yaw=49.230274&pitch=0&thumbfov=100,,,,OPERATIONAL,"{""Monday"": [""8AM-5PM""], ""Tuesday"": [""8AM-5PM""], ""Wednesday"": [""8AM-5PM""], ""Thursday"": [""8AM-5PM""], ""Friday"": [""8AM-5PM""], ""Saturday"": [""8AM-12PM""], ""Sunday"": [""Closed""]}","Monday,8AM,5PM|Tuesday,8AM,5PM|Wednesday,8AM,5PM|Thursday,8AM,5PM|Friday,8AM,5PM|Saturday,8AM,12PM",,,,,,,,,,"{""Accessibility"": {""Wheelchair-accessible car park"": false}}",,,FALSE,None,El Gitano,,"https://www.google.com/maps/place/El+Gitano/@-34.605548899999995,-58.4006177,14z/data=!4m8!1m2!2m1!1sEl+Gitano!3m4!1s0x95bccaec7da6a2c5:0x2296f08cf5c22cc1!8m2!3d-34.605548899999995!4d-58.4006177","https://www.google.com/maps/place/El+Gitano/@-34.605548899999995,-58.4006177,13.99z/data=!4m16!1m7!3m6!1s0x95bccaec7da6a2c5:0x2296f08cf5c22cc1!2sEl+Gitano!8m2!3d-34.605548899999995!4d-58.4006177!16s%2Fg%2F11ckvg1dmb!3m7!1s0x95bccaec7da6a2c5:0x2296f08cf5c22cc1!8m2!3d-34.605548899999995!4d-58.4006177!9m1!1b1!16s%2Fg%2F11ckvg1dmb?entry=ttu",ChIJxaKmfezKvJURwSzC9YzwliI,0x95bccaec7da6a2c5:0x2296f08cf5c22cc1,2492443932005379265,/g/1tj349wk,2492443932005379265
"Distribuidora de golosinas, Zona Oeste, CABA, Zona Norte, Zona SUR",Distribuidora Maio - Mayorista Artículos Kioscos,Distribuidora Maio Mayorista Artículos Kioscos,Mayorista,+54 11 4952-9887,,"Larrea 251, C1030AAE Cdad. Autónoma de Buenos Aires",Larrea 251,"Balvanera, Comuna 3",C1030,Argentina,AR,"-34,6068525","-58,4019289",89c2e311e93ffff,America/Buenos_Aires,,FALSE,"3,8",11,https://search.google.com/local/reviews?placeid=ChIJ_45JR-zKvJURXh6Du81yjBM&q=*&authuser=0&hl=en&gl=AR,,https://lh3.googleusercontent.com/gps-cs-s/AHRPTWnrk3Domwd56GuORnlDolAmU2AxwhLhp0hwhq-l7ufAR0RsU0M0FCMuykJOZ8hTGkrJ2eJ4wnamvVu9T6hMRcp6go2dH-b1fmTYaI_1RQtv-rGZQ4yQLjuW90TSRKrI3a2Qm48x=w800-h500-k-no,https://lh3.googleusercontent.com/gps-cs-s/AHRPTWnrk3Domwd56GuORnlDolAmU2AxwhLhp0hwhq-l7ufAR0RsU0M0FCMuykJOZ8hTGkrJ2eJ4wnamvVu9T6hMRcp6go2dH-b1fmTYaI_1RQtv-rGZQ4yQLjuW90TSRKrI3a2Qm48x=w1600-h1000-k-no,https://lh3.googleusercontent.com/-JsaC4vZ5X7M/AAAAAAAAAAI/AAAAAAAAAAA/qQcFRZObtYk/s44-p-k-no-ns-nd/photo.jpg,,,OPERATIONAL,"{""Monday"": [""7:30AM-4PM""], ""Tuesday"": [""7:30AM-4PM""], ""Wednesday"": [""7:30AM-4PM""], ""Thursday"": [""7:30AM-4PM""], ""Friday"": [""7:30AM-4PM""], ""Saturday"": [""Closed""], ""Sunday"": [""Closed""]}","Monday,7:30AM,4PM|Tuesday,7:30AM,4PM|Wednesday,7:30AM,4PM|Thursday,7:30AM,4PM|Friday,7:30AM,4PM",,,,,,,,,,,,,TRUE,106651624159817346305,Distribuidora Maio - Mayorista Artículos Kioscos,https://www.google.com/maps/contrib/106651624159817346305,"https://www.google.com/maps/place/Distribuidora+Maio+-+Mayorista+Art%C3%ADculos+Kioscos/@-34.606852499999995,-58.401928899999994,14z/data=!4m8!1m2!2m1!1sDistribuidora+Maio+-+Mayorista+Art%C3%ADculos+Kioscos!3m4!1s0x95bccaec47498eff:0x138c72cdbb831e5e!8m2!3d-34.606852499999995!4d-58.401928899999994","https://www.google.com/maps/place/Distribuidora+Maio+-+Mayorista+Art%C3%ADculos+Kioscos/@-34.606852499999995,-58.401928899999994,13.99z/data=!4m16!1m7!3m6!1s0x95bccaec47498eff:0x138c72cdbb831e5e!2sDistribuidora+Maio+-+Mayorista+Art%C3%ADculos+Kioscos!8m2!3d-34.606852499999995!4d-58.401928899999994!16s%2Fg%2F11ckvg1dmb!3m7!1s0x95bccaec47498eff:0x138c72cdbb831e5e!8m2!3d-34.606852499999995!4d-58.401928899999994!9m1!1b1!16s%2Fg%2F11ckvg1dmb?entry=ttu",ChIJ_45JR-zKvJURXh6Du81yjBM,0x95bccaec47498eff:0x138c72cdbb831e5e,1408627011399917150,/g/11b731kwp3,1408627011399917150
"Distribuidora de golosinas, Zona Oeste, CABA, Zona Norte, Zona SUR",Dulces Golosinas,Dulces Golosinas,Proveedor mayorista de alimentos y bebidas,+54 9 11 2617-4958,https://dulcesgolosinas.mitiendanube.com/,"Av. Rivadavia 2982, C1214 Cdad. Autónoma de Buenos Aires",Av. Rivadavia 2982,"Balvanera, Comuna 3",2982,Argentina,AR,"-34,6105376","-58,4085048",89c2e311137ffff,America/Buenos_Aires,,FALSE,5,1,https://search.google.com/local/reviews?placeid=ChIJjc7t2sjLvJURTl6U5xGOrOA&q=*&authuser=0&hl=en&gl=AR,,https://streetviewpixels-pa.googleapis.com/v1/thumbnail?panoid=GYKsE-V3gok7E45U9WLfCg&cb_client=search.gws-prod.gps&w=800&h=500&yaw=175.67055&pitch=0&thumbfov=100,https://streetviewpixels-pa.googleapis.com/v1/thumbnail?panoid=GYKsE-V3gok7E45U9WLfCg&cb_client=search.gws-prod.gps&w=1600&h=1000&yaw=175.67055&pitch=0&thumbfov=100,,,,OPERATIONAL,"{""Monday"": [""Open 24 hours""], ""Tuesday"": [""Open 24 hours""], ""Wednesday"": [""Open 24 hours""], ""Thursday"": [""Open 24 hours""], ""Friday"": [""Open 24 hours""], ""Saturday"": [""Open 24 hours""], ""Sunday"": [""Open 24 hours""]}","Sunday,12:00 AM,12:00 AM|Monday,12:00 AM,12:00 AM|Tuesday,12:00 AM,12:00 AM|Wednesday,12:00 AM,12:00 AM|Thursday,12:00 AM,12:00 AM|Friday,12:00 AM,12:00 AM|Saturday,12:00 AM,12:00 AM",,,,,,,,,,,,,FALSE,None,Dulces Golosinas,,"https://www.google.com/maps/place/Dulces+Golosinas/@-34.6105376,-58.408504799999996,14z/data=!4m8!1m2!2m1!1sDulces+Golosinas!3m4!1s0x95bccbc8daedce8d:0xe0ac8e11e7945e4e!8m2!3d-34.6105376!4d-58.408504799999996","https://www.google.com/maps/place/Dulces+Golosinas/@-34.6105376,-58.408504799999996,13.99z/data=!4m16!1m7!3m6!1s0x95bccbc8daedce8d:0xe0ac8e11e7945e4e!2sDulces+Golosinas!8m2!3d-34.6105376!4d-58.408504799999996!16s%2Fg%2F11ckvg1dmb!3m7!1s0x95bccbc8daedce8d:0xe0ac8e11e7945e4e!8m2!3d-34.6105376!4d-58.408504799999996!9m1!1b1!16s%2Fg%2F11ckvg1dmb?entry=ttu",ChIJjc7t2sjLvJURTl6U5xGOrOA,0x95bccbc8daedce8d:0xe0ac8e11e7945e4e,16189470968040939086,/g/11xyrf4pp4,-2257273105668612530
"Distribuidora de golosinas, Zona Oeste, CABA, Zona Norte, Zona SUR",El Tanito Consti,El Tanito Consti,Mayorista,+54 9 11 3628-4903,,"C1138ACE, Lima 1449, 1134 Buenos Aires","C1138ACE, Lima 1449","Constitución, Buenos Aires, Comuna 1",1134,Argentina,AR,"-34,625318","-58,38242",89c2e311007ffff,America/Buenos_Aires,,FALSE,"3,8",12,https://search.google.com/local/reviews?placeid=ChIJy-zJnC_LvJURZzUXtrWHQlY&q=*&authuser=0&hl=en&gl=AR,,https://lh3.googleusercontent.com/gps-cs-s/AHRPTWmy9tkNCQp5mIXfEVyP5JrHf6GFe8m4gx7c9l8qdSydf3ngAD8pKN0VSbtvucsq8KJITlD_W0NtBMSwuP-SX3RvUM073QToy8zM9cc_NLo-jKqsMJ3ekm-iHgU59_jxURHIG9fQ0g=w800-h500-k-no,https://lh3.googleusercontent.com/gps-cs-s/AHRPTWmy9tkNCQp5mIXfEVyP5JrHf6GFe8m4gx7c9l8qdSydf3ngAD8pKN0VSbtvucsq8KJITlD_W0NtBMSwuP-SX3RvUM073QToy8zM9cc_NLo-jKqsMJ3ekm-iHgU59_jxURHIG9fQ0g=w1600-h1000-k-no,https://lh6.googleusercontent.com/-0g0xL31AZUY/AAAAAAAAAAI/AAAAAAAAAAA/woFXLKYrcl0/s44-p-k-no-ns-nd/photo.jpg,,,OPERATIONAL,"{""Monday"": [""9AM-5PM""], ""Tuesday"": [""9AM-5PM""], ""Wednesday"": [""9AM-5PM""], ""Thursday"": [""9AM-5PM""], ""Friday"": [""9AM-5PM""], ""Saturday"": [""9AM-5PM""], ""Sunday"": [""Closed""]}","Monday,9AM,5PM|Tuesday,9AM,5PM|Wednesday,9AM,5PM|Thursday,9AM,5PM|Friday,9AM,5PM|Saturday,9AM,5PM",,,,,,,,,,"{""Accessibility"": {""Wheelchair-accessible entrance"": true, ""Wheelchair-accessible seating"": false, ""Wheelchair-accessible toilet"": false}, ""Payments"": {""Debit cards"": true}}",,,TRUE,102148416199877905387,El Tanito Consti,https://www.google.com/maps/contrib/102148416199877905387,"https://www.google.com/maps/place/El+Tanito+Consti/@-34.625318,-58.382419999999996,14z/data=!4m8!1m2!2m1!1sEl+Tanito+Consti!3m4!1s0x95bccb2f9cc9eccb:0x564287b5b6173567!8m2!3d-34.625318!4d-58.382419999999996","https://www.google.com/maps/place/El+Tanito+Consti/@-34.625318,-58.382419999999996,13.99z/data=!4m16!1m7!3m6!1s0x95bccb2f9cc9eccb:0x564287b5b6173567!2sEl+Tanito+Consti!8m2!3d-34.625318!4d-58.382419999999996!16s%2Fg%2F11ckvg1dmb!3m7!1s0x95bccb2f9cc9eccb:0x564287b5b6173567!8m2!3d-34.625318!4d-58.382419999999996!9m1!1b1!16s%2Fg%2F11ckvg1dmb?entry=ttu",ChIJy-zJnC_LvJURZzUXtrWHQlY,0x95bccb2f9cc9eccb:0x564287b5b6173567,6215679650238510439,/g/11cr_7r6jx,6215679650238510439
"Distribuidora de golosinas, Zona Oeste, CABA, Zona Norte, Zona SUR",CarCandy,Carcandy,Tienda de golosinas,+54 3489 45-3115,,"Av. Entre Ríos 400, C2814 Los Cardales, Cdad. Autónoma de Buenos Aires",Av. Entre Ríos 400,Monserrat,C2814,Argentina,AR,"-34,6136036","-58,3915836",89c2e311147ffff,America/Buenos_Aires,,FALSE,5,1,https://search.google.com/local/reviews?placeid=ChIJpwvNhMfLvJUR262ap-brOsw&q=*&authuser=0&hl=en&gl=AR,,https://streetviewpixels-pa.googleapis.com/v1/thumbnail?panoid=KIAYwYbOM0AkzxoEtv-I8w&cb_client=search.gws-prod.gps&w=800&h=500&yaw=82.68837&pitch=0&thumbfov=100,https://streetviewpixels-pa.googleapis.com/v1/thumbnail?panoid=KIAYwYbOM0AkzxoEtv-I8w&cb_client=search.gws-prod.gps&w=1600&h=1000&yaw=82.68837&pitch=0&thumbfov=100,,,,OPERATIONAL,"{""Monday"": [""Open 24 hours""], ""Tuesday"": [""Open 24 hours""], ""Wednesday"": [""Open 24 hours""], ""Thursday"": [""Open 24 hours""], ""Friday"": [""Open 24 hours""], ""Saturday"": [""Open 24 hours""], ""Sunday"": [""Open 24 hours""]}","Sunday,12:00 AM,12:00 AM|Monday,12:00 AM,12:00 AM|Tuesday,12:00 AM,12:00 AM|Wednesday,12:00 AM,12:00 AM|Thursday,12:00 AM,12:00 AM|Friday,12:00 AM,12:00 AM|Saturday,12:00 AM,12:00 AM",,,,,,,,,,"{""Planning"": {""Quick visit"": true}}",,,FALSE,None,CarCandy,,"https://www.google.com/maps/place/CarCandy/@-34.6136036,-58.3915836,14z/data=!4m8!1m2!2m1!1sCarCandy!3m4!1s0x95bccbc784cd0ba7:0xcc3aebe6a79aaddb!8m2!3d-34.6136036!4d-58.3915836","https://www.google.com/maps/place/CarCandy/@-34.6136036,-58.3915836,13.99z/data=!4m16!1m7!3m6!1s0x95bccbc784cd0ba7:0xcc3aebe6a79aaddb!2sCarCandy!8m2!3d-34.6136036!4d-58.3915836!16s%2Fg%2F11ckvg1dmb!3m7!1s0x95bccbc784cd0ba7:0xcc3aebe6a79aaddb!8m2!3d-34.6136036!4d-58.3915836!9m1!1b1!16s%2Fg%2F11ckvg1dmb?entry=ttu",ChIJpwvNhMfLvJUR262ap-brOsw,0x95bccbc784cd0ba7:0xcc3aebe6a79aaddb,14716334108273454555,/g/11t9t2x3m5,-3730409965436097061
"Distribuidora de golosinas, Zona Oeste, CABA, Zona Norte, Zona SUR",Surti Once,Surti Once,Mayorista,+54 11 4952-4289,http://surtionce.com.ar/,"Sarmiento 2686, C1045 ABD, Cdad. Autónoma de Buenos Aires",Sarmiento 2686,Balvanera,C1045,Argentina,AR,"-34,6065292","-58,4043908",89c2e31112fffff,America/Buenos_Aires,,FALSE,"4,5",22,https://search.google.com/local/reviews?placeid=ChIJ5x-voO3KvJURnz7ek4Pg6YM&q=*&authuser=0&hl=en&gl=AR,,https://lh3.googleusercontent.com/gps-cs-s/AHRPTWnCnpQf2muqhxvwzdJiqjrJMqE5EW6T3dpmOeB81uCZ-Rmg_iPkKrQQKqP4LpoOBRR45hoF0FUoaEvgfB8F_Bh4REjIfj22dqgzhb6MhfClK-V6STP7YFKHqO6CuHiheB2If6RxPw=w800-h500-k-no,https://lh3.googleusercontent.com/gps-cs-s/AHRPTWnCnpQf2muqhxvwzdJiqjrJMqE5EW6T3dpmOeB81uCZ-Rmg_iPkKrQQKqP4LpoOBRR45hoF0FUoaEvgfB8F_Bh4REjIfj22dqgzhb6MhfClK-V6STP7YFKHqO6CuHiheB2If6RxPw=w1600-h1000-k-no,https://lh3.googleusercontent.com/-zsCeb9GKcq0/AAAAAAAAAAI/AAAAAAAAAAA/XbumW6IKLrQ/s44-p-k-no-ns-nd/photo.jpg,,,OPERATIONAL,"{""Monday"": [""8:30AM-5PM""], ""Tuesday"": [""8:30AM-5PM""], ""Wednesday"": [""8:30AM-5PM""], ""Thursday"": [""8:30AM-5PM""], ""Friday"": [""8:30AM-5PM""], ""Saturday"": [""9AM-12:30PM""], ""Sunday"": [""Closed""]}","Monday,8:30AM,5PM|Tuesday,8:30AM,5PM|Wednesday,8:30AM,5PM|Thursday,8:30AM,5PM|Friday,8:30AM,5PM|Saturday,9AM,12:30PM",,,,,,,,,,"{""Accessibility"": {""Wheelchair-accessible car park"": false}, ""Payments"": {""Debit cards"": true}}",,,TRUE,102436942216958137399,Surti Once,https://www.google.com/maps/contrib/102436942216958137399,"https://www.google.com/maps/place/Surti+Once/@-34.6065292,-58.404390799999994,14z/data=!4m8!1m2!2m1!1sSurti+Once!3m4!1s0x95bccaeda0af1fe7:0x83e9e08393de3e9f!8m2!3d-34.6065292!4d-58.404390799999994","https://www.google.com/maps/place/Surti+Once/@-34.6065292,-58.404390799999994,13.99z/data=!4m16!1m7!3m6!1s0x95bccaeda0af1fe7:0x83e9e08393de3e9f!2sSurti+Once!8m2!3d-34.6065292!4d-58.404390799999994!16s%2Fg%2F11ckvg1dmb!3m7!1s0x95bccaeda0af1fe7:0x83e9e08393de3e9f!8m2!3d-34.6065292!4d-58.404390799999994!9m1!1b1!16s%2Fg%2F11ckvg1dmb?entry=ttu",ChIJ5x-voO3KvJURnz7ek4Pg6YM,0x95bccaeda0af1fe7:0x83e9e08393de3e9f,9505375344268295839,/g/11b6vscp50,-8941368729441255777
"Distribuidora de golosinas, Zona Oeste, CABA, Zona Norte, Zona SUR",Chocolatito,Chocolatito,Tienda de golosinas,+54 9 11 3038-1704,,"Av. Gral. Las Heras 2348, C1425 Cdad. Autónoma de Buenos Aires",Av. Gral. Las Heras 2348,"Barrio Norte, Recoleta, Comuna 2",C1425,Argentina,AR,"-34,587053","-58,397937",89c2e311a8bffff,America/Buenos_Aires,,FALSE,"4,6",5,https://search.google.com/local/reviews?placeid=ChIJ7wpX0p7KvJURMWfeaS3yCu4&q=*&authuser=0&hl=en&gl=AR,,https://streetviewpixels-pa.googleapis.com/v1/thumbnail?panoid=VCaVxg8BhMTJg57kFQ4nDg&cb_client=search.gws-prod.gps&w=800&h=500&yaw=224.34346&pitch=0&thumbfov=100,https://streetviewpixels-pa.googleapis.com/v1/thumbnail?panoid=VCaVxg8BhMTJg57kFQ4nDg&cb_client=search.gws-prod.gps&w=1600&h=1000&yaw=224.34346&pitch=0&thumbfov=100,,,,OPERATIONAL,"{""Monday"": [""10:30AM-8PM""], ""Tuesday"": [""10:30AM-8PM""], ""Wednesday"": [""10:30AM-8PM""], ""Thursday"": [""10:30AM-8PM""], ""Friday"": [""10:30AM-8PM""], ""Saturday"": [""10:30AM-3PM""], ""Sunday"": [""Closed""]}","Monday,10:30AM,8PM|Tuesday,10:30AM,8PM|Wednesday,10:30AM,8PM|Thursday,10:30AM,8PM|Friday,10:30AM,8PM|Saturday,10:30AM,3PM",,,,,,,,,,"{""Accessibility"": {""Wheelchair-accessible car park"": false}, ""Planning"": {""Quick visit"": true}, ""Payments"": {""Credit cards"": true, ""Debit cards"": true, ""NFC mobile payments"": true}}",,,FALSE,None,Chocolatito,,"https://www.google.com/maps/place/Chocolatito/@-34.587053,-58.397937,14z/data=!4m8!1m2!2m1!1sChocolatito!3m4!1s0x95bcca9ed2570aef:0xee0af22d69de6731!8m2!3d-34.587053!4d-58.397937","https://www.google.com/maps/place/Chocolatito/@-34.587053,-58.397937,13.99z/data=!4m16!1m7!3m6!1s0x95bcca9ed2570aef:0xee0af22d69de6731!2sChocolatito!8m2!3d-34.587053!4d-58.397937!16s%2Fg%2F11ckvg1dmb!3m7!1s0x95bcca9ed2570aef:0xee0af22d69de6731!8m2!3d-34.587053!4d-58.397937!9m1!1b1!16s%2Fg%2F11ckvg1dmb?entry=ttu",ChIJ7wpX0p7KvJURMWfeaS3yCu4,0x95bcca9ed2570aef:0xee0af22d69de6731,17152788407657588529,/g/11cs36w0xz,-1293955666051963087
"Distribuidora de golosinas, Zona Oeste, CABA, Zona Norte, Zona SUR",Local de Ventas de Felfort,Local De Ventas De Felfort,Tienda de golosinas,+54 11 5298-0000,http://www.felfort.com.ar/,"Gascón 349, C1181ACE Cdad. Autónoma de Buenos Aires",Gascón 349,"Almagro, Comuna 5",C1181,Argentina,AR,"-34,608001","-58,424562",89c2e311c87ffff,America/Buenos_Aires,,FALSE,"4,1",889,https://search.google.com/local/reviews?placeid=ChIJW9qSF2fKvJURY3y-DF2Csjs&q=*&authuser=0&hl=en&gl=AR,,https://lh3.googleusercontent.com/gps-cs-s/AHRPTWl7G_oXo8jmOQUijzpq-HbPe2MfWMA9_pJd0sYwGL_WSvVcBVs4MS04fOCZZmq1tNbtIfrCFh6xSau-80q7CR3go5cuhE-CIwLg9eddxQ3yJOrVQ12VxhYZnk_oJmzqvWI9J3iUMA=w800-h500-k-no,https://lh3.googleusercontent.com/gps-cs-s/AHRPTWl7G_oXo8jmOQUijzpq-HbPe2MfWMA9_pJd0sYwGL_WSvVcBVs4MS04fOCZZmq1tNbtIfrCFh6xSau-80q7CR3go5cuhE-CIwLg9eddxQ3yJOrVQ12VxhYZnk_oJmzqvWI9J3iUMA=w1600-h1000-k-no,https://lh6.googleusercontent.com/-PbY7Smxb4y8/AAAAAAAAAAI/AAAAAAAAAAA/rWCDvXt1XvU/s44-p-k-no-ns-nd/photo.jpg,,,OPERATIONAL,"{""Monday"": [""9AM-6PM""], ""Tuesday"": [""9AM-6PM""], ""Wednesday"": [""9AM-6PM""], ""Thursday"": [""9AM-6PM""], ""Friday"": [""9AM-6PM""], ""Saturday"": [""9AM-1PM""], ""Sunday"": [""Closed""]}","Monday,9AM,6PM|Tuesday,9AM,6PM|Wednesday,9AM,6PM|Thursday,9AM,6PM|Friday,9AM,6PM|Saturday,9AM,1PM",,,,,,,,,,"{""Service options"": {""Delivery"": true, ""In-store pick-up"": true, ""In-store shopping"": true}, ""Accessibility"": {""Wheelchair-accessible car park"": false}, ""Planning"": {""Quick visit"": true}, ""Payments"": {""Credit cards"": true, ""Debit cards"": true, ""NFC mobile payments"": true}}",,,TRUE,104592166512740416799,Local de Ventas de Felfort,https://www.google.com/maps/contrib/104592166512740416799,"https://www.google.com/maps/place/Local+de+Ventas+de+Felfort/@-34.608001,-58.424561999999995,14z/data=!4m8!1m2!2m1!1sLocal+de+Ventas+de+Felfort!3m4!1s0x95bcca671792da5b:0x3bb2825d0cbe7c63!8m2!3d-34.608001!4d-58.424561999999995","https://www.google.com/maps/place/Local+de+Ventas+de+Felfort/@-34.608001,-58.424561999999995,13.99z/data=!4m16!1m7!3m6!1s0x95bcca671792da5b:0x3bb2825d0cbe7c63!2sLocal+de+Ventas+de+Felfort!8m2!3d-34.608001!4d-58.424561999999995!16s%2Fg%2F11ckvg1dmb!3m7!1s0x95bcca671792da5b:0x3bb2825d0cbe7c63!8m2!3d-34.608001!4d-58.424561999999995!9m1!1b1!16s%2Fg%2F11ckvg1dmb?entry=ttu",ChIJW9qSF2fKvJURY3y-DF2Csjs,0x95bcca671792da5b:0x3bb2825d0cbe7c63,4301643930249624675,/g/1tdglfxp,4301643930249624675
"Distribuidora de golosinas, Zona Oeste, CABA, Zona Norte, Zona SUR",Kiosco de golosinas Constitución,Kiosco De Golosinas Constitución,Tienda de alimentación,,,"Av. Juan de Garay 1101-1133, C1150 Cdad. Autónoma de Buenos Aires",Av. Juan de Garay 1101-1133,"Constitución, Buenos Aires, Comuna 1",1101,Argentina,AR,"-34,6263394","-58,3804528",89c2e311007ffff,America/Buenos_Aires,,FALSE,5,4,https://search.google.com/local/reviews?placeid=ChIJL8SkBx7LvJUR5ujrnEs71DI&q=*&authuser=0&hl=en&gl=AR,,https://lh3.googleusercontent.com/gps-cs-s/AHRPTWn7insu_IR9kYRSgkBbr3_HRGoMQaQtsZJ2g8dTJOSk-N9Zad7Atz1Wnht5M_VHqoi6AG5FHAdrf1cypQMqlEbylFwToGLmSczjw9koIED3330u02H5BcdvG6WAnwC_CFRJsKI=w800-h500-k-no,https://lh3.googleusercontent.com/gps-cs-s/AHRPTWn7insu_IR9kYRSgkBbr3_HRGoMQaQtsZJ2g8dTJOSk-N9Zad7Atz1Wnht5M_VHqoi6AG5FHAdrf1cypQMqlEbylFwToGLmSczjw9koIED3330u02H5BcdvG6WAnwC_CFRJsKI=w1600-h1000-k-no,,,,OPERATIONAL,"{""Monday"": [""9AM-7:30PM""], ""Tuesday"": [""9AM-7:30PM""], ""Wednesday"": [""9AM-7:30PM""], ""Thursday"": [""9AM-7:30PM""], ""Friday"": [""9AM-7:30PM""], ""Saturday"": [""9AM-7:30PM""], ""Sunday"": [""Closed""]}","Monday,9AM,7:30PM|Tuesday,9AM,7:30PM|Wednesday,9AM,7:30PM|Thursday,9AM,7:30PM|Friday,9AM,7:30PM|Saturday,9AM,7:30PM",,,,,,,,,,"{""Highlights"": {""Great produce"": true}, ""Planning"": {""Quick visit"": true}, ""Payments"": {""Debit cards"": true}}",,,FALSE,None,Kiosco de golosinas Constitución,,"https://www.google.com/maps/place/Kiosco+de+golosinas+Constituci%C3%B3n/@-34.6263394,-58.3804528,14z/data=!4m8!1m2!2m1!1sKiosco+de+golosinas+Constituci%C3%B3n!3m4!1s0x95bccb1e07a4c42f:0x32d43b4b9cebe8e6!8m2!3d-34.6263394!4d-58.3804528","https://www.google.com/maps/place/Kiosco+de+golosinas+Constituci%C3%B3n/@-34.6263394,-58.3804528,13.99z/data=!4m16!1m7!3m6!1s0x95bccb1e07a4c42f:0x32d43b4b9cebe8e6!2sKiosco+de+golosinas+Constituci%C3%B3n!8m2!3d-34.6263394!4d-58.3804528!16s%2Fg%2F11ckvg1dmb!3m7!1s0x95bccb1e07a4c42f:0x32d43b4b9cebe8e6!8m2!3d-34.6263394!4d-58.3804528!9m1!1b1!16s%2Fg%2F11ckvg1dmb?entry=ttu",ChIJL8SkBx7LvJUR5ujrnEs71DI,0x95bccb1e07a4c42f:0x32d43b4b9cebe8e6,3662617592900348134,/g/11fn9flv0f,3662617592900348134
"Distribuidora de golosinas, Zona Oeste, CABA, Zona Norte, Zona SUR",Candyclub SRL,Candyclub Srl,Estanco,+54 11 2294-3720,https://candyclub.com.ar/,"Bartolomé Mitre 2511, C1039 AAO, Cdad. Autónoma de Buenos Aires",Bartolomé Mitre 2511,Balvanera,C1039,Argentina,AR,"-34,608514","-58,402118",89c2e31112bffff,America/Buenos_Aires,,FALSE,"4,3",110,https://search.google.com/local/reviews?placeid=ChIJ-fsRnO7KvJUR9C_beliDktQ&q=*&authuser=0&hl=en&gl=AR,,https://lh3.googleusercontent.com/gps-cs-s/AHRPTWk8NWbsTk_7Xh8jjgNLDPcInuUY--2k6aH4z8-J5kuA4lS6QtQKzNEwpuSxbOKIqM2_KDCyIMLLQQG_Utk_cwrKCyh_xsC0BN-QRUuE0W-dwyqvud1tWAH_wuEjppw1asOEJ3gC=w800-h500-k-no,https://lh3.googleusercontent.com/gps-cs-s/AHRPTWk8NWbsTk_7Xh8jjgNLDPcInuUY--2k6aH4z8-J5kuA4lS6QtQKzNEwpuSxbOKIqM2_KDCyIMLLQQG_Utk_cwrKCyh_xsC0BN-QRUuE0W-dwyqvud1tWAH_wuEjppw1asOEJ3gC=w1600-h1000-k-no,https://lh5.googleusercontent.com/-cqIZ6bJzoNo/AAAAAAAAAAI/AAAAAAAAAAA/S2XYGE-YxcA/s44-p-k-no-ns-nd/photo.jpg,,,OPERATIONAL,"{""Monday"": [""8:30AM-5PM""], ""Tuesday"": [""8:30AM-5PM""], ""Wednesday"": [""8:30AM-5PM""], ""Thursday"": [""8:30AM-5PM""], ""Friday"": [""8:30AM-5PM""], ""Saturday"": [""8:30AM-1PM""], ""Sunday"": [""Closed""]}","Monday,8:30AM,5PM|Tuesday,8:30AM,5PM|Wednesday,8:30AM,5PM|Thursday,8:30AM,5PM|Friday,8:30AM,5PM|Saturday,8:30AM,1PM",,,,,,,,,,"{""Service options"": {""Delivery"": true, ""In-store pick-up"": true}, ""Accessibility"": {""Wheelchair-accessible entrance"": true}, ""Crowd"": {""LGBTQ+ friendly"": true, ""Transgender safe space"": true}, ""Planning"": {""Quick visit"": true}, ""Payments"": {""Credit cards"": true, ""Debit cards"": true}, ""Other"": {""LGBTQ+ friendly"": true}}",,,TRUE,114556064507657534544,Candyclub SRL,https://www.google.com/maps/contrib/114556064507657534544,"https://www.google.com/maps/place/Candyclub+SRL/@-34.608514,-58.402117999999994,14z/data=!4m8!1m2!2m1!1sCandyclub+SRL!3m4!1s0x95bccaee9c11fbf9:0xd49283587adb2ff4!8m2!3d-34.608514!4d-58.402117999999994","https://www.google.com/maps/place/Candyclub+SRL/@-34.608514,-58.402117999999994,13.99z/data=!4m16!1m7!3m6!1s0x95bccaee9c11fbf9:0xd49283587adb2ff4!2sCandyclub+SRL!8m2!3d-34.608514!4d-58.402117999999994!16s%2Fg%2F11ckvg1dmb!3m7!1s0x95bccaee9c11fbf9:0xd49283587adb2ff4!8m2!3d-34.608514!4d-58.402117999999994!9m1!1b1!16s%2Fg%2F11ckvg1dmb?entry=ttu",ChIJ-fsRnO7KvJUR9C_beliDktQ,0x95bccaee9c11fbf9:0xd49283587adb2ff4,15317449698682023924,/g/1hc0ynn42,-3129294375027527692
"Distribuidora de golosinas, Zona Oeste, CABA, Zona Norte, Zona SUR",Félix,Félix,Tienda de golosinas,+54 11 4384-7041,,"Tte. Gral. Juan Domingo Perón 1603, C1037ACE Cdad. Autónoma de Buenos Aires",Tte. Gral. Juan Domingo Perón 1603,"San Nicolás, Comuna 1",C1037,Argentina,AR,"-34,6065773","-58,3894098",89c2e311edbffff,America/Buenos_Aires,,FALSE,"4,1",7,https://search.google.com/local/reviews?placeid=ChIJnZgvhMPKvJURjET_zVos7C8&q=*&authuser=0&hl=en&gl=AR,,https://lh3.googleusercontent.com/gps-cs-s/AHRPTWl6-lQ6UbKZd1GVQwLvCXmvEapVKlaiHYsAOB1P9BKvbIwdU89sLnl_PcfQYIEikqzLmPAo5P36beYxY9gHGMu-KnKLNXpOfSbdvMvD97g3vVN6ed7s35MlDRfgwzSnft-r0or7yChJ-88=w800-h500-k-no,https://lh3.googleusercontent.com/gps-cs-s/AHRPTWl6-lQ6UbKZd1GVQwLvCXmvEapVKlaiHYsAOB1P9BKvbIwdU89sLnl_PcfQYIEikqzLmPAo5P36beYxY9gHGMu-KnKLNXpOfSbdvMvD97g3vVN6ed7s35MlDRfgwzSnft-r0or7yChJ-88=w1600-h1000-k-no,,,,OPERATIONAL,"{""Monday"": [""7AM-12AM""], ""Tuesday"": [""7AM-12AM""], ""Wednesday"": [""7AM-12AM""], ""Thursday"": [""7AM-12AM""], ""Friday"": [""7AM-12AM""], ""Saturday"": [""8AM-12AM""], ""Sunday"": [""3PM-12AM""]}","Sunday,3PM,12AM|Monday,7AM,12AM|Tuesday,7AM,12AM|Wednesday,7AM,12AM|Thursday,7AM,12AM|Friday,7AM,12AM|Saturday,8AM,12AM",,,,,,,,,,"{""Accessibility"": {""Wheelchair-accessible car park"": false}, ""Planning"": {""Quick visit"": true}, ""Payments"": {""Debit cards"": true}}",,,FALSE,None,Félix,,"https://www.google.com/maps/place/F%C3%A9lix/@-34.6065773,-58.389409799999996,14z/data=!4m8!1m2!2m1!1sF%C3%A9lix!3m4!1s0x95bccac3842f989d:0x2fec2c5acdff448c!8m2!3d-34.6065773!4d-58.389409799999996","https://www.google.com/maps/place/F%C3%A9lix/@-34.6065773,-58.389409799999996,13.99z/data=!4m16!1m7!3m6!1s0x95bccac3842f989d:0x2fec2c5acdff448c!2sF%C3%A9lix!8m2!3d-34.6065773!4d-58.389409799999996!16s%2Fg%2F11ckvg1dmb!3m7!1s0x95bccac3842f989d:0x2fec2c5acdff448c!8m2!3d-34.6065773!4d-58.389409799999996!9m1!1b1!16s%2Fg%2F11ckvg1dmb?entry=ttu",ChIJnZgvhMPKvJURjET_zVos7C8,0x95bccac3842f989d:0x2fec2c5acdff448c,3453183782801065100,/g/11b6x7hv9p,3453183782801065100
"Distribuidora de golosinas, Zona Oeste, CABA, Zona Norte, Zona SUR",Golo-Metal,Golo Metal,Tienda de golosinas,,,"Av. Jujuy 283, 1083AAC Cdad. Autónoma de Buenos Aires",Av. Jujuy 283,"Balvanera, Comuna 3",1083AAC,Argentina,AR,"-34,6132832","-58,4054876",89c2e311133ffff,America/Buenos_Aires,,FALSE,"3,4",5,https://search.google.com/local/reviews?placeid=ChIJXRD03e_KvJURvyBqfJrRSsQ&q=*&authuser=0&hl=en&gl=AR,,https://streetviewpixels-pa.googleapis.com/v1/thumbnail?panoid=M7BJ_m3kDocJYiqnYH3EwA&cb_client=search.gws-prod.gps&w=800&h=500&yaw=260.5492&pitch=0&thumbfov=100,https://streetviewpixels-pa.googleapis.com/v1/thumbnail?panoid=M7BJ_m3kDocJYiqnYH3EwA&cb_client=search.gws-prod.gps&w=1600&h=1000&yaw=260.5492&pitch=0&thumbfov=100,,,,OPERATIONAL,"{""Monday"": [""10AM-7PM""], ""Tuesday"": [""10AM-7PM""], ""Wednesday"": [""10AM-7PM""], ""Thursday"": [""10AM-7PM""], ""Friday"": [""10AM-7PM""], ""Saturday"": [""11AM-2PM""], ""Sunday"": [""Closed""]}","Monday,10AM,7PM|Tuesday,10AM,7PM|Wednesday,10AM,7PM|Thursday,10AM,7PM|Friday,10AM,7PM|Saturday,11AM,2PM",,,,,,,,,,"{""Planning"": {""Quick visit"": true}}",,,FALSE,None,Golo-Metal,,"https://www.google.com/maps/place/Golo-Metal/@-34.6132832,-58.4054876,14z/data=!4m8!1m2!2m1!1sGolo-Metal!3m4!1s0x95bccaefddf4105d:0xc44ad19a7c6a20bf!8m2!3d-34.6132832!4d-58.4054876","https://www.google.com/maps/place/Golo-Metal/@-34.6132832,-58.4054876,13.99z/data=!4m16!1m7!3m6!1s0x95bccaefddf4105d:0xc44ad19a7c6a20bf!2sGolo-Metal!8m2!3d-34.6132832!4d-58.4054876!16s%2Fg%2F11ckvg1dmb!3m7!1s0x95bccaefddf4105d:0xc44ad19a7c6a20bf!8m2!3d-34.6132832!4d-58.4054876!9m1!1b1!16s%2Fg%2F11ckvg1dmb?entry=ttu",ChIJXRD03e_KvJURvyBqfJrRSsQ,0x95bccaefddf4105d:0xc44ad19a7c6a20bf,14144348041152962751,/g/11c1szz0sq,-4302396032556588865
"Distribuidora de golosinas, Zona Oeste, CABA, Zona Norte, Zona SUR",kiosco Nenu,Kiosco Nenu,Tienda de golosinas,,,"C1057AAI, Paraguay 711, C1057AAI Buenos Aires","C1057AAI, Paraguay 711","Retiro, Comuna 1",C1057,Argentina,AR,"-34,597535","-58,377127",89c2e31ad8bffff,America/Buenos_Aires,,FALSE,"4,7",12,https://search.google.com/local/reviews?placeid=ChIJ8SqWIcrKvJURKnjMOnUvms8&q=*&authuser=0&hl=en&gl=AR,,https://lh3.googleusercontent.com/gps-cs-s/AHRPTWn_EMHlXVe7bkJXdOa9Owa8h8ArdH86xAvQU_OVQ_Cep4HOrIg0kpL9TRlhvVbO11qV3tx9nLwcZ0V-lUMhNIDYYAQ-5wHEKeeuOrHM6ihiKLya5bv6pT9dlufUThGFiObXwRWv=w800-h500-k-no,https://lh3.googleusercontent.com/gps-cs-s/AHRPTWn_EMHlXVe7bkJXdOa9Owa8h8ArdH86xAvQU_OVQ_Cep4HOrIg0kpL9TRlhvVbO11qV3tx9nLwcZ0V-lUMhNIDYYAQ-5wHEKeeuOrHM6ihiKLya5bv6pT9dlufUThGFiObXwRWv=w1600-h1000-k-no,https://lh6.googleusercontent.com/-eZfPx0E1OBE/AAAAAAAAAAI/AAAAAAAAAAA/g_i-G_q-mu0/s44-p-k-no-ns-nd/photo.jpg,,,OPERATIONAL,"{""Monday"": [""8AM-8PM""], ""Tuesday"": [""8AM-8PM""], ""Wednesday"": [""8AM-8PM""], ""Thursday"": [""8AM-8PM""], ""Friday"": [""8AM-12AM""], ""Saturday"": [""8AM-12AM""], ""Sunday"": [""Closed""]}","Monday,8AM,8PM|Tuesday,8AM,8PM|Wednesday,8AM,8PM|Thursday,8AM,8PM|Friday,8AM,12AM|Saturday,8AM,12AM",,,,,,,,,,"{""Accessibility"": {""Wheelchair-accessible car park"": false}, ""Planning"": {""Quick visit"": true}, ""Payments"": {""Debit cards"": true}}",,,TRUE,101360107626038985214,kiosco Nenu,https://www.google.com/maps/contrib/101360107626038985214,"https://www.google.com/maps/place/kiosco+Nenu/@-34.597535,-58.377126999999994,14z/data=!4m8!1m2!2m1!1skiosco+Nenu!3m4!1s0x95bccaca21962af1:0xcf9a2f753acc782a!8m2!3d-34.597535!4d-58.377126999999994","https://www.google.com/maps/place/kiosco+Nenu/@-34.597535,-58.377126999999994,13.99z/data=!4m16!1m7!3m6!1s0x95bccaca21962af1:0xcf9a2f753acc782a!2skiosco+Nenu!8m2!3d-34.597535!4d-58.377126999999994!16s%2Fg%2F11ckvg1dmb!3m7!1s0x95bccaca21962af1:0xcf9a2f753acc782a!8m2!3d-34.597535!4d-58.377126999999994!9m1!1b1!16s%2Fg%2F11ckvg1dmb?entry=ttu",ChIJ8SqWIcrKvJURKnjMOnUvms8,0x95bccaca21962af1:0xcf9a2f753acc782a,14959321292808681514,/g/11c439d829,-3487422780900870102
"Distribuidora de golosinas, Zona Oeste, CABA, Zona Norte, Zona SUR",Cotillón y Golosinas Charly,Cotillón Y Golosinas Charly,Tienda de artículos de fiesta,+54 11 3411-1260,https://instagram.com/cotillonygolosinas_charly,"Paraguay 3916, C1425BSD Cdad. Autónoma de Buenos Aires",Paraguay 3916,"Palermo, Comuna 14",C1425,Argentina,AR,"-34,5894378","-58,4182662",89c2e311813ffff,America/Buenos_Aires,,FALSE,4,21,https://search.google.com/local/reviews?placeid=ChIJZxwuSwLLvJURLJOabjnPNwQ&q=*&authuser=0&hl=en&gl=AR,,https://lh3.googleusercontent.com/gps-cs-s/AHRPTWnTzwafTguHHS9l8O0VIaa31XllY_w0aTav283pzSOR6ASArt5mtggT2UWGLGrCANe0iaZ1RM5akVNrpWmTInKI7BEu97qzS9TGRce97leXpUvaHq5fAjXW36F3l35uED8o7Z0=w800-h500-k-no,https://lh3.googleusercontent.com/gps-cs-s/AHRPTWnTzwafTguHHS9l8O0VIaa31XllY_w0aTav283pzSOR6ASArt5mtggT2UWGLGrCANe0iaZ1RM5akVNrpWmTInKI7BEu97qzS9TGRce97leXpUvaHq5fAjXW36F3l35uED8o7Z0=w1600-h1000-k-no,https://lh4.googleusercontent.com/-cx4YMtUnYGY/AAAAAAAAAAI/AAAAAAAAAAA/_RdtYIJ3fB8/s44-p-k-no-ns-nd/photo.jpg,,,OPERATIONAL,"{""Monday"": [""12-7PM""], ""Tuesday"": [""12-7PM""], ""Wednesday"": [""12-7PM""], ""Thursday"": [""12-7PM""], ""Friday"": [""12-7PM""], ""Saturday"": [""12-4PM""], ""Sunday"": [""Closed""]}","Monday,12,7PM|Tuesday,12,7PM|Wednesday,12,7PM|Thursday,12,7PM|Friday,12,7PM|Saturday,12,4PM",,,,,,,,,,"{""Service options"": {""Delivery"": true, ""In-store pick-up"": true, ""In-store shopping"": true, ""Same-day delivery"": true}, ""Accessibility"": {""Wheelchair-accessible car park"": false}, ""Planning"": {""Quick visit"": true}, ""Payments"": {""Debit cards"": true}}",,,TRUE,101659563168016009630,Cotillón y Golosinas Charly,https://www.google.com/maps/contrib/101659563168016009630,"https://www.google.com/maps/place/Cotill%C3%B3n+y+Golosinas+Charly/@-34.5894378,-58.4182662,14z/data=!4m8!1m2!2m1!1sCotill%C3%B3n+y+Golosinas+Charly!3m4!1s0x95bccb024b2e1c67:0x437cf396e9a932c!8m2!3d-34.5894378!4d-58.4182662","https://www.google.com/maps/place/Cotill%C3%B3n+y+Golosinas+Charly/@-34.5894378,-58.4182662,13.99z/data=!4m16!1m7!3m6!1s0x95bccb024b2e1c67:0x437cf396e9a932c!2sCotill%C3%B3n+y+Golosinas+Charly!8m2!3d-34.5894378!4d-58.4182662!16s%2Fg%2F11ckvg1dmb!3m7!1s0x95bccb024b2e1c67:0x437cf396e9a932c!8m2!3d-34.5894378!4d-58.4182662!9m1!1b1!16s%2Fg%2F11ckvg1dmb?entry=ttu",ChIJZxwuSwLLvJURLJOabjnPNwQ,0x95bccb024b2e1c67:0x437cf396e9a932c,303939345446507308,/g/11gyb59z08,303939345446507308
"Distribuidora de golosinas, Zona Oeste, CABA, Zona Norte, Zona SUR",Distribuidora Abril,Distribuidora Abril,,+54 237 466-3846,,"Moreno 315, C1091AAG Moreno, Cdad. Autónoma de Buenos Aires",Moreno 315,Monserrat,C1091,Argentina,AR,"-34,6111878","-58,3707995",89c2e311357ffff,America/Buenos_Aires,,FALSE,5,1,https://search.google.com/local/reviews?placeid=ChIJr-jfJCs1o5URVjdd-whBExI&q=*&authuser=0&hl=en&gl=AR,,https://streetviewpixels-pa.googleapis.com/v1/thumbnail?panoid=X-DpyeBOZipo0rblqcdHsw&cb_client=search.gws-prod.gps&w=800&h=500&yaw=19.833513&pitch=0&thumbfov=100,https://streetviewpixels-pa.googleapis.com/v1/thumbnail?panoid=X-DpyeBOZipo0rblqcdHsw&cb_client=search.gws-prod.gps&w=1600&h=1000&yaw=19.833513&pitch=0&thumbfov=100,,,,OPERATIONAL,,,,,,,,,,,,,,,FALSE,None,Distribuidora Abril,,"https://www.google.com/maps/place/Distribuidora+Abril/@-34.611187799999996,-58.3707995,14z/data=!4m8!1m2!2m1!1sDistribuidora+Abril!3m4!1s0x95a3352b24dfe8af:0x12134108fb5d3756!8m2!3d-34.611187799999996!4d-58.3707995","https://www.google.com/maps/place/Distribuidora+Abril/@-34.611187799999996,-58.3707995,13.99z/data=!4m16!1m7!3m6!1s0x95a3352b24dfe8af:0x12134108fb5d3756!2sDistribuidora+Abril!8m2!3d-34.611187799999996!4d-58.3707995!16s%2Fg%2F11ckvg1dmb!3m7!1s0x95a3352b24dfe8af:0x12134108fb5d3756!8m2!3d-34.611187799999996!4d-58.3707995!9m1!1b1!16s%2Fg%2F11ckvg1dmb?entry=ttu",ChIJr-jfJCs1o5URVjdd-whBExI,0x95a3352b24dfe8af:0x12134108fb5d3756,1302456224072939350,/g/1tfv_b4m,1302456224072939350
"Distribuidora de golosinas, Zona Oeste, CABA, Zona Norte, Zona SUR",Quiosco Perú 330,Quiosco Perú 330,Tienda de golosinas,+54 9 11 4409-5242,,"Perú 330, C1067 AAH, Cdad. Autónoma de Buenos Aires",Perú 330,Monserrat,C1067,Argentina,AR,"-34,611836","-58,374712",89c2e31131bffff,America/Buenos_Aires,,FALSE,5,2,https://search.google.com/local/reviews?placeid=ChIJbXgAX9TKvJURIJgDB3q1t-o&q=*&authuser=0&hl=en&gl=AR,,https://streetviewpixels-pa.googleapis.com/v1/thumbnail?panoid=0qt2jo4W7V5Wp_2zbmarTw&cb_client=search.gws-prod.gps&w=800&h=500&yaw=97.094444&pitch=0&thumbfov=100,https://streetviewpixels-pa.googleapis.com/v1/thumbnail?panoid=0qt2jo4W7V5Wp_2zbmarTw&cb_client=search.gws-prod.gps&w=1600&h=1000&yaw=97.094444&pitch=0&thumbfov=100,,,,OPERATIONAL,"{""Monday"": [""8AM-7PM""], ""Tuesday"": [""8AM-7PM""], ""Wednesday"": [""8AM-7PM""], ""Thursday"": [""8AM-7PM""], ""Friday"": [""8AM-7PM""], ""Saturday"": [""Closed""], ""Sunday"": [""Closed""]}","Monday,8AM,7PM|Tuesday,8AM,7PM|Wednesday,8AM,7PM|Thursday,8AM,7PM|Friday,8AM,7PM",,,,,,,,,,"{""Planning"": {""Quick visit"": true}}",,,FALSE,None,Quiosco Perú 330,,"https://www.google.com/maps/place/Quiosco+Per%C3%BA+330/@-34.611836,-58.374711999999995,14z/data=!4m8!1m2!2m1!1sQuiosco+Per%C3%BA+330!3m4!1s0x95bccad45f00786d:0xeab7b57a07039820!8m2!3d-34.611836!4d-58.374711999999995","https://www.google.com/maps/place/Quiosco+Per%C3%BA+330/@-34.611836,-58.374711999999995,13.99z/data=!4m16!1m7!3m6!1s0x95bccad45f00786d:0xeab7b57a07039820!2sQuiosco+Per%C3%BA+330!8m2!3d-34.611836!4d-58.374711999999995!16s%2Fg%2F11ckvg1dmb!3m7!1s0x95bccad45f00786d:0xeab7b57a07039820!8m2!3d-34.611836!4d-58.374711999999995!9m1!1b1!16s%2Fg%2F11ckvg1dmb?entry=ttu",ChIJbXgAX9TKvJURIJgDB3q1t-o,0x95bccad45f00786d:0xeab7b57a07039820,16913186461321500704,/g/11c51rrfnd,-1533557612388050912
"Distribuidora de golosinas, Zona Oeste, CABA, Zona Norte, Zona SUR",Mega Kiosco,Mega Kiosco,Tienda de golosinas,,,"Once, Av. Pueyrredón 110, C1032ABO Cdad. Autónoma de Buenos Aires","Once, Av. Pueyrredón 110","Balvanera, Comuna 3",C1032,Argentina,AR,"-34,6088589","-58,407168",89c2e311127ffff,America/Buenos_Aires,,FALSE,5,1,https://search.google.com/local/reviews?placeid=ChIJWfuWa_LKvJURsQkFqH11tcw&q=*&authuser=0&hl=en&gl=AR,,https://lh3.googleusercontent.com/gps-proxy/ALd4DhFLH2jGMBOqmoSTfK7iHEKeH0khZQhkP03JVxFdJhTD9908pwAK9xePDX-6OOam4Bd79wJNet1Oly9KyQAfdZmoyIwbRQisQrJejlLxU1orWrbvvQ7xumkgiNiQM7vRCcL5A5S90a0hfxmqgnN19npKT27zPeyEUSy5LVOXLnNvwuBL8ZF9-9MMVSXxJJztLcR2pLk=w800-h500-k-no,https://lh3.googleusercontent.com/gps-proxy/ALd4DhFLH2jGMBOqmoSTfK7iHEKeH0khZQhkP03JVxFdJhTD9908pwAK9xePDX-6OOam4Bd79wJNet1Oly9KyQAfdZmoyIwbRQisQrJejlLxU1orWrbvvQ7xumkgiNiQM7vRCcL5A5S90a0hfxmqgnN19npKT27zPeyEUSy5LVOXLnNvwuBL8ZF9-9MMVSXxJJztLcR2pLk=w1600-h1000-k-no,,,,OPERATIONAL,"{""Monday"": [""8AM-9PM""], ""Tuesday"": [""8AM-9PM""], ""Wednesday"": [""8AM-9PM""], ""Thursday"": [""8AM-9PM""], ""Friday"": [""8AM-9PM""], ""Saturday"": [""8AM-9PM""], ""Sunday"": [""Closed""]}","Monday,8AM,9PM|Tuesday,8AM,9PM|Wednesday,8AM,9PM|Thursday,8AM,9PM|Friday,8AM,9PM|Saturday,8AM,9PM",,,,,,,,,,"{""Planning"": {""Quick visit"": true}, ""Payments"": {""Debit cards"": true}}",,,FALSE,None,Mega Kiosco,,"https://www.google.com/maps/place/Mega+Kiosco/@-34.6088589,-58.407168,14z/data=!4m8!1m2!2m1!1sMega+Kiosco!3m4!1s0x95bccaf26b96fb59:0xccb5757da80509b1!8m2!3d-34.6088589!4d-58.407168","https://www.google.com/maps/place/Mega+Kiosco/@-34.6088589,-58.407168,13.99z/data=!4m16!1m7!3m6!1s0x95bccaf26b96fb59:0xccb5757da80509b1!2sMega+Kiosco!8m2!3d-34.6088589!4d-58.407168!16s%2Fg%2F11ckvg1dmb!3m7!1s0x95bccaf26b96fb59:0xccb5757da80509b1!8m2!3d-34.6088589!4d-58.407168!9m1!1b1!16s%2Fg%2F11ckvg1dmb?entry=ttu",ChIJWfuWa_LKvJURsQkFqH11tcw,0x95bccaf26b96fb59:0xccb5757da80509b1,14750825337072191921,/g/11b73knj3x,-3695918736637359695
"Distribuidora de golosinas, Zona Oeste, CABA, Zona Norte, Zona SUR",Maxiquiosco Tacuarí,Maxiquiosco Tacuarí,Tienda de golosinas,,,"Tacuarí 960, C1071 C1071AAT, Cdad. Autónoma de Buenos Aires",Tacuarí 960,"Constitución, Buenos Aires",C1071,Argentina,AR,"-34,6192065","-58,3786535",89c2e311067ffff,America/Buenos_Aires,,FALSE,1,1,https://search.google.com/local/reviews?placeid=ChIJYfZadCnLvJURrKC0sXQiiqo&q=*&authuser=0&hl=en&gl=AR,,https://lh3.googleusercontent.com/gps-cs-s/AHRPTWl2qD4JGDNNhSG4m5xLGg0JR1LBWmBJtuUiEyGp4SO1JP4GJQmmC2_vEYCTxOYxlCc89stpXSXZ-k0zih8zc4502MytsfXgx90Mp2FLqtEarvS8w4jFXKoX7erkUhTkAN1bKcjvJQ=w800-h500-k-no,https://lh3.googleusercontent.com/gps-cs-s/AHRPTWl2qD4JGDNNhSG4m5xLGg0JR1LBWmBJtuUiEyGp4SO1JP4GJQmmC2_vEYCTxOYxlCc89stpXSXZ-k0zih8zc4502MytsfXgx90Mp2FLqtEarvS8w4jFXKoX7erkUhTkAN1bKcjvJQ=w1600-h1000-k-no,,,,OPERATIONAL,"{""Monday"": [""8AM-8:30PM""], ""Tuesday"": [""8AM-8:30PM""], ""Wednesday"": [""8AM-8:30PM""], ""Thursday"": [""8AM-8:30PM""], ""Friday"": [""8AM-8:30PM""], ""Saturday"": [""8AM-8:30PM""], ""Sunday"": [""Closed""]}","Monday,8AM,8:30PM|Tuesday,8AM,8:30PM|Wednesday,8AM,8:30PM|Thursday,8AM,8:30PM|Friday,8AM,8:30PM|Saturday,8AM,8:30PM",,,,,,,,,,"{""Service options"": {""Delivery"": true}, ""Planning"": {""Quick visit"": true}}",,,FALSE,None,Maxiquiosco Tacuarí,,"https://www.google.com/maps/place/Maxiquiosco+Tacuar%C3%AD/@-34.6192065,-58.3786535,14z/data=!4m8!1m2!2m1!1sMaxiquiosco+Tacuar%C3%AD!3m4!1s0x95bccb29745af661:0xaa8a2274b1b4a0ac!8m2!3d-34.6192065!4d-58.3786535","https://www.google.com/maps/place/Maxiquiosco+Tacuar%C3%AD/@-34.6192065,-58.3786535,13.99z/data=!4m16!1m7!3m6!1s0x95bccb29745af661:0xaa8a2274b1b4a0ac!2sMaxiquiosco+Tacuar%C3%AD!8m2!3d-34.6192065!4d-58.3786535!16s%2Fg%2F11ckvg1dmb!3m7!1s0x95bccb29745af661:0xaa8a2274b1b4a0ac!8m2!3d-34.6192065!4d-58.3786535!9m1!1b1!16s%2Fg%2F11ckvg1dmb?entry=ttu",ChIJYfZadCnLvJURrKC0sXQiiqo,0x95bccb29745af661:0xaa8a2274b1b4a0ac,12288672417826775212,/g/11dyznnpk2,-6158071655882776404
"Distribuidora de golosinas, Zona Oeste, CABA, Zona Norte, Zona SUR",MAYORISTA CN artículos de kiosco,Mayorista Cn Artículos De Kiosco,Mayorista,+54 11 4308-1012,,"Catamarca 1485, C1246AAE Cdad. Autónoma de Buenos Aires",Catamarca 1485,"San Cristóbal, Comuna 3",C1246,Argentina,AR,"-34,6274528","-58,4028017",89c2e31153bffff,America/Buenos_Aires,,FALSE,,,,,https://streetviewpixels-pa.googleapis.com/v1/thumbnail?panoid=oDSmZy1sQ1hyhje1efol_Q&cb_client=search.gws-prod.gps&w=800&h=500&yaw=260.9693&pitch=0&thumbfov=100,https://streetviewpixels-pa.googleapis.com/v1/thumbnail?panoid=oDSmZy1sQ1hyhje1efol_Q&cb_client=search.gws-prod.gps&w=1600&h=1000&yaw=260.9693&pitch=0&thumbfov=100,,,,OPERATIONAL,"{""Monday"": [""8AM-1PM""], ""Tuesday"": [""8AM-1PM""], ""Wednesday"": [""8AM-1PM""], ""Thursday"": [""8AM-1PM""], ""Friday"": [""8AM-1PM""], ""Saturday"": [""Closed""], ""Sunday"": [""Closed""]}","Monday,8AM,1PM|Tuesday,8AM,1PM|Wednesday,8AM,1PM|Thursday,8AM,1PM|Friday,8AM,1PM",,,,,,,,,,,,,FALSE,None,MAYORISTA CN artículos de kiosco,,"https://www.google.com/maps/place/MAYORISTA+CN+art%C3%ADculos+de+kiosco/@-34.6274528,-58.4028017,14z/data=!4m8!1m2!2m1!1sMAYORISTA+CN+art%C3%ADculos+de+kiosco!3m4!1s0x95bccb1c5f8a8ee1:0xb8c121bc8b81a678!8m2!3d-34.6274528!4d-58.4028017","https://www.google.com/maps/place/MAYORISTA+CN+art%C3%ADculos+de+kiosco/@-34.6274528,-58.4028017,13.99z/data=!4m16!1m7!3m6!1s0x95bccb1c5f8a8ee1:0xb8c121bc8b81a678!2sMAYORISTA+CN+art%C3%ADculos+de+kiosco!8m2!3d-34.6274528!4d-58.4028017!16s%2Fg%2F11ckvg1dmb!3m7!1s0x95bccb1c5f8a8ee1:0xb8c121bc8b81a678!8m2!3d-34.6274528!4d-58.4028017!9m1!1b1!16s%2Fg%2F11ckvg1dmb?entry=ttu",ChIJ4Y6KXxzLvJUReKaBi7whwbg,0x95bccb1c5f8a8ee1:0xb8c121bc8b81a678,13312959067161994872,/g/11c5sxjnl3,None
"Distribuidora de golosinas, Zona Oeste, CABA, Zona Norte, Zona SUR",Rapanui,Rapanui,Tienda de productos de chocolate,+54 810-888-7272,https://rapanui.com.ar/,"Uruguay 1284, C1016 ACF, Cdad. Autónoma de Buenos Aires",Uruguay 1284,Barrio Norte,C1016,Argentina,AR,"-34,5931733","-58,3878232",89c2e31adb7ffff,America/Buenos_Aires,,FALSE,"4,6",7758,https://search.google.com/local/reviews?placeid=ChIJG_Gf67vKvJURCg-Xw8Mf6WY&q=*&authuser=0&hl=en&gl=AR,,https://lh3.googleusercontent.com/gps-cs-s/AHRPTWk3wDBiVujE0tI_sL6zyGoRLPJhh1UNjPAmAlj6wvSuHbDyXoRPXGakj3QkRnfAuiO56NnnErzCnh6t-VruRJ-7W_3NsimrwPxUZlFtYHKpmplkw6iK4ZnSis599rI13rATZe5l=w800-h500-k-no,https://lh3.googleusercontent.com/gps-cs-s/AHRPTWk3wDBiVujE0tI_sL6zyGoRLPJhh1UNjPAmAlj6wvSuHbDyXoRPXGakj3QkRnfAuiO56NnnErzCnh6t-VruRJ-7W_3NsimrwPxUZlFtYHKpmplkw6iK4ZnSis599rI13rATZe5l=w1600-h1000-k-no,https://lh4.googleusercontent.com/-mcUg9BSBwHc/AAAAAAAAAAI/AAAAAAAAAAA/cBVYnrZ5juQ/s44-p-k-no-ns-nd/photo.jpg,,,OPERATIONAL,"{""Monday"": [""11AM-1AM""], ""Tuesday"": [""11AM-1AM""], ""Wednesday"": [""11AM-1AM""], ""Thursday"": [""11AM-1AM""], ""Friday"": [""11AM-2AM""], ""Saturday"": [""11AM-2AM""], ""Sunday"": [""11AM-1AM""]}","Sunday,11AM,1AM|Monday,11AM,1AM|Tuesday,11AM,1AM|Wednesday,11AM,1AM|Thursday,11AM,1AM|Friday,11AM,2AM|Saturday,11AM,2AM",,,,,,,,,,"{""Service options"": {""Delivery"": true, ""On-site services"": true, ""Takeaway"": true}, ""Highlights"": {""Great dessert"": true}, ""Accessibility"": {""Wheelchair-accessible car park"": false, ""Wheelchair-accessible entrance"": false}, ""Dining options"": {""Dessert"": true}, ""Planning"": {""Quick visit"": true}, ""Payments"": {""Credit cards"": true, ""Debit cards"": true, ""NFC mobile payments"": true}}",,,TRUE,100834274673294923335,Rapanui,https://www.google.com/maps/contrib/100834274673294923335,"https://www.google.com/maps/place/Rapanui/@-34.5931733,-58.3878232,14z/data=!4m8!1m2!2m1!1sRapanui!3m4!1s0x95bccabbeb9ff11b:0x66e91fc3c3970f0a!8m2!3d-34.5931733!4d-58.3878232","https://www.google.com/maps/place/Rapanui/@-34.5931733,-58.3878232,13.99z/data=!4m16!1m7!3m6!1s0x95bccabbeb9ff11b:0x66e91fc3c3970f0a!2sRapanui!8m2!3d-34.5931733!4d-58.3878232!16s%2Fg%2F11ckvg1dmb!3m7!1s0x95bccabbeb9ff11b:0x66e91fc3c3970f0a!8m2!3d-34.5931733!4d-58.3878232!9m1!1b1!16s%2Fg%2F11ckvg1dmb?entry=ttu",ChIJG_Gf67vKvJURCg-Xw8Mf6WY,0x95bccabbeb9ff11b:0x66e91fc3c3970f0a,7415493187102773002,/g/11ckqt10f1,7415493187102773002
"Distribuidora de golosinas, Zona Oeste, CABA, Zona Norte, Zona SUR",Kiosco Pacheco,Kiosco Pacheco,Tienda de golosinas,+54 11 4808-0044,,"José Andrés Pacheco de Melo 1996, C1126AAD Cdad. Autónoma de Buenos Aires",José Andrés Pacheco de Melo 1996,"Barrio Norte, Recoleta, Comuna 2",C1126,Argentina,AR,"-34,5910709","-58,3948989",89c2e311e6fffff,America/Buenos_Aires,,FALSE,"3,4",25,https://search.google.com/local/reviews?placeid=ChIJQxpzBJjKvJURqU20jTFyJEI&q=*&authuser=0&hl=en&gl=AR,,https://lh3.googleusercontent.com/gps-cs-s/AHRPTWm-r7P25D6KMRkYnQen_IHwrhQw2Rbm3n86YVYDU8dM3Mq9XvNsfQnzgU9PHirW3U7SeOwe2_grzcPu8_yNDiwug3s-e6OVfUe9Q3rYcaRquv4x5P9ISDGyw81bsX0JuHqO37Pz=w800-h500-k-no,https://lh3.googleusercontent.com/gps-cs-s/AHRPTWm-r7P25D6KMRkYnQen_IHwrhQw2Rbm3n86YVYDU8dM3Mq9XvNsfQnzgU9PHirW3U7SeOwe2_grzcPu8_yNDiwug3s-e6OVfUe9Q3rYcaRquv4x5P9ISDGyw81bsX0JuHqO37Pz=w1600-h1000-k-no,,,,OPERATIONAL,"{""Monday"": [""Open 24 hours""], ""Tuesday"": [""Open 24 hours""], ""Wednesday"": [""Open 24 hours""], ""Thursday"": [""Open 24 hours""], ""Friday"": [""Open 24 hours""], ""Saturday"": [""Open 24 hours""], ""Sunday"": [""Open 24 hours""]}","Sunday,12:00 AM,12:00 AM|Monday,12:00 AM,12:00 AM|Tuesday,12:00 AM,12:00 AM|Wednesday,12:00 AM,12:00 AM|Thursday,12:00 AM,12:00 AM|Friday,12:00 AM,12:00 AM|Saturday,12:00 AM,12:00 AM",,,,,,,,,,"{""Accessibility"": {""Wheelchair-accessible car park"": false}, ""Planning"": {""Quick visit"": true}, ""Payments"": {""Debit cards"": true}}",,,FALSE,None,Kiosco Pacheco,,"https://www.google.com/maps/place/Kiosco+Pacheco/@-34.5910709,-58.394898899999994,14z/data=!4m8!1m2!2m1!1sKiosco+Pacheco!3m4!1s0x95bcca9804731a43:0x422472318db44da9!8m2!3d-34.5910709!4d-58.394898899999994","https://www.google.com/maps/place/Kiosco+Pacheco/@-34.5910709,-58.394898899999994,13.99z/data=!4m16!1m7!3m6!1s0x95bcca9804731a43:0x422472318db44da9!2sKiosco+Pacheco!8m2!3d-34.5910709!4d-58.394898899999994!16s%2Fg%2F11ckvg1dmb!3m7!1s0x95bcca9804731a43:0x422472318db44da9!8m2!3d-34.5910709!4d-58.394898899999994!9m1!1b1!16s%2Fg%2F11ckvg1dmb?entry=ttu",ChIJQxpzBJjKvJURqU20jTFyJEI,0x95bcca9804731a43:0x422472318db44da9,4766059862821195177,/g/11cs1bb4mw,4766059862821195177
"Distribuidora de golosinas, Zona Oeste, CABA, Zona Norte, Zona SUR","El Nuevo Emporio SA, REPOSTERÍA",El Nuevo Emporio Sa Repostería,Tienda de artículos para decoración en pastelería,+54 11 4942-6644,https://tienda.elnuevoemporio.com.ar/,"Cochabamba 2577, C1247AAP Cdad. Autónoma de Buenos Aires",Cochabamba 2577,"San Cristóbal, Comuna 3",C1247,Argentina,AR,"-34,6250513","-58,401553",89c2e311193ffff,America/Buenos_Aires,,FALSE,"4,5",4263,https://search.google.com/local/reviews?placeid=ChIJmeJVyB3LvJURtW69Hz8_UWA&q=*&authuser=0&hl=en&gl=AR,,https://lh3.googleusercontent.com/gps-cs-s/AHRPTWmUvrI_AyFhPir411MF5i7EWneVUPsCAR4NyPWoWZdQTvuc8fNicOIvWP_7aBF5JGQvYJwTEFyGIph-9SY9bQTR_KfpR4bJMq4lWKZX1ehVJ5IY3uhSRj-aJMuswiED2kwwQGo=w800-h500-k-no,https://lh3.googleusercontent.com/gps-cs-s/AHRPTWmUvrI_AyFhPir411MF5i7EWneVUPsCAR4NyPWoWZdQTvuc8fNicOIvWP_7aBF5JGQvYJwTEFyGIph-9SY9bQTR_KfpR4bJMq4lWKZX1ehVJ5IY3uhSRj-aJMuswiED2kwwQGo=w1600-h1000-k-no,https://lh3.googleusercontent.com/-Y4gHlS1SH3E/AAAAAAAAAAI/AAAAAAAAAAA/75gCfrmSTLw/s44-p-k-no-ns-nd/photo.jpg,,,OPERATIONAL,"{""Monday"": [""8:30AM-6:30PM""], ""Tuesday"": [""8:30AM-6:30PM""], ""Wednesday"": [""8:30AM-6:30PM""], ""Thursday"": [""8:30AM-6:30PM""], ""Friday"": [""8:30AM-6:30PM""], ""Saturday"": [""9AM-1PM""], ""Sunday"": [""Closed""]}","Monday,8:30AM,6:30PM|Tuesday,8:30AM,6:30PM|Wednesday,8:30AM,6:30PM|Thursday,8:30AM,6:30PM|Friday,8:30AM,6:30PM|Saturday,9AM,1PM",,,,,,,,,,"{""Service options"": {""Delivery"": true, ""Same-day delivery"": true}, ""Accessibility"": {""Wheelchair-accessible car park"": false, ""Wheelchair-accessible entrance"": false}, ""Amenities"": {""Wi-Fi"": true}, ""Planning"": {""Quick visit"": true}, ""Payments"": {""Cheques"": true, ""Credit cards"": true, ""Debit cards"": true, ""NFC mobile payments"": true}}",,,TRUE,110033503862648178520,"El Nuevo Emporio SA, REPOSTERÍA",https://www.google.com/maps/contrib/110033503862648178520,"https://www.google.com/maps/place/El+Nuevo+Emporio+SA%2C+REPOSTER%C3%8DA/@-34.625051299999996,-58.401553,14z/data=!4m8!1m2!2m1!1sEl+Nuevo+Emporio+SA%2C+REPOSTER%C3%8DA!3m4!1s0x95bccb1dc855e299:0x60513f3f1fbd6eb5!8m2!3d-34.625051299999996!4d-58.401553","https://www.google.com/maps/place/El+Nuevo+Emporio+SA%2C+REPOSTER%C3%8DA/@-34.625051299999996,-58.401553,13.99z/data=!4m16!1m7!3m6!1s0x95bccb1dc855e299:0x60513f3f1fbd6eb5!2sEl+Nuevo+Emporio+SA%2C+REPOSTER%C3%8DA!8m2!3d-34.625051299999996!4d-58.401553!16s%2Fg%2F11ckvg1dmb!3m7!1s0x95bccb1dc855e299:0x60513f3f1fbd6eb5!8m2!3d-34.625051299999996!4d-58.401553!9m1!1b1!16s%2Fg%2F11ckvg1dmb?entry=ttu",ChIJmeJVyB3LvJURtW69Hz8_UWA,0x95bccb1dc855e299:0x60513f3f1fbd6eb5,6940398041102642869,/g/1trvmmn9,6940398041102642869
"Distribuidora de golosinas, Zona Oeste, CABA, Zona Norte, Zona SUR",Ven Arg,Ven Arg,Tienda general,+54 11 2757-7140,https://instagram.com/venarg247,"Lavalle 1999, C1051 Cdad. Autónoma de Buenos Aires",Lavalle 1999,"Balvanera, Comuna 3",C1051,Argentina,AR,"-34,603047","-58,3953045",89c2e311ec7ffff,America/Buenos_Aires,,FALSE,"4,4",1365,https://search.google.com/local/reviews?placeid=ChIJq6oamurKvJUR11GK1lrL-xg&q=*&authuser=0&hl=en&gl=AR,,https://lh3.googleusercontent.com/gps-cs-s/AHRPTWmDnzUND-C3S_xXfH-nnazZUY1v-UEK61ucx86VcrLWfA9AHueZci3_LoWlZZo9Do_QYciYPKrBBRROONatZKFRVE1Iv96iJ1rg2yLseNAZh4WhXj5zAOkdFMJTdfKHxfmMtbLNyA=w800-h500-k-no,https://lh3.googleusercontent.com/gps-cs-s/AHRPTWmDnzUND-C3S_xXfH-nnazZUY1v-UEK61ucx86VcrLWfA9AHueZci3_LoWlZZo9Do_QYciYPKrBBRROONatZKFRVE1Iv96iJ1rg2yLseNAZh4WhXj5zAOkdFMJTdfKHxfmMtbLNyA=w1600-h1000-k-no,https://lh4.googleusercontent.com/-dmbSwR_3kX8/AAAAAAAAAAI/AAAAAAAAAAA/Ml8U_UNaPqc/s44-p-k-no-ns-nd/photo.jpg,,,OPERATIONAL,"{""Monday"": [""10AM-7PM""], ""Tuesday"": [""10AM-7PM""], ""Wednesday"": [""10AM-7PM""], ""Thursday"": [""10AM-7PM""], ""Friday"": [""10AM-7PM""], ""Saturday"": [""10AM-7PM""], ""Sunday"": [""Closed""]}","Monday,10AM,7PM|Tuesday,10AM,7PM|Wednesday,10AM,7PM|Thursday,10AM,7PM|Friday,10AM,7PM|Saturday,10AM,7PM","[{""takeout"": {""Monday"": ""10 AM-7 PM"", ""Tuesday"": ""10 AM-7 PM"", ""Wednesday"": ""10 AM-7 PM"", ""Thursday"": ""10 AM-7 PM"", ""Friday"": ""10 AM-7 PM"", ""Saturday"": ""10 AM-7 PM"", ""Sunday"": ""Closed""}}, {""online_service_hours"": {""Monday"": ""10 AM-7 PM"", ""Tuesday"": ""10 AM-7 PM"", ""Wednesday"": ""10 AM-7 PM"", ""Thursday"": ""10 AM-7 PM"", ""Friday"": ""10 AM-7 PM"", ""Saturday"": ""10 AM-7 PM"", ""Sunday"": ""Closed""}}]",,,,,,,,,"{""Service options"": {""Delivery"": true}, ""Accessibility"": {""Wheelchair-accessible entrance"": true, ""Wheelchair-accessible seating"": true, ""Assistive hearing loop"": false, ""Wheelchair-accessible car park"": false, ""Wheelchair-accessible toilet"": false}, ""Amenities"": {""Toilet"": false}, ""Planning"": {""Quick visit"": true}, ""Payments"": {""Debit cards"": true, ""NFC mobile payments"": true}}",,,TRUE,110979633929434578201,Ven Arg,https://www.google.com/maps/contrib/110979633929434578201,"https://www.google.com/maps/place/Ven+Arg/@-34.603047,-58.395304499999995,14z/data=!4m8!1m2!2m1!1sVen+Arg!3m4!1s0x95bccaea9a1aaaab:0x18fbcb5ad68a51d7!8m2!3d-34.603047!4d-58.395304499999995","https://www.google.com/maps/place/Ven+Arg/@-34.603047,-58.395304499999995,13.99z/data=!4m16!1m7!3m6!1s0x95bccaea9a1aaaab:0x18fbcb5ad68a51d7!2sVen+Arg!8m2!3d-34.603047!4d-58.395304499999995!16s%2Fg%2F11ckvg1dmb!3m7!1s0x95bccaea9a1aaaab:0x18fbcb5ad68a51d7!8m2!3d-34.603047!4d-58.395304499999995!9m1!1b1!16s%2Fg%2F11ckvg1dmb?entry=ttu",ChIJq6oamurKvJUR11GK1lrL-xg,0x95bccaea9a1aaaab:0x18fbcb5ad68a51d7,1800256067071529431,/g/11f4m9wlvs,1800256067071529431
"Distribuidora de golosinas, Zona Oeste, CABA, Zona Norte, Zona SUR",Chocolates Fénix,Chocolates Fénix,Tienda de productos de chocolate,+54 11 4304-1524,https://www.chocolatesfenix.com/,"ADR, Solís 2022, C1134 C1134ADR, Cdad. Autónoma de Buenos Aires","ADR, Solís 2022","Constitución, Buenos Aires",C1134,Argentina,AR,"-34,6316802","-58,3888081",89c2e31154bffff,America/Buenos_Aires,,FALSE,"4,5",665,https://search.google.com/local/reviews?placeid=ChIJhV5mgDzLvJURXtQNpffHCsQ&q=*&authuser=0&hl=en&gl=AR,,https://lh3.googleusercontent.com/gps-cs-s/AHRPTWlJMnPzFo2VwI0lb6s6W226WCDMGmilX0tY92WfMGa7qy-ukKKKXyF0GF98HD8NDJDyHEte5Z-VKf6Ivl0fdoHt6w7pZqpzNEzMh0jniSjAxysYbO2cxDKTeMcfqh8O-EWYOr-z=w800-h500-k-no,https://lh3.googleusercontent.com/gps-cs-s/AHRPTWlJMnPzFo2VwI0lb6s6W226WCDMGmilX0tY92WfMGa7qy-ukKKKXyF0GF98HD8NDJDyHEte5Z-VKf6Ivl0fdoHt6w7pZqpzNEzMh0jniSjAxysYbO2cxDKTeMcfqh8O-EWYOr-z=w1600-h1000-k-no,https://lh3.googleusercontent.com/-xD1GHQafAiU/AAAAAAAAAAI/AAAAAAAAAAA/3yqcU6szDTs/s44-p-k-no-ns-nd/photo.jpg,,,OPERATIONAL,"{""Monday"": [""9:30AM-5:30PM""], ""Tuesday"": [""9:30AM-5:30PM""], ""Wednesday"": [""9:30AM-5:30PM""], ""Thursday"": [""9:30AM-5:30PM""], ""Friday"": [""9:30AM-5:30PM""], ""Saturday"": [""Closed""], ""Sunday"": [""Closed""]}","Monday,9:30AM,5:30PM|Tuesday,9:30AM,5:30PM|Wednesday,9:30AM,5:30PM|Thursday,9:30AM,5:30PM|Friday,9:30AM,5:30PM",,,,,,,,,,"{""Service options"": {""Delivery"": true, ""Takeaway"": false, ""Dine-in"": false}, ""Accessibility"": {""Wheelchair-accessible car park"": false, ""Wheelchair-accessible entrance"": false}, ""Dining options"": {""Dessert"": true}, ""Amenities"": {""Toilet"": false}, ""Planning"": {""Quick visit"": true}, ""Payments"": {""Credit cards"": true, ""Debit cards"": true, ""NFC mobile payments"": true}}","Retail setting for specialty high-end chocolate confections, raw materials & related supplies.",,TRUE,100914430674633838941,Chocolates Fénix,https://www.google.com/maps/contrib/100914430674633838941,"https://www.google.com/maps/place/Chocolates+F%C3%A9nix/@-34.6316802,-58.3888081,14z/data=!4m8!1m2!2m1!1sChocolates+F%C3%A9nix!3m4!1s0x95bccb3c80665e85:0xc40ac7f7a50dd45e!8m2!3d-34.6316802!4d-58.3888081","https://www.google.com/maps/place/Chocolates+F%C3%A9nix/@-34.6316802,-58.3888081,13.99z/data=!4m16!1m7!3m6!1s0x95bccb3c80665e85:0xc40ac7f7a50dd45e!2sChocolates+F%C3%A9nix!8m2!3d-34.6316802!4d-58.3888081!16s%2Fg%2F11ckvg1dmb!3m7!1s0x95bccb3c80665e85:0xc40ac7f7a50dd45e!8m2!3d-34.6316802!4d-58.3888081!9m1!1b1!16s%2Fg%2F11ckvg1dmb?entry=ttu",ChIJhV5mgDzLvJURXtQNpffHCsQ,0x95bccb3c80665e85:0xc40ac7f7a50dd45e,14126323047640978526,/g/1tgcng_g,-4320421026068573090
"Distribuidora de golosinas, Zona Oeste, CABA, Zona Norte, Zona SUR",MUNDO DE COLORES,Mundo De Colores,Tienda de regalos,,https://mundodecolores690.mitiendanube.com/,"Santiago del Estero 690, C1098 Cdad. Autónoma de Buenos Aires",Santiago del Estero 690,"Monserrat, Comuna 1",C1098,Argentina,AR,"-34,6164906","-58,3843523",89c2e311397ffff,America/Buenos_Aires,,FALSE,5,5,https://search.google.com/local/reviews?placeid=ChIJ4-lIDjPLvJURY4Ls3WnjVUk&q=*&authuser=0&hl=en&gl=AR,,https://lh3.googleusercontent.com/gps-cs-s/AHRPTWmaz6cxlQo_-PgXGBoZM_Yji5-WS1Sfn2wmWb9xfs_SIz8asFxMvOiH7FfpQ8m4nUpzKqf2zs6rmx6LXVAEpvzOUsj5IYZJq90Df6GqmbHO9x7VJNxyKDwngvQePUwJsDyYUGV2Zw=w800-h500-k-no,https://lh3.googleusercontent.com/gps-cs-s/AHRPTWmaz6cxlQo_-PgXGBoZM_Yji5-WS1Sfn2wmWb9xfs_SIz8asFxMvOiH7FfpQ8m4nUpzKqf2zs6rmx6LXVAEpvzOUsj5IYZJq90Df6GqmbHO9x7VJNxyKDwngvQePUwJsDyYUGV2Zw=w1600-h1000-k-no,https://lh6.googleusercontent.com/-xpMVtInh6dc/AAAAAAAAAAI/AAAAAAAAAAA/T1kUCz8uUnk/s44-p-k-no-ns-nd/photo.jpg,,,OPERATIONAL,"{""Monday"": [""9AM-8PM""], ""Tuesday"": [""9AM-8PM""], ""Wednesday"": [""9AM-8PM""], ""Thursday"": [""9AM-8PM""], ""Friday"": [""9AM-10PM""], ""Saturday"": [""9AM-10PM""], ""Sunday"": [""2-8PM""]}","Sunday,2,8PM|Monday,9AM,8PM|Tuesday,9AM,8PM|Wednesday,9AM,8PM|Thursday,9AM,8PM|Friday,9AM,10PM|Saturday,9AM,10PM",,,,,,,,,,"{""Service options"": {""In-store pick-up"": true, ""In-store shopping"": true}, ""Crowd"": {""LGBTQ+ friendly"": true, ""Transgender safe space"": true}, ""Planning"": {""Quick visit"": true}, ""Payments"": {""Credit cards"": true, ""Debit cards"": true, ""NFC mobile payments"": true}, ""Other"": {""LGBTQ+ friendly"": true}}",,,TRUE,104311261532470377716,MUNDO DE COLORES,https://www.google.com/maps/contrib/104311261532470377716,"https://www.google.com/maps/place/MUNDO+DE+COLORES/@-34.6164906,-58.384352299999996,14z/data=!4m8!1m2!2m1!1sMUNDO+DE+COLORES!3m4!1s0x95bccb330e48e9e3:0x4955e369ddec8263!8m2!3d-34.6164906!4d-58.384352299999996","https://www.google.com/maps/place/MUNDO+DE+COLORES/@-34.6164906,-58.384352299999996,13.99z/data=!4m16!1m7!3m6!1s0x95bccb330e48e9e3:0x4955e369ddec8263!2sMUNDO+DE+COLORES!8m2!3d-34.6164906!4d-58.384352299999996!16s%2Fg%2F11ckvg1dmb!3m7!1s0x95bccb330e48e9e3:0x4955e369ddec8263!8m2!3d-34.6164906!4d-58.384352299999996!9m1!1b1!16s%2Fg%2F11ckvg1dmb?entry=ttu",ChIJ4-lIDjPLvJURY4Ls3WnjVUk,0x95bccb330e48e9e3:0x4955e369ddec8263,5284379781623480931,/g/11tcz25s7g,5284379781623480931
"Distribuidora de golosinas, Zona Oeste, CABA, Zona Norte, Zona SUR",Maxi kiosco Petit,Maxi Kiosco Petit,Tienda de golosinas,+54 11 4362-9387,,"Av. San Juan 502, C1147AAQ Cdad. Autónoma de Buenos Aires",Av. San Juan 502,"San Telmo, Comuna 1",C1147,Argentina,AR,"-34,6220223","-58,3728605",89c2e31106bffff,America/Buenos_Aires,,FALSE,"4,9",7,https://search.google.com/local/reviews?placeid=ChIJywX8sCjLvJURXdBpt2XlXfk&q=*&authuser=0&hl=en&gl=AR,,https://streetviewpixels-pa.googleapis.com/v1/thumbnail?panoid=cR2iozF6janT0PK-USvjqg&cb_client=search.gws-prod.gps&w=800&h=500&yaw=173.19972&pitch=0&thumbfov=100,https://streetviewpixels-pa.googleapis.com/v1/thumbnail?panoid=cR2iozF6janT0PK-USvjqg&cb_client=search.gws-prod.gps&w=1600&h=1000&yaw=173.19972&pitch=0&thumbfov=100,,,,OPERATIONAL,"{""Monday"": [""7AM-8PM""], ""Tuesday"": [""7AM-8PM""], ""Wednesday"": [""7AM-8PM""], ""Thursday"": [""7AM-8PM""], ""Friday"": [""7AM-8PM""], ""Saturday"": [""Closed""], ""Sunday"": [""2-8PM""]}","Sunday,2,8PM|Monday,7AM,8PM|Tuesday,7AM,8PM|Wednesday,7AM,8PM|Thursday,7AM,8PM|Friday,7AM,8PM",,,,,,,,,,"{""Accessibility"": {""Wheelchair-accessible car park"": false}, ""Planning"": {""Quick visit"": true}, ""Payments"": {""Debit cards"": true}}",,,FALSE,None,Maxi kiosco Petit,,"https://www.google.com/maps/place/Maxi+kiosco+Petit/@-34.6220223,-58.372860499999994,14z/data=!4m8!1m2!2m1!1sMaxi+kiosco+Petit!3m4!1s0x95bccb28b0fc05cb:0xf95de565b769d05d!8m2!3d-34.6220223!4d-58.372860499999994","https://www.google.com/maps/place/Maxi+kiosco+Petit/@-34.6220223,-58.372860499999994,13.99z/data=!4m16!1m7!3m6!1s0x95bccb28b0fc05cb:0xf95de565b769d05d!2sMaxi+kiosco+Petit!8m2!3d-34.6220223!4d-58.372860499999994!16s%2Fg%2F11ckvg1dmb!3m7!1s0x95bccb28b0fc05cb:0xf95de565b769d05d!8m2!3d-34.6220223!4d-58.372860499999994!9m1!1b1!16s%2Fg%2F11ckvg1dmb?entry=ttu",ChIJywX8sCjLvJURXdBpt2XlXfk,0x95bccb28b0fc05cb:0xf95de565b769d05d,17968770313309769821,/g/11crzv4hj3,-477973760399781795
"Distribuidora de golosinas, Zona Oeste, CABA, Zona Norte, Zona SUR",Kiosco Abasto,Kiosco Abasto,Tienda de golosinas,,,"Av. Corrientes 3181, C1925 Cdad. Autónoma de Buenos Aires",Av. Corrientes 3181,"Balvanera, Comuna 3",C1925,Argentina,AR,"-34,60391","-58,409658",89c2e311c43ffff,America/Buenos_Aires,,FALSE,5,2,https://search.google.com/local/reviews?placeid=ChIJZeWN6IzKvJURbsf5gst3UvU&q=*&authuser=0&hl=en&gl=AR,,https://lh3.googleusercontent.com/gps-proxy/ALd4DhFqw86dehEF8ygp3DSqjnWdCcIMvN4V-Wj8Ul30dkgKwzkzpgJGn9dmBsv2rqxzK6N4MoRYCsYaKnJFt4mXNa2Ify3gZ90dt5RaObVv9MdLY4TBvdUQdTywleQpEw9f4SFDu2-jNdqST1iNTY-8aeY46AeIHRQnG-0dx_UsRi_IZljUXoxJmqSsUUI_tuxJVUoLSDM=w800-h500-k-no,https://lh3.googleusercontent.com/gps-proxy/ALd4DhFqw86dehEF8ygp3DSqjnWdCcIMvN4V-Wj8Ul30dkgKwzkzpgJGn9dmBsv2rqxzK6N4MoRYCsYaKnJFt4mXNa2Ify3gZ90dt5RaObVv9MdLY4TBvdUQdTywleQpEw9f4SFDu2-jNdqST1iNTY-8aeY46AeIHRQnG-0dx_UsRi_IZljUXoxJmqSsUUI_tuxJVUoLSDM=w1600-h1000-k-no,,,,OPERATIONAL,"{""Monday"": [""9AM-8PM""], ""Tuesday"": [""9AM-8PM""], ""Wednesday"": [""9AM-8PM""], ""Thursday"": [""9AM-8PM""], ""Friday"": [""9AM-8PM""], ""Saturday"": [""9AM-8PM""], ""Sunday"": [""3-8PM""]}","Sunday,3,8PM|Monday,9AM,8PM|Tuesday,9AM,8PM|Wednesday,9AM,8PM|Thursday,9AM,8PM|Friday,9AM,8PM|Saturday,9AM,8PM",,,,,,,,,,"{""Planning"": {""Quick visit"": true}}",,,FALSE,None,Kiosco Abasto,,"https://www.google.com/maps/place/Kiosco+Abasto/@-34.60391,-58.409658,14z/data=!4m8!1m2!2m1!1sKiosco+Abasto!3m4!1s0x95bcca8ce88de565:0xf55277cb82f9c76e!8m2!3d-34.60391!4d-58.409658","https://www.google.com/maps/place/Kiosco+Abasto/@-34.60391,-58.409658,13.99z/data=!4m16!1m7!3m6!1s0x95bcca8ce88de565:0xf55277cb82f9c76e!2sKiosco+Abasto!8m2!3d-34.60391!4d-58.409658!16s%2Fg%2F11ckvg1dmb!3m7!1s0x95bcca8ce88de565:0xf55277cb82f9c76e!8m2!3d-34.60391!4d-58.409658!9m1!1b1!16s%2Fg%2F11ckvg1dmb?entry=ttu",ChIJZeWN6IzKvJURbsf5gst3UvU,0x95bcca8ce88de565:0xf55277cb82f9c76e,17677323203342092142,/g/11b6jgvt_j,-769420870367459474
"Distribuidora de golosinas, Zona Oeste, CABA, Zona Norte, Zona SUR",Asterix Golosinas,Asterix Golosinas,Kiosco,+54 11 6750-8004,,"Av. Rivadavia 3994, C1204AAR Cdad. Autónoma de Buenos Aires",Av. Rivadavia 3994,"Almagro, Comuna 5",C1204,Argentina,AR,"-34,612135","-58,4222191",89c2e311c93ffff,America/Buenos_Aires,,FALSE,5,1,https://search.google.com/local/reviews?placeid=ChIJgzxm1WjLvJUR1ECpfNk725w&q=*&authuser=0&hl=en&gl=AR,,https://lh3.googleusercontent.com/gps-cs-s/AHRPTWmNDVTRRaDsLDc2-uvdwxqJcxKqMYbTAzeJOiHy7jwidcHDO1yZLjnkXrATHvwxBqyY5oM0vRirBsu4zxIBSNPASqJUjFZqq5295fC2Npa0WmUJLE53aWVvaMm6lfL897t7BXGR=w800-h500-k-no,https://lh3.googleusercontent.com/gps-cs-s/AHRPTWmNDVTRRaDsLDc2-uvdwxqJcxKqMYbTAzeJOiHy7jwidcHDO1yZLjnkXrATHvwxBqyY5oM0vRirBsu4zxIBSNPASqJUjFZqq5295fC2Npa0WmUJLE53aWVvaMm6lfL897t7BXGR=w1600-h1000-k-no,https://lh6.googleusercontent.com/-VA4J9o1LQUE/AAAAAAAAAAI/AAAAAAAAAAA/90_XjXS5vdU/s44-p-k-no-ns-nd/photo.jpg,,,CLOSED_TEMPORARILY,,,,,,,,,,,,"{""Service options"": {""Delivery"": true}}",,,TRUE,110667372912429838316,Asterix Golosinas,https://www.google.com/maps/contrib/110667372912429838316,"https://www.google.com/maps/place/Asterix+Golosinas/@-34.612134999999995,-58.4222191,14z/data=!4m8!1m2!2m1!1sAsterix+Golosinas!3m4!1s0x95bccb68d5663c83:0x9cdb3bd97ca940d4!8m2!3d-34.612134999999995!4d-58.4222191","https://www.google.com/maps/place/Asterix+Golosinas/@-34.612134999999995,-58.4222191,13.99z/data=!4m16!1m7!3m6!1s0x95bccb68d5663c83:0x9cdb3bd97ca940d4!2sAsterix+Golosinas!8m2!3d-34.612134999999995!4d-58.4222191!16s%2Fg%2F11ckvg1dmb!3m7!1s0x95bccb68d5663c83:0x9cdb3bd97ca940d4!8m2!3d-34.612134999999995!4d-58.4222191!9m1!1b1!16s%2Fg%2F11ckvg1dmb?entry=ttu",ChIJgzxm1WjLvJUR1ECpfNk725w,0x95bccb68d5663c83:0x9cdb3bd97ca940d4,11302693495101800660,/g/11rmp1wsbg,-7144050578607750956
"Distribuidora de golosinas, Zona Oeste, CABA, Zona Norte, Zona SUR",Diki,Diki,Mercado,+54 11 6884-1377,http://diki.com.ar/,"Olga Cossettini 102, C1107CCD Cdad. Autónoma de Buenos Aires",Olga Cossettini 102,"Puerto Madero, Comuna 1",C1107,Argentina,AR,"-34,5991687","-58,3646099",89c2e31ac37ffff,America/Buenos_Aires,,FALSE,"4,5",81,https://search.google.com/local/reviews?placeid=ChIJdVwMgy_LvJURCYd20RQvoaY&q=*&authuser=0&hl=en&gl=AR,,https://lh3.googleusercontent.com/gps-cs-s/AHRPTWlZ9qrFpRI9MpXoNQxsjBY2l92gHzrxSlXKY_jdiYC8wYS4cNpNSgAkMMRwcuVBoXlA478-NI1cI2e241SUeHw42CEZflYEIwvy0DlbIOcUi_Z4FQShEeAgPvklOK8znU9IznY8=w800-h500-k-no,https://lh3.googleusercontent.com/gps-cs-s/AHRPTWlZ9qrFpRI9MpXoNQxsjBY2l92gHzrxSlXKY_jdiYC8wYS4cNpNSgAkMMRwcuVBoXlA478-NI1cI2e241SUeHw42CEZflYEIwvy0DlbIOcUi_Z4FQShEeAgPvklOK8znU9IznY8=w1600-h1000-k-no,https://lh5.googleusercontent.com/-OKW22HU436I/AAAAAAAAAAI/AAAAAAAAAAA/DxM6EwfRdUg/s44-p-k-no-ns-nd/photo.jpg,,,OPERATIONAL,"{""Monday"": [""10AM-8PM""], ""Tuesday"": [""10AM-8PM""], ""Wednesday"": [""10AM-8PM""], ""Thursday"": [""10AM-8PM""], ""Friday"": [""10AM-8PM""], ""Saturday"": [""12-8PM""], ""Sunday"": [""Closed""]}","Monday,10AM,8PM|Tuesday,10AM,8PM|Wednesday,10AM,8PM|Thursday,10AM,8PM|Friday,10AM,8PM|Saturday,12,8PM",,,,,,,,,,"{""Service options"": {""In-store shopping"": true}, ""Accessibility"": {""Wheelchair-accessible entrance"": true, ""Wheelchair-accessible car park"": false}, ""Amenities"": {""Toilet"": false}, ""Crowd"": {""LGBTQ+ friendly"": true, ""Transgender safe space"": true}, ""Payments"": {""Credit cards"": true, ""Debit cards"": true, ""NFC mobile payments"": true}, ""Other"": {""LGBTQ+ friendly"": true}}",,,TRUE,114485571081649195477,Diki,https://www.google.com/maps/contrib/114485571081649195477,"https://www.google.com/maps/place/Diki/@-34.5991687,-58.3646099,14z/data=!4m8!1m2!2m1!1sDiki!3m4!1s0x95bccb2f830c5c75:0xa6a12f14d1768709!8m2!3d-34.5991687!4d-58.3646099","https://www.google.com/maps/place/Diki/@-34.5991687,-58.3646099,13.99z/data=!4m16!1m7!3m6!1s0x95bccb2f830c5c75:0xa6a12f14d1768709!2sDiki!8m2!3d-34.5991687!4d-58.3646099!16s%2Fg%2F11ckvg1dmb!3m7!1s0x95bccb2f830c5c75:0xa6a12f14d1768709!8m2!3d-34.5991687!4d-58.3646099!9m1!1b1!16s%2Fg%2F11ckvg1dmb?entry=ttu",ChIJdVwMgy_LvJURCYd20RQvoaY,0x95bccb2f830c5c75:0xa6a12f14d1768709,12006929848006510345,/g/11sgchqbky,-6439814225703041271
"Distribuidora de golosinas, Zona Oeste, CABA, Zona Norte, Zona SUR",Distribuidora san Daniel,Distribuidora San Daniel,Tienda de productos de chocolate,+54 11 5423-0602,https://wa.me/message/WUIBIU5CUKG7G1,"Tte. Gral. Juan Domingo Perón 3430, C1198 Cdad. Autónoma de Buenos Aires",Tte. Gral. Juan Domingo Perón 3430,"Almagro, Comuna 5",C1198,Argentina,AR,"-34,6071739","-58,4151875",89c2e311cc7ffff,America/Buenos_Aires,,FALSE,,,,,https://streetviewpixels-pa.googleapis.com/v1/thumbnail?panoid=5ViU3p21npfsSX2ynyD9-g&cb_client=search.gws-prod.gps&w=800&h=500&yaw=207.353&pitch=0&thumbfov=100,https://lh3.googleusercontent.com/gps-cs-s/AHRPTWlOk0DkvufDsU_woXtRdlw2h0zESiTxbE6q8fVupdE_GWuK2oDnBNQlqAVKHHgiXkxSf5yAIqqYIESEVaOlrMYvv6yDgBgctdi-E_BBg-yzJksUNWtXGsXWzylzCZmvxMkVdJub9U6dDcuw=w1600-h1000-k-no,https://lh4.googleusercontent.com/-YZoJYGcmJdQ/AAAAAAAAAAI/AAAAAAAAAAA/gr_rryHWMAQ/s44-p-k-no-ns-nd/photo.jpg,,,OPERATIONAL,,,,,,,,,,,,"{""Service options"": {""Delivery"": true}, ""Dining options"": {""Dessert"": true}, ""Payments"": {""Cash only"": true}}",,,TRUE,112601229198963680423,Distribuidora san Daniel,https://www.google.com/maps/contrib/112601229198963680423,"https://www.google.com/maps/place/Distribuidora+san+Daniel/@-34.6071739,-58.415187499999995,14z/data=!4m8!1m2!2m1!1sDistribuidora+san+Daniel!3m4!1s0x95bccbe55ead44e9:0x9cb0c00ded91e387!8m2!3d-34.6071739!4d-58.415187499999995","https://www.google.com/maps/place/Distribuidora+san+Daniel/@-34.6071739,-58.415187499999995,13.99z/data=!4m16!1m7!3m6!1s0x95bccbe55ead44e9:0x9cb0c00ded91e387!2sDistribuidora+san+Daniel!8m2!3d-34.6071739!4d-58.415187499999995!16s%2Fg%2F11ckvg1dmb!3m7!1s0x95bccbe55ead44e9:0x9cb0c00ded91e387!8m2!3d-34.6071739!4d-58.415187499999995!9m1!1b1!16s%2Fg%2F11ckvg1dmb?entry=ttu",ChIJ6UStXuXLvJURh-OR7Q3AsJw,0x95bccbe55ead44e9:0x9cb0c00ded91e387,11290735431870702471,/g/11qpv2x1kp,None
"Distribuidora de golosinas, Zona Oeste, CABA, Zona Norte, Zona SUR",Maxikiosco,Maxikiosco,Tienda de golosinas,,,"Sarmiento 3065, C1196AAE Cdad. Autónoma de Buenos Aires",Sarmiento 3065,"Balvanera, Comuna 3",C1196,Argentina,AR,"-34,6066308","-58,4096275",89c2e311c53ffff,America/Buenos_Aires,,FALSE,"4,5",4,https://search.google.com/local/reviews?placeid=ChIJw9Y1PfPKvJUR6GortAEaj3M&q=*&authuser=0&hl=en&gl=AR,,https://lh3.googleusercontent.com/gps-cs-s/AHRPTWmF0uyNVxTGGTTTtcci_FnF7aHbrr0ZthOBe3Fme2ToJTmheUuqQxcMjGBlmqMfTHmwzdfJex_ch_oT8EQutYUEFtxU65bB7ExclvNgoSkInL3kD6061Dkl7Ck0Y8kj7ffHbu7OKA=w800-h500-k-no,https://lh3.googleusercontent.com/gps-cs-s/AHRPTWmF0uyNVxTGGTTTtcci_FnF7aHbrr0ZthOBe3Fme2ToJTmheUuqQxcMjGBlmqMfTHmwzdfJex_ch_oT8EQutYUEFtxU65bB7ExclvNgoSkInL3kD6061Dkl7Ck0Y8kj7ffHbu7OKA=w1600-h1000-k-no,,,,OPERATIONAL,"{""Monday"": [""9AM-8PM""], ""Tuesday"": [""9AM-8PM""], ""Wednesday"": [""9AM-8PM""], ""Thursday"": [""9AM-8PM""], ""Friday"": [""9AM-8PM""], ""Saturday"": [""9AM-8PM""], ""Sunday"": [""Closed""]}","Monday,9AM,8PM|Tuesday,9AM,8PM|Wednesday,9AM,8PM|Thursday,9AM,8PM|Friday,9AM,8PM|Saturday,9AM,8PM",,,,,,,,,,"{""Planning"": {""Quick visit"": true}}",,,FALSE,None,Maxikiosco,,"https://www.google.com/maps/place/Maxikiosco/@-34.6066308,-58.4096275,14z/data=!4m8!1m2!2m1!1sMaxikiosco!3m4!1s0x95bccaf33d35d6c3:0x738f1a01b42b6ae8!8m2!3d-34.6066308!4d-58.4096275","https://www.google.com/maps/place/Maxikiosco/@-34.6066308,-58.4096275,13.99z/data=!4m16!1m7!3m6!1s0x95bccaf33d35d6c3:0x738f1a01b42b6ae8!2sMaxikiosco!8m2!3d-34.6066308!4d-58.4096275!16s%2Fg%2F11ckvg1dmb!3m7!1s0x95bccaf33d35d6c3:0x738f1a01b42b6ae8!8m2!3d-34.6066308!4d-58.4096275!9m1!1b1!16s%2Fg%2F11ckvg1dmb?entry=ttu",ChIJw9Y1PfPKvJUR6GortAEaj3M,0x95bccaf33d35d6c3:0x738f1a01b42b6ae8,8326902830651370216,/g/11g9qlg1gd,8326902830651370216
"Distribuidora de golosinas, Zona Oeste, CABA, Zona Norte, Zona SUR",Boutique de Golosinas,Boutique De Golosinas,Kiosco,+54 11 5724-4222,,"Catamarca 352, C1213 Cdad. Autónoma de Buenos Aires",Catamarca 352,"Balvanera, Comuna 3",C1213,Argentina,AR,"-34,6141999","-58,4062",89c2e3111abffff,America/Buenos_Aires,,FALSE,5,2,https://search.google.com/local/reviews?placeid=ChIJCdFcwDzLvJURmF8Koh0objA&q=*&authuser=0&hl=en&gl=AR,,https://lh3.googleusercontent.com/gps-cs-s/AHRPTWkqDceWl5FIGlGXCXXslURHcdAHRvIQF5xJeMTCcsYx07DCe3O_oD7DWlZlKRULFm42e-5nOCvXyAUAelzflafmLGRRsD_aExfmR2cbMqXq1FoNU-1A09cVirNG3-gMLOTQYRBCXw=w800-h500-k-no,https://lh3.googleusercontent.com/gps-cs-s/AHRPTWkqDceWl5FIGlGXCXXslURHcdAHRvIQF5xJeMTCcsYx07DCe3O_oD7DWlZlKRULFm42e-5nOCvXyAUAelzflafmLGRRsD_aExfmR2cbMqXq1FoNU-1A09cVirNG3-gMLOTQYRBCXw=w1600-h1000-k-no,https://lh4.googleusercontent.com/-xj6JpdSrsUA/AAAAAAAAAAI/AAAAAAAAAAA/oEos87erdDU/s44-p-k-no-ns-nd/photo.jpg,,,CLOSED_TEMPORARILY,,,,,,,,,,,,,,,TRUE,112484477726219059438,Boutique de Golosinas,https://www.google.com/maps/contrib/112484477726219059438,"https://www.google.com/maps/place/Boutique+de+Golosinas/@-34.614199899999996,-58.4062,14z/data=!4m8!1m2!2m1!1sBoutique+de+Golosinas!3m4!1s0x95bccb3cc05cd109:0x306e281da20a5f98!8m2!3d-34.614199899999996!4d-58.4062","https://www.google.com/maps/place/Boutique+de+Golosinas/@-34.614199899999996,-58.4062,13.99z/data=!4m16!1m7!3m6!1s0x95bccb3cc05cd109:0x306e281da20a5f98!2sBoutique+de+Golosinas!8m2!3d-34.614199899999996!4d-58.4062!16s%2Fg%2F11ckvg1dmb!3m7!1s0x95bccb3cc05cd109:0x306e281da20a5f98!8m2!3d-34.614199899999996!4d-58.4062!9m1!1b1!16s%2Fg%2F11ckvg1dmb?entry=ttu",ChIJCdFcwDzLvJURmF8Koh0objA,0x95bccb3cc05cd109:0x306e281da20a5f98,3489770868996464536,/g/11ssjc5xgh,3489770868996464536
"Distribuidora de golosinas, Zona Oeste, CABA, Zona Norte, Zona SUR",Pochoclos Biggys,Pochoclos Biggys,Tienda de palomitas,+54 11 2773-8769,https://www.biggys.com.ar/,"Humahuaca 3936, C1192 ACB, Cdad. Autónoma de Buenos Aires",Humahuaca 3936,Almagro,C1192,Argentina,AR,"-34,6020697","-58,4198609",89c2e311c07ffff,America/Buenos_Aires,,FALSE,"4,9",68,https://search.google.com/local/reviews?placeid=ChIJf9fiAXfKvJURhwIpPWmFkKw&q=*&authuser=0&hl=en&gl=AR,,https://lh3.googleusercontent.com/gps-cs-s/AHRPTWn7mqjVXFgxLwNk-xLoe_IffIh5I3S1RpONbUDDpb9nG6ZoFjX_qkytlfH4LsazKd3XLd7AekkP267r7y7goX4cwcilkPQmEf1eV9NAWgQmFyu5y-b5KNMkwpYklCVj0Rzj542G=w800-h500-k-no,https://lh3.googleusercontent.com/gps-cs-s/AHRPTWn7mqjVXFgxLwNk-xLoe_IffIh5I3S1RpONbUDDpb9nG6ZoFjX_qkytlfH4LsazKd3XLd7AekkP267r7y7goX4cwcilkPQmEf1eV9NAWgQmFyu5y-b5KNMkwpYklCVj0Rzj542G=w1600-h1000-k-no,https://lh5.googleusercontent.com/-w_YR8Ww-Y9Y/AAAAAAAAAAI/AAAAAAAAAAA/VP9qzRQbn8Y/s44-p-k-no-ns-nd/photo.jpg,,,OPERATIONAL,"{""Monday"": [""8AM-3PM""], ""Tuesday"": [""8AM-3PM""], ""Wednesday"": [""8AM-3PM""], ""Thursday"": [""8AM-3PM""], ""Friday"": [""8AM-3PM""], ""Saturday"": [""Closed""], ""Sunday"": [""Closed""]}","Monday,8AM,3PM|Tuesday,8AM,3PM|Wednesday,8AM,3PM|Thursday,8AM,3PM|Friday,8AM,3PM",,,,,,,,,,"{""Service options"": {""Delivery"": true}, ""Accessibility"": {""Wheelchair-accessible car park"": false}, ""Planning"": {""Quick visit"": true}, ""Payments"": {""Debit cards"": true, ""NFC mobile payments"": true}}",,,TRUE,115184469440277672412,Pochoclos Biggys,https://www.google.com/maps/contrib/115184469440277672412,"https://www.google.com/maps/place/Pochoclos+Biggys/@-34.6020697,-58.419860899999996,14z/data=!4m8!1m2!2m1!1sPochoclos+Biggys!3m4!1s0x95bcca7701e2d77f:0xac9085693d290287!8m2!3d-34.6020697!4d-58.419860899999996","https://www.google.com/maps/place/Pochoclos+Biggys/@-34.6020697,-58.419860899999996,13.99z/data=!4m16!1m7!3m6!1s0x95bcca7701e2d77f:0xac9085693d290287!2sPochoclos+Biggys!8m2!3d-34.6020697!4d-58.419860899999996!16s%2Fg%2F11ckvg1dmb!3m7!1s0x95bcca7701e2d77f:0xac9085693d290287!8m2!3d-34.6020697!4d-58.419860899999996!9m1!1b1!16s%2Fg%2F11ckvg1dmb?entry=ttu",ChIJf9fiAXfKvJURhwIpPWmFkKw,0x95bcca7701e2d77f:0xac9085693d290287,12434585258214097543,/g/1v1vfcxn,-6012158815495454073
"Distribuidora de golosinas, Zona Oeste, CABA, Zona Norte, Zona SUR",Kiosco,Kiosco,Tienda de golosinas,+54 9 11 5005-7567,,"Beruti 3034, C1425BBL C1425BBL, Cdad. Autónoma de Buenos Aires",Beruti 3034,Barrio Norte,C1425,Argentina,AR,"-34,5894039","-58,4068319",89c2e31185bffff,America/Buenos_Aires,,FALSE,"3,9",7,https://search.google.com/local/reviews?placeid=ChIJr3zJW4PKvJURYwDGzDDCSbk&q=*&authuser=0&hl=en&gl=AR,,https://streetviewpixels-pa.googleapis.com/v1/thumbnail?panoid=uaNdc_mfGE9cBLkWqQj8bw&cb_client=search.gws-prod.gps&w=800&h=500&yaw=206.83559&pitch=0&thumbfov=100,https://lh3.googleusercontent.com/gps-cs-s/AHRPTWkWDVHeoJNoLDWScUhfNcrE_JVii2IH3yhTim0wo59xlGsbqBwI5lJK1pTDNv3WH3KX4pY7lWkfKxwgGIUilN_-bJ9rjsY26sfEwbZb5BKuayO977H1yK6AhKUMc4xpGburU86l=w1600-h1000-k-no,,,,OPERATIONAL,"{""Monday"": [""9AM-7PM""], ""Tuesday"": [""9AM-7PM""], ""Wednesday"": [""9AM-7PM""], ""Thursday"": [""9AM-7PM""], ""Friday"": [""9AM-7PM""], ""Saturday"": [""1PM-3AM""], ""Sunday"": [""Closed""]}","Monday,9AM,7PM|Tuesday,9AM,7PM|Wednesday,9AM,7PM|Thursday,9AM,7PM|Friday,9AM,7PM|Saturday,1PM,3AM",,,,,,,,,,"{""Planning"": {""Quick visit"": true}}",,,FALSE,None,Kiosco,,"https://www.google.com/maps/place/Kiosco/@-34.5894039,-58.4068319,14z/data=!4m8!1m2!2m1!1sKiosco!3m4!1s0x95bcca835bc97caf:0xb949c230ccc60063!8m2!3d-34.5894039!4d-58.4068319","https://www.google.com/maps/place/Kiosco/@-34.5894039,-58.4068319,13.99z/data=!4m16!1m7!3m6!1s0x95bcca835bc97caf:0xb949c230ccc60063!2sKiosco!8m2!3d-34.5894039!4d-58.4068319!16s%2Fg%2F11ckvg1dmb!3m7!1s0x95bcca835bc97caf:0xb949c230ccc60063!8m2!3d-34.5894039!4d-58.4068319!9m1!1b1!16s%2Fg%2F11ckvg1dmb?entry=ttu",ChIJr3zJW4PKvJURYwDGzDDCSbk,0x95bcca835bc97caf:0xb949c230ccc60063,13351416085166293091,/g/11hbvs3k9n,-5095327988543258525
"Distribuidora de golosinas, Zona Oeste, CABA, Zona Norte, Zona SUR",365 Kioscos Argentinos,365 Kioscos Argentinos,Candy store,,https://instagram.com/365kioscosargentinos,"C1425BMB, Charcas 2600, C1425BMB Cdad. Autónoma de Buenos Aires","C1425BMB, Charcas 2600","Barrio Norte, Recoleta, Comuna 2",C1425,Argentina,AR,"-34,5953457","-58,4041094",89c2e311e33ffff,America/Buenos_Aires,,FALSE,3,25,https://search.google.com/local/reviews?placeid=ChIJo1j_QZDKvJURGTnSr0dIt0U&q=*&authuser=0&hl=en&gl=AR,,https://lh3.googleusercontent.com/gps-cs-s/AHRPTWktbBPWE0NHw-6zMe8IEgIlBTxUjftjSuIbVOuq2i6-2P9hiGMoHv-eCXET-vTPIYjx77L81p3PYoX3htSyJDaDllyCAkU67p9mTiL-8Xi9C_VuFKFTs3cB-dcsKevmtYeXev9WDg=w800-h500-k-no,https://lh3.googleusercontent.com/gps-cs-s/AHRPTWktbBPWE0NHw-6zMe8IEgIlBTxUjftjSuIbVOuq2i6-2P9hiGMoHv-eCXET-vTPIYjx77L81p3PYoX3htSyJDaDllyCAkU67p9mTiL-8Xi9C_VuFKFTs3cB-dcsKevmtYeXev9WDg=w1600-h1000-k-no,,,,OPERATIONAL,"{""Monday"": [""Open 24 hours""], ""Tuesday"": [""Open 24 hours""], ""Wednesday"": [""Open 24 hours""], ""Thursday"": [""Open 24 hours""], ""Friday"": [""Open 24 hours""], ""Saturday"": [""Open 24 hours""], ""Sunday"": [""Open 24 hours""]}","Sunday,12:00 AM,12:00 AM|Monday,12:00 AM,12:00 AM|Tuesday,12:00 AM,12:00 AM|Wednesday,12:00 AM,12:00 AM|Thursday,12:00 AM,12:00 AM|Friday,12:00 AM,12:00 AM|Saturday,12:00 AM,12:00 AM",,,,,,,,,,"{""Service options"": {""Delivery"": true}, ""Accessibility"": {""Wheelchair-accessible car park"": false}, ""Planning"": {""Quick visit"": true}, ""Payments"": {""Debit cards"": true, ""NFC mobile payments"": true, ""Credit cards"": true}}",,,FALSE,None,365 Kioscos Argentinos,,"https://www.google.com/maps/place/365+Kioscos+Argentinos/@-34.595345699999996,-58.404109399999996,14z/data=!4m8!1m2!2m1!1s365+Kioscos+Argentinos!3m4!1s0x95bcca9041ff58a3:0x45b74847afd23919!8m2!3d-34.595345699999996!4d-58.404109399999996","https://www.google.com/maps/place/365+Kioscos+Argentinos/@-34.595345699999996,-58.404109399999996,13.99z/data=!4m16!1m7!3m6!1s0x95bcca9041ff58a3:0x45b74847afd23919!2s365+Kioscos+Argentinos!8m2!3d-34.595345699999996!4d-58.404109399999996!16s%2Fg%2F11ckvg1dmb!3m7!1s0x95bcca9041ff58a3:0x45b74847afd23919!8m2!3d-34.595345699999996!4d-58.404109399999996!9m1!1b1!16s%2Fg%2F11ckvg1dmb?entry=ttu",ChIJo1j_QZDKvJURGTnSr0dIt0U,0x95bcca9041ff58a3:0x45b74847afd23919,5023563382084745497,/g/11cr_5d0dt,5023563382084745497
"Distribuidora de golosinas, Zona Oeste, CABA, Zona Norte, Zona SUR","Quiosco ""Marana-Tha""",Quiosco Marana Tha,Kiosco,+54 11 2237-8252,,"Combate de Los Pozos 185, C1079 Cdad. Autónoma de Buenos Aires",Combate de Los Pozos 185,"Balvanera, Comuna 3",C1079,Argentina,AR,"-34,611394","-58,3934333",89c2e31117bffff,America/Buenos_Aires,,FALSE,"4,8",30,https://search.google.com/local/reviews?placeid=ChIJ_66xSN3KvJURU8Pob4h9o2g&q=*&authuser=0&hl=en&gl=AR,,https://lh3.googleusercontent.com/gps-cs-s/AHRPTWmYWUnmU2TcawYrxFGgTEAqgoVRCF_pe8zmt9Um_uquhL349n6f6dcH1U1GpsimKAD7FrDoO3HS5X8nAdBQvyxyHkDZz58lcSEVyA7IojFwveKdSWSaMKTai8-GdVVtD8JyVr5a=w800-h500-k-no,https://lh3.googleusercontent.com/gps-cs-s/AHRPTWmYWUnmU2TcawYrxFGgTEAqgoVRCF_pe8zmt9Um_uquhL349n6f6dcH1U1GpsimKAD7FrDoO3HS5X8nAdBQvyxyHkDZz58lcSEVyA7IojFwveKdSWSaMKTai8-GdVVtD8JyVr5a=w1600-h1000-k-no,https://lh6.googleusercontent.com/-yq4ttXw_ZIU/AAAAAAAAAAI/AAAAAAAAAAA/xPP8oYG02Cw/s44-p-k-no-ns-nd/photo.jpg,,,OPERATIONAL,"{""Monday"": [""7:30AM-9PM""], ""Tuesday"": [""7:30AM-9PM""], ""Wednesday"": [""7:30AM-9PM""], ""Thursday"": [""7:30AM-9PM""], ""Friday"": [""7:30AM-9PM""], ""Saturday"": [""8AM-8PM""], ""Sunday"": [""Closed""]}","Monday,7:30AM,9PM|Tuesday,7:30AM,9PM|Wednesday,7:30AM,9PM|Thursday,7:30AM,9PM|Friday,7:30AM,9PM|Saturday,8AM,8PM",,,,,,,,,,"{""Service options"": {""In-store pick-up"": true, ""In-store shopping"": true}, ""Accessibility"": {""Wheelchair-accessible car park"": false}, ""Crowd"": {""LGBTQ+ friendly"": true, ""Transgender safe space"": true}, ""Planning"": {""Quick visit"": true}, ""Payments"": {""Debit cards"": true, ""NFC mobile payments"": true}, ""Other"": {""LGBTQ+ friendly"": true}}",,,TRUE,106327760472884481650,"Quiosco ""Marana-Tha""",https://www.google.com/maps/contrib/106327760472884481650,"https://www.google.com/maps/place/Quiosco+%22Marana-Tha%22/@-34.611394,-58.3934333,14z/data=!4m8!1m2!2m1!1sQuiosco+%22Marana-Tha%22!3m4!1s0x95bccadd48b1aeff:0x68a37d886fe8c353!8m2!3d-34.611394!4d-58.3934333","https://www.google.com/maps/place/Quiosco+%22Marana-Tha%22/@-34.611394,-58.3934333,13.99z/data=!4m16!1m7!3m6!1s0x95bccadd48b1aeff:0x68a37d886fe8c353!2sQuiosco+%22Marana-Tha%22!8m2!3d-34.611394!4d-58.3934333!16s%2Fg%2F11ckvg1dmb!3m7!1s0x95bccadd48b1aeff:0x68a37d886fe8c353!8m2!3d-34.611394!4d-58.3934333!9m1!1b1!16s%2Fg%2F11ckvg1dmb?entry=ttu",ChIJ_66xSN3KvJURU8Pob4h9o2g,0x95bccadd48b1aeff:0x68a37d886fe8c353,7540008226094891859,/g/11bc745d7l,7540008226094891859
"Distribuidora de golosinas, Zona Oeste, CABA, Zona Norte, Zona SUR","Kiosco, Tabaquería y Figuritas",Kiosco Tabaquería Y Figuritas,Kiosco,+54 11 7644-4617,,"Av. Entre Ríos 354, C1079 Cdad. Autónoma de Buenos Aires",Av. Entre Ríos 354,"Monserrat, Comuna 1",C1079,Argentina,AR,"-34,6133487","-58,3915808",89c2e311147ffff,America/Buenos_Aires,,FALSE,"4,2",19,https://search.google.com/local/reviews?placeid=ChIJtXA5rd3KvJURPhO-LKXYlNw&q=*&authuser=0&hl=en&gl=AR,,https://lh3.googleusercontent.com/gps-cs-s/AHRPTWlp2JpO2U1y6VhTdQIvR6j1gzcF2oUuNk-5i16RVuSHgMTdTjTBwZqJMo5XDe_i5hvhYFYy6WHNvdUiT1SfSmx71XA_ek6jBtycCzTiGuSRYNPw4zM8D_zuh_ca8AiDwLbmhuzhtA=w800-h500-k-no,https://lh3.googleusercontent.com/gps-cs-s/AHRPTWlp2JpO2U1y6VhTdQIvR6j1gzcF2oUuNk-5i16RVuSHgMTdTjTBwZqJMo5XDe_i5hvhYFYy6WHNvdUiT1SfSmx71XA_ek6jBtycCzTiGuSRYNPw4zM8D_zuh_ca8AiDwLbmhuzhtA=w1600-h1000-k-no,https://lh3.googleusercontent.com/-WlIX1sXHlTg/AAAAAAAAAAI/AAAAAAAAAAA/sVCdews14Q8/s44-p-k-no-ns-nd/photo.jpg,,,OPERATIONAL,"{""Monday"": [""10AM-10PM""], ""Tuesday"": [""10AM-10PM""], ""Wednesday"": [""10AM-10PM""], ""Thursday"": [""10AM-10PM""], ""Friday"": [""10AM-10PM""], ""Saturday"": [""11AM-10PM""], ""Sunday"": [""Closed""]}","Monday,10AM,10PM|Tuesday,10AM,10PM|Wednesday,10AM,10PM|Thursday,10AM,10PM|Friday,10AM,10PM|Saturday,11AM,10PM",,,,,,,,,,"{""Service options"": {""Delivery"": true, ""In-store pick-up"": true, ""In-store shopping"": true}, ""Planning"": {""Quick visit"": true}, ""Payments"": {""Debit cards"": true, ""NFC mobile payments"": true}}",,,TRUE,105461327267007453148,"Kiosco, Tabaquería y Figuritas",https://www.google.com/maps/contrib/105461327267007453148,"https://www.google.com/maps/place/Kiosco%2C+Tabaquer%C3%ADa+y+Figuritas/@-34.613348699999996,-58.3915808,14z/data=!4m8!1m2!2m1!1sKiosco%2C+Tabaquer%C3%ADa+y+Figuritas!3m4!1s0x95bccaddad3970b5:0xdc94d8a52cbe133e!8m2!3d-34.613348699999996!4d-58.3915808","https://www.google.com/maps/place/Kiosco%2C+Tabaquer%C3%ADa+y+Figuritas/@-34.613348699999996,-58.3915808,13.99z/data=!4m16!1m7!3m6!1s0x95bccaddad3970b5:0xdc94d8a52cbe133e!2sKiosco%2C+Tabaquer%C3%ADa+y+Figuritas!8m2!3d-34.613348699999996!4d-58.3915808!16s%2Fg%2F11ckvg1dmb!3m7!1s0x95bccaddad3970b5:0xdc94d8a52cbe133e!8m2!3d-34.613348699999996!4d-58.3915808!9m1!1b1!16s%2Fg%2F11ckvg1dmb?entry=ttu",ChIJtXA5rd3KvJURPhO-LKXYlNw,0x95bccaddad3970b5:0xdc94d8a52cbe133e,15894567188829180734,/g/11c1p7d8v3,-2552176884880370882
"Distribuidora de golosinas, Zona Oeste, CABA, Zona Norte, Zona SUR",Venebatos,Venebatos,Tienda de alimentación,+54 9 11 3814-8895,https://www.facebook.com/Venebatos/,"Santiago del Estero 266, C1075AAF Cdad. Autónoma de Buenos Aires",Santiago del Estero 266,"Monserrat, Comuna 1",C1075,Argentina,AR,"-34,6116991","-58,3847351",89c2e3113bbffff,America/Buenos_Aires,,FALSE,"4,1",234,https://search.google.com/local/reviews?placeid=ChIJSQOspR3LvJURh30L95OwL7w&q=*&authuser=0&hl=en&gl=AR,,https://lh3.googleusercontent.com/gps-cs-s/AHRPTWl4RdwGUBLnL3PC3jJcNpDF7PDGO6peV8_jLFu8dn75gfiklhqxmvLT7azn5HiwbNBOhnGoml6qIEK03tdKVDiQAOmrrkmqcRj-Zn7GjYltMtJNHE1LTHUkYLBLwx-AySxQT33U=w800-h500-k-no,https://lh3.googleusercontent.com/gps-cs-s/AHRPTWl4RdwGUBLnL3PC3jJcNpDF7PDGO6peV8_jLFu8dn75gfiklhqxmvLT7azn5HiwbNBOhnGoml6qIEK03tdKVDiQAOmrrkmqcRj-Zn7GjYltMtJNHE1LTHUkYLBLwx-AySxQT33U=w1600-h1000-k-no,https://lh3.googleusercontent.com/-_CEMzng2G0c/AAAAAAAAAAI/AAAAAAAAAAA/UxgcBsiVbu0/s44-p-k-no-ns-nd/photo.jpg,,,OPERATIONAL,"{""Monday"": [""9:30AM-1:20PM"", ""2-7PM""], ""Tuesday"": [""9:30AM-1:20PM"", ""2-7PM""], ""Wednesday"": [""9:30AM-1:20PM"", ""2-7PM""], ""Thursday"": [""9:30AM-1:20PM"", ""2-7PM""], ""Friday"": [""9:30AM-1:20PM"", ""2-7PM""], ""Saturday"": [""9:30AM-5PM""], ""Sunday"": [""Closed""]}","Monday,9:30AM,1:20PM|Monday,2,7PM|Tuesday,9:30AM,1:20PM|Tuesday,2,7PM|Wednesday,9:30AM,1:20PM|Wednesday,2,7PM|Thursday,9:30AM,1:20PM|Thursday,2,7PM|Friday,9:30AM,1:20PM|Friday,2,7PM|Saturday,9:30AM,5PM",,,,,,,,,,"{""Service options"": {""Delivery"": true}, ""Accessibility"": {""Wheelchair-accessible seating"": true, ""Wheelchair-accessible toilet"": true, ""Wheelchair-accessible car park"": false}, ""Amenities"": {""Toilet"": true}, ""Planning"": {""Quick visit"": true}, ""Payments"": {""Credit cards"": true, ""Debit cards"": true}}",,,TRUE,109748770558664953440,Venebatos,https://www.google.com/maps/contrib/109748770558664953440,"https://www.google.com/maps/place/Venebatos/@-34.611699099999996,-58.3847351,14z/data=!4m8!1m2!2m1!1sVenebatos!3m4!1s0x95bccb1da5ac0349:0xbc2fb093f70b7d87!8m2!3d-34.611699099999996!4d-58.3847351","https://www.google.com/maps/place/Venebatos/@-34.611699099999996,-58.3847351,13.99z/data=!4m16!1m7!3m6!1s0x95bccb1da5ac0349:0xbc2fb093f70b7d87!2sVenebatos!8m2!3d-34.611699099999996!4d-58.3847351!16s%2Fg%2F11ckvg1dmb!3m7!1s0x95bccb1da5ac0349:0xbc2fb093f70b7d87!8m2!3d-34.611699099999996!4d-58.3847351!9m1!1b1!16s%2Fg%2F11ckvg1dmb?entry=ttu",ChIJSQOspR3LvJURh30L95OwL7w,0x95bccb1da5ac0349:0xbc2fb093f70b7d87,13560251152587259271,/g/11g1gmw25z,-4886492921122292345
"Distribuidora de golosinas, Zona Oeste, CABA, Zona Norte, Zona SUR",Products for hairdressers Distribuidora Pompeya,Products For Hairdressers Distribuidora Pompeya,Tienda de suministros para peluquería,+54 11 4306-3826,https://www.instagram.com/distripompeyaconstitucion/,"Salta 1786, C1137 Cdad. Autónoma de Buenos Aires",Salta 1786,"Constitución, Buenos Aires, Comuna 1",C1137,Argentina,AR,"-34,6288172","-58,3826481",89c2e311017ffff,America/Buenos_Aires,,FALSE,"4,7",611,https://search.google.com/local/reviews?placeid=ChIJpfegDDDLvJUR6cXEppax2fo&q=*&authuser=0&hl=en&gl=AR,,https://lh3.googleusercontent.com/gps-cs-s/AHRPTWmHBB5X_XpSEDy7Jzf1DzrcW4HPKf58MVlT_ZrumePMVEKmB8k_e2T62j4mw4A4xM1irYiEkxwDhtuSGrNG-WEcNmfNSiKU7rtK-pvZ683mfizIsHrYRn0uCajTFbfdDyh3K8WW=w800-h500-k-no,https://lh3.googleusercontent.com/gps-cs-s/AHRPTWmHBB5X_XpSEDy7Jzf1DzrcW4HPKf58MVlT_ZrumePMVEKmB8k_e2T62j4mw4A4xM1irYiEkxwDhtuSGrNG-WEcNmfNSiKU7rtK-pvZ683mfizIsHrYRn0uCajTFbfdDyh3K8WW=w1600-h1000-k-no,https://lh6.googleusercontent.com/-uhx4PAetLHU/AAAAAAAAAAI/AAAAAAAAAAA/9fj8LWm_BOA/s44-p-k-no-ns-nd/photo.jpg,,,OPERATIONAL,"{""Monday"": [""8AM-4PM""], ""Tuesday"": [""8AM-4PM""], ""Wednesday"": [""8AM-4PM""], ""Thursday"": [""8AM-4PM""], ""Friday"": [""8AM-4PM""], ""Saturday"": [""8AM-1PM""], ""Sunday"": [""Closed""]}","Monday,8AM,4PM|Tuesday,8AM,4PM|Wednesday,8AM,4PM|Thursday,8AM,4PM|Friday,8AM,4PM|Saturday,8AM,1PM",,,,,,,,,,"{""Service options"": {""Delivery"": true, ""In-store pick-up"": true}, ""Accessibility"": {""Wheelchair-accessible entrance"": true}, ""Planning"": {""Quick visit"": true}, ""Payments"": {""Credit cards"": true, ""Debit cards"": true, ""NFC mobile payments"": true}}",,,TRUE,110617270042041515019,Products for hairdressers Distribuidora Pompeya,https://www.google.com/maps/contrib/110617270042041515019,"https://www.google.com/maps/place/Products+for+hairdressers+Distribuidora+Pompeya/@-34.6288172,-58.3826481,14z/data=!4m8!1m2!2m1!1sProducts+for+hairdressers+Distribuidora+Pompeya!3m4!1s0x95bccb300ca0f7a5:0xfad9b196a6c4c5e9!8m2!3d-34.6288172!4d-58.3826481","https://www.google.com/maps/place/Products+for+hairdressers+Distribuidora+Pompeya/@-34.6288172,-58.3826481,13.99z/data=!4m16!1m7!3m6!1s0x95bccb300ca0f7a5:0xfad9b196a6c4c5e9!2sProducts+for+hairdressers+Distribuidora+Pompeya!8m2!3d-34.6288172!4d-58.3826481!16s%2Fg%2F11ckvg1dmb!3m7!1s0x95bccb300ca0f7a5:0xfad9b196a6c4c5e9!8m2!3d-34.6288172!4d-58.3826481!9m1!1b1!16s%2Fg%2F11ckvg1dmb?entry=ttu",ChIJpfegDDDLvJUR6cXEppax2fo,0x95bccb300ca0f7a5:0xfad9b196a6c4c5e9,18075673840029320681,/g/1tgwc2my,-371070233680230935
"Distribuidora de golosinas, Zona Oeste, CABA, Zona Norte, Zona SUR",Super Kiosco,Super Kiosco,Tienda de alimentación,,,"Av. Córdoba 1470 C1055AAR, C1055AAR Cdad. Autónoma de Buenos Aires",Av. Córdoba 1470 C1055AAR,"San Nicolás, Comuna 1",C1055,Argentina,AR,"-34,5998046","-58,3882175",89c2e311e43ffff,America/Buenos_Aires,,FALSE,"3,4",5,https://search.google.com/local/reviews?placeid=ChIJW1EI4ETLvJURG8VauAqTVEE&q=*&authuser=0&hl=en&gl=AR,,https://lh3.googleusercontent.com/gps-cs-s/AHRPTWk91UceqpKi8VD4-f1FgAcOtn9nEGKkuJTQlbRNfSM2GaT7hO5w9SZn9e8FKmcAopisvuHWqawUy6f5uJCkfvEzAzi__ro_ilfoOe1IrLddrOe7Vb6nEZ2uj-LBJVVtF028P7q0=w800-h500-k-no,https://lh3.googleusercontent.com/gps-cs-s/AHRPTWk91UceqpKi8VD4-f1FgAcOtn9nEGKkuJTQlbRNfSM2GaT7hO5w9SZn9e8FKmcAopisvuHWqawUy6f5uJCkfvEzAzi__ro_ilfoOe1IrLddrOe7Vb6nEZ2uj-LBJVVtF028P7q0=w1600-h1000-k-no,,,,OPERATIONAL,"{""Monday"": [""7AM-7:30PM""], ""Tuesday"": [""7AM-7:30PM""], ""Wednesday"": [""7AM-7:30PM""], ""Thursday"": [""7AM-7:30PM""], ""Friday"": [""7AM-7:30PM""], ""Saturday"": [""9AM-2PM""], ""Sunday"": [""Closed""]}","Monday,7AM,7:30PM|Tuesday,7AM,7:30PM|Wednesday,7AM,7:30PM|Thursday,7AM,7:30PM|Friday,7AM,7:30PM|Saturday,9AM,2PM",,,,,,,,,,"{""Highlights"": {""Great produce"": true}, ""Accessibility"": {""Wheelchair-accessible car park"": false}, ""Planning"": {""Quick visit"": true}, ""Payments"": {""Credit cards"": true, ""Debit cards"": true, ""NFC mobile payments"": true}}",,,FALSE,None,Super Kiosco,,"https://www.google.com/maps/place/Super+Kiosco/@-34.5998046,-58.388217499999996,14z/data=!4m8!1m2!2m1!1sSuper+Kiosco!3m4!1s0x95bccb44e008515b:0x4154930ab85ac51b!8m2!3d-34.5998046!4d-58.388217499999996","https://www.google.com/maps/place/Super+Kiosco/@-34.5998046,-58.388217499999996,13.99z/data=!4m16!1m7!3m6!1s0x95bccb44e008515b:0x4154930ab85ac51b!2sSuper+Kiosco!8m2!3d-34.5998046!4d-58.388217499999996!16s%2Fg%2F11ckvg1dmb!3m7!1s0x95bccb44e008515b:0x4154930ab85ac51b!8m2!3d-34.5998046!4d-58.388217499999996!9m1!1b1!16s%2Fg%2F11ckvg1dmb?entry=ttu",ChIJW1EI4ETLvJURG8VauAqTVEE,0x95bccb44e008515b:0x4154930ab85ac51b,4707549184760923419,/g/11gkb6b_y5,4707549184760923419
"Distribuidora de golosinas, Zona Oeste, CABA, Zona Norte, Zona SUR",Kiosco city,Kiosco City,Tienda de golosinas,+54 11 0000-0000,,"Av. Pueyrredón 99, C1032 ABA, Cdad. Autónoma de Buenos Aires",Av. Pueyrredón 99,Balvanera,C1032,Argentina,AR,"-34,608944","-58,405744",89c2e311127ffff,America/Buenos_Aires,,FALSE,1,1,https://search.google.com/local/reviews?placeid=ChIJSd8B-e3KvJURJxMc7ORZNvA&q=*&authuser=0&hl=en&gl=AR,,https://streetviewpixels-pa.googleapis.com/v1/thumbnail?panoid=Sz0xFsTXosTZbCKMacRaAw&cb_client=search.gws-prod.gps&w=800&h=500&yaw=169.3748&pitch=0&thumbfov=100,https://streetviewpixels-pa.googleapis.com/v1/thumbnail?panoid=Sz0xFsTXosTZbCKMacRaAw&cb_client=search.gws-prod.gps&w=1600&h=1000&yaw=169.3748&pitch=0&thumbfov=100,,,,OPERATIONAL,"{""Monday"": [""Open 24 hours""], ""Tuesday"": [""Open 24 hours""], ""Wednesday"": [""Open 24 hours""], ""Thursday"": [""Open 24 hours""], ""Friday"": [""Open 24 hours""], ""Saturday"": [""Open 24 hours""], ""Sunday"": [""Open 24 hours""]}","Sunday,12:00 AM,12:00 AM|Monday,12:00 AM,12:00 AM|Tuesday,12:00 AM,12:00 AM|Wednesday,12:00 AM,12:00 AM|Thursday,12:00 AM,12:00 AM|Friday,12:00 AM,12:00 AM|Saturday,12:00 AM,12:00 AM",,,,,,,,,,"{""Planning"": {""Quick visit"": true}}",,,FALSE,None,Kiosco city,,"https://www.google.com/maps/place/Kiosco+city/@-34.608944,-58.405744,14z/data=!4m8!1m2!2m1!1sKiosco+city!3m4!1s0x95bccaedf901df49:0xf03659e4ec1c1327!8m2!3d-34.608944!4d-58.405744","https://www.google.com/maps/place/Kiosco+city/@-34.608944,-58.405744,13.99z/data=!4m16!1m7!3m6!1s0x95bccaedf901df49:0xf03659e4ec1c1327!2sKiosco+city!8m2!3d-34.608944!4d-58.405744!16s%2Fg%2F11ckvg1dmb!3m7!1s0x95bccaedf901df49:0xf03659e4ec1c1327!8m2!3d-34.608944!4d-58.405744!9m1!1b1!16s%2Fg%2F11ckvg1dmb?entry=ttu",ChIJSd8B-e3KvJURJxMc7ORZNvA,0x95bccaedf901df49:0xf03659e4ec1c1327,17309121057593758503,/g/11c5b16vmg,-1137623016115793113
"Distribuidora de golosinas, Zona Oeste, CABA, Zona Norte, Zona SUR",No Te Reprimas,No Te Reprimas,Tienda de alimentación,+54 11 4957-3523,,"Av. Jujuy 283, 1083AAC Cdad. Autónoma de Buenos Aires",Av. Jujuy 283,"Balvanera, Comuna 3",1083AAC,Argentina,AR,"-34,6132832","-58,4054876",89c2e311133ffff,America/Buenos_Aires,,FALSE,"2,5",2,https://search.google.com/local/reviews?placeid=ChIJXRD03e_KvJURgV_N1z1ZI0I&q=*&authuser=0&hl=en&gl=AR,,https://lh3.googleusercontent.com/gps-proxy/ALd4DhEuIgqE1dX_Gwd0utHmuSkp3J9oDcVsslm8TfmwOwCPoGvnX1qCClHc7rzT7OLYzvZ1kSpJFdGyUxMlnMcN78onfQIVie5YqgiEjJAGFY2JZmid5z4-PbZshYMDPJrwe8ZkbPzJDpaURpwjKzfUXjAWSyKOFWAYhP9KnYF566QT2MrY4UwVBgz2wWzn3x7QZKpC5cw=w800-h500-k-no,https://lh3.googleusercontent.com/gps-proxy/ALd4DhEuIgqE1dX_Gwd0utHmuSkp3J9oDcVsslm8TfmwOwCPoGvnX1qCClHc7rzT7OLYzvZ1kSpJFdGyUxMlnMcN78onfQIVie5YqgiEjJAGFY2JZmid5z4-PbZshYMDPJrwe8ZkbPzJDpaURpwjKzfUXjAWSyKOFWAYhP9KnYF566QT2MrY4UwVBgz2wWzn3x7QZKpC5cw=w1600-h1000-k-no,,,,OPERATIONAL,"{""Monday"": [""9AM-8PM""], ""Tuesday"": [""9AM-8PM""], ""Wednesday"": [""9AM-8PM""], ""Thursday"": [""9AM-8PM""], ""Friday"": [""9AM-8PM""], ""Saturday"": [""9AM-8PM""], ""Sunday"": [""Closed""]}","Monday,9AM,8PM|Tuesday,9AM,8PM|Wednesday,9AM,8PM|Thursday,9AM,8PM|Friday,9AM,8PM|Saturday,9AM,8PM",,,,,,,,,,"{""Planning"": {""Quick visit"": true}}",,,FALSE,None,No Te Reprimas,,"https://www.google.com/maps/place/No+Te+Reprimas/@-34.6132832,-58.4054876,14z/data=!4m8!1m2!2m1!1sNo+Te+Reprimas!3m4!1s0x95bccaefddf4105d:0x4223593dd7cd5f81!8m2!3d-34.6132832!4d-58.4054876","https://www.google.com/maps/place/No+Te+Reprimas/@-34.6132832,-58.4054876,13.99z/data=!4m16!1m7!3m6!1s0x95bccaefddf4105d:0x4223593dd7cd5f81!2sNo+Te+Reprimas!8m2!3d-34.6132832!4d-58.4054876!16s%2Fg%2F11ckvg1dmb!3m7!1s0x95bccaefddf4105d:0x4223593dd7cd5f81!8m2!3d-34.6132832!4d-58.4054876!9m1!1b1!16s%2Fg%2F11ckvg1dmb?entry=ttu",ChIJXRD03e_KvJURgV_N1z1ZI0I,0x95bccaefddf4105d:0x4223593dd7cd5f81,4765750952836554625,/g/11b6t22lnb,4765750952836554625
"Distribuidora de golosinas, Zona Oeste, CABA, Zona Norte, Zona SUR",Kiosko Aruba,Kiosko Aruba,Tienda de golosinas,,,"C1265ADS, Av. Regimiento de Patricios 566, C1265ADS Cdad. Autónoma de Buenos Aires","C1265ADS, Av. Regimiento de Patricios 566","La Boca, Comuna 4",C1265,Argentina,AR,"-34,6351376","-58,369855",89c2e3110dbffff,America/Buenos_Aires,,FALSE,3,2,https://search.google.com/local/reviews?placeid=ChIJcYyfbLU0o5UR4X8RcMuz0y4&q=*&authuser=0&hl=en&gl=AR,,https://lh3.googleusercontent.com/gps-cs-s/AHRPTWkRQNxRZTaAEatNj0D33K_vnff0aBvW5DHdz-kjSOhTc5wynBykY-ZZXDkrpWwcY4MBVu2BfF1BS2QNm35eyofmvBCtzhFiU4R7N7n-8Lijqcx9UW57-Hq8pkPDA6j0XE34OPe0=w800-h500-k-no,https://lh3.googleusercontent.com/gps-cs-s/AHRPTWkRQNxRZTaAEatNj0D33K_vnff0aBvW5DHdz-kjSOhTc5wynBykY-ZZXDkrpWwcY4MBVu2BfF1BS2QNm35eyofmvBCtzhFiU4R7N7n-8Lijqcx9UW57-Hq8pkPDA6j0XE34OPe0=w1600-h1000-k-no,,,,OPERATIONAL,"{""Monday"": [""9AM-8PM""], ""Tuesday"": [""9AM-8PM""], ""Wednesday"": [""9AM-8PM""], ""Thursday"": [""9AM-8PM""], ""Friday"": [""9AM-8PM""], ""Saturday"": [""9AM-2:30PM"", ""3:30-8PM""], ""Sunday"": [""Closed""]}","Monday,9AM,8PM|Tuesday,9AM,8PM|Wednesday,9AM,8PM|Thursday,9AM,8PM|Friday,9AM,8PM|Saturday,9AM,2:30PM|Saturday,3:30,8PM",,,,,,,,,,"{""Planning"": {""Quick visit"": true}}",,,FALSE,None,Kiosko Aruba,,"https://www.google.com/maps/place/Kiosko+Aruba/@-34.6351376,-58.369854999999994,14z/data=!4m8!1m2!2m1!1sKiosko+Aruba!3m4!1s0x95a334b56c9f8c71:0x2ed3b3cb70117fe1!8m2!3d-34.6351376!4d-58.369854999999994","https://www.google.com/maps/place/Kiosko+Aruba/@-34.6351376,-58.369854999999994,13.99z/data=!4m16!1m7!3m6!1s0x95a334b56c9f8c71:0x2ed3b3cb70117fe1!2sKiosko+Aruba!8m2!3d-34.6351376!4d-58.369854999999994!16s%2Fg%2F11ckvg1dmb!3m7!1s0x95a334b56c9f8c71:0x2ed3b3cb70117fe1!8m2!3d-34.6351376!4d-58.369854999999994!9m1!1b1!16s%2Fg%2F11ckvg1dmb?entry=ttu",ChIJcYyfbLU0o5UR4X8RcMuz0y4,0x95a334b56c9f8c71:0x2ed3b3cb70117fe1,3374238232170561505,/g/11dztq3k_6,3374238232170561505
"Distribuidora de golosinas, Zona Oeste, CABA, Zona Norte, Zona SUR",Raz y Cia- Pickup Point,Raz Y Cia Pickup Point,Mayorista,,https://razycia.ar/,"Av. Corrientes 3390, C1193AAS Cdad. Autónoma de Buenos Aires",Av. Corrientes 3390,"Balvanera, Comuna 3",C1193,Argentina,AR,"-34,60424","-58,4129106",89c2e311c57ffff,America/Buenos_Aires,,FALSE,"4,2",21,https://search.google.com/local/reviews?placeid=ChIJb4qOdIvKvJURGBTyMgXvnOo&q=*&authuser=0&hl=en&gl=AR,,https://lh3.googleusercontent.com/gps-cs-s/AHRPTWl2yKFggGUMzjKkq-47pP9-IHbuyE-pZHpJzmAYf0ObdXdL34ql1SdAJAFUhugPz5OC6GtcKec1vbqjfalN1wA8W-hKjR7H_xRtVLRLqGJxd9PtRcNJOJnIx5aKB1LSzv_HJBq7=w800-h500-k-no,https://lh3.googleusercontent.com/gps-cs-s/AHRPTWl2yKFggGUMzjKkq-47pP9-IHbuyE-pZHpJzmAYf0ObdXdL34ql1SdAJAFUhugPz5OC6GtcKec1vbqjfalN1wA8W-hKjR7H_xRtVLRLqGJxd9PtRcNJOJnIx5aKB1LSzv_HJBq7=w1600-h1000-k-no,https://lh6.googleusercontent.com/-V1VTUQcUG4k/AAAAAAAAAAI/AAAAAAAAAAA/JdTs8p_773g/s44-p-k-no-ns-nd/photo.jpg,,,OPERATIONAL,"{""Monday"": [""8AM-1PM"", ""2-4PM""], ""Tuesday"": [""8AM-1PM"", ""2-4PM""], ""Wednesday"": [""8AM-1PM"", ""2-4PM""], ""Thursday"": [""8AM-1PM"", ""2-4PM""], ""Friday"": [""8AM-1PM"", ""2-4PM""], ""Saturday"": [""8-11:45AM""], ""Sunday"": [""Closed""]}","Monday,8AM,1PM|Monday,2,4PM|Tuesday,8AM,1PM|Tuesday,2,4PM|Wednesday,8AM,1PM|Wednesday,2,4PM|Thursday,8AM,1PM|Thursday,2,4PM|Friday,8AM,1PM|Friday,2,4PM|Saturday,8,11:45AM",,,,,,,,,,"{""Amenities"": {""Toilet"": false}}",,,TRUE,116056035356803399249,Raz y Cia- Pickup Point,https://www.google.com/maps/contrib/116056035356803399249,"https://www.google.com/maps/place/Raz+y+Cia-+Pickup+Point/@-34.60424,-58.4129106,14z/data=!4m8!1m2!2m1!1sRaz+y+Cia-+Pickup+Point!3m4!1s0x95bcca8b748e8a6f:0xea9cef0532f21418!8m2!3d-34.60424!4d-58.4129106","https://www.google.com/maps/place/Raz+y+Cia-+Pickup+Point/@-34.60424,-58.4129106,13.99z/data=!4m16!1m7!3m6!1s0x95bcca8b748e8a6f:0xea9cef0532f21418!2sRaz+y+Cia-+Pickup+Point!8m2!3d-34.60424!4d-58.4129106!16s%2Fg%2F11ckvg1dmb!3m7!1s0x95bcca8b748e8a6f:0xea9cef0532f21418!8m2!3d-34.60424!4d-58.4129106!9m1!1b1!16s%2Fg%2F11ckvg1dmb?entry=ttu",ChIJb4qOdIvKvJURGBTyMgXvnOo,0x95bcca8b748e8a6f:0xea9cef0532f21418,16905649906850599960,/g/11wmmw6c_s,-1541094166858951656
"Distribuidora de golosinas, Zona Oeste, CABA, Zona Norte, Zona SUR",Artículos para Kioscos,Artículos Para Kioscos,Mayorista,+54 11 4951-4480,,"Pichincha 70, C1082ACB Cdad. Autónoma de Buenos Aires",Pichincha 70,"Balvanera, Comuna 3",C1082,Argentina,AR,"-34,6104322","-58,3990052",89c2e311177ffff,America/Buenos_Aires,,FALSE,,,,,https://streetviewpixels-pa.googleapis.com/v1/thumbnail?panoid=LbVP-FU6LNS6lhmxofgHdw&cb_client=search.gws-prod.gps&w=800&h=500&yaw=98.99855&pitch=0&thumbfov=100,https://streetviewpixels-pa.googleapis.com/v1/thumbnail?panoid=LbVP-FU6LNS6lhmxofgHdw&cb_client=search.gws-prod.gps&w=1600&h=1000&yaw=98.99855&pitch=0&thumbfov=100,,,,OPERATIONAL,,,,,,,,,,,,,,,FALSE,None,Artículos para Kioscos,,"https://www.google.com/maps/place/Art%C3%ADculos+para+Kioscos/@-34.6104322,-58.3990052,14z/data=!4m8!1m2!2m1!1sArt%C3%ADculos+para+Kioscos!3m4!1s0x95bccae8dcf7cc39:0x7c044cac0fbe8b44!8m2!3d-34.6104322!4d-58.3990052","https://www.google.com/maps/place/Art%C3%ADculos+para+Kioscos/@-34.6104322,-58.3990052,13.99z/data=!4m16!1m7!3m6!1s0x95bccae8dcf7cc39:0x7c044cac0fbe8b44!2sArt%C3%ADculos+para+Kioscos!8m2!3d-34.6104322!4d-58.3990052!16s%2Fg%2F11ckvg1dmb!3m7!1s0x95bccae8dcf7cc39:0x7c044cac0fbe8b44!8m2!3d-34.6104322!4d-58.3990052!9m1!1b1!16s%2Fg%2F11ckvg1dmb?entry=ttu",ChIJOcz33OjKvJURRIu-D6xMBHw,0x95bccae8dcf7cc39:0x7c044cac0fbe8b44,8936351862492138308,/g/11g9qw84h6,None
"Distribuidora de golosinas, Zona Oeste, CABA, Zona Norte, Zona SUR",La Piñata De Male,La Piñata De Male,,,,"Av. Entre Ríos 283, C1079ABC Cdad. Autónoma de Buenos Aires",Av. Entre Ríos 283,"Balvanera, Comuna 3",C1079,Argentina,AR,"-34,6124137","-58,3919074",89c2e31117bffff,America/Buenos_Aires,,FALSE,"3,2",9,https://search.google.com/local/reviews?placeid=ChIJO8kLA93KvJURTetgbu7v-1E&q=*&authuser=0&hl=en&gl=AR,,https://streetviewpixels-pa.googleapis.com/v1/thumbnail?panoid=2XpcccW1tdT_spdRxoJW2w&cb_client=search.gws-prod.gps&w=800&h=500&yaw=267.28558&pitch=0&thumbfov=100,https://streetviewpixels-pa.googleapis.com/v1/thumbnail?panoid=2XpcccW1tdT_spdRxoJW2w&cb_client=search.gws-prod.gps&w=1600&h=1000&yaw=267.28558&pitch=0&thumbfov=100,,,,OPERATIONAL,,,,,,,,,,,,,,,FALSE,None,La Piñata De Male,,"https://www.google.com/maps/place/La+Pi%C3%B1ata+De+Male/@-34.6124137,-58.3919074,14z/data=!4m8!1m2!2m1!1sLa+Pi%C3%B1ata+De+Male!3m4!1s0x95bccadd030bc93b:0x51fbefee6e60eb4d!8m2!3d-34.6124137!4d-58.3919074","https://www.google.com/maps/place/La+Pi%C3%B1ata+De+Male/@-34.6124137,-58.3919074,13.99z/data=!4m16!1m7!3m6!1s0x95bccadd030bc93b:0x51fbefee6e60eb4d!2sLa+Pi%C3%B1ata+De+Male!8m2!3d-34.6124137!4d-58.3919074!16s%2Fg%2F11ckvg1dmb!3m7!1s0x95bccadd030bc93b:0x51fbefee6e60eb4d!8m2!3d-34.6124137!4d-58.3919074!9m1!1b1!16s%2Fg%2F11ckvg1dmb?entry=ttu",ChIJO8kLA93KvJURTetgbu7v-1E,0x95bccadd030bc93b:0x51fbefee6e60eb4d,5907579143559637837,/g/11h8k__ttl,5907579143559637837
"Distribuidora de golosinas, Zona Oeste, CABA, Zona Norte, Zona SUR",Kiosco Maybeluz,Kiosco Maybeluz,Tienda de golosinas,+54 11 4326-1354,,"Tucumán 927, C1049AAS Cdad. Autónoma de Buenos Aires",Tucumán 927,"San Nicolás, Comuna 1",C1049,Argentina,AR,"-34,6011115","-58,3800737",89c2e31ad93ffff,America/Buenos_Aires,,FALSE,5,1,https://search.google.com/local/reviews?placeid=ChIJf-VIJsnKvJURne0WWflse3o&q=*&authuser=0&hl=en&gl=AR,,https://streetviewpixels-pa.googleapis.com/v1/thumbnail?panoid=iFLTNgxfH1vrf8rSv_qS7w&cb_client=search.gws-prod.gps&w=800&h=500&yaw=343.77792&pitch=0&thumbfov=100,https://streetviewpixels-pa.googleapis.com/v1/thumbnail?panoid=iFLTNgxfH1vrf8rSv_qS7w&cb_client=search.gws-prod.gps&w=1600&h=1000&yaw=343.77792&pitch=0&thumbfov=100,,,,CLOSED_TEMPORARILY,,,,,,,,,,,,"{""Service options"": {""Delivery"": true}}",,,FALSE,None,Kiosco Maybeluz,,"https://www.google.com/maps/place/Kiosco+Maybeluz/@-34.6011115,-58.3800737,14z/data=!4m8!1m2!2m1!1sKiosco+Maybeluz!3m4!1s0x95bccac92648e57f:0x7a7b6cf95916ed9d!8m2!3d-34.6011115!4d-58.3800737","https://www.google.com/maps/place/Kiosco+Maybeluz/@-34.6011115,-58.3800737,13.99z/data=!4m16!1m7!3m6!1s0x95bccac92648e57f:0x7a7b6cf95916ed9d!2sKiosco+Maybeluz!8m2!3d-34.6011115!4d-58.3800737!16s%2Fg%2F11ckvg1dmb!3m7!1s0x95bccac92648e57f:0x7a7b6cf95916ed9d!8m2!3d-34.6011115!4d-58.3800737!9m1!1b1!16s%2Fg%2F11ckvg1dmb?entry=ttu",ChIJf-VIJsnKvJURne0WWflse3o,0x95bccac92648e57f:0x7a7b6cf95916ed9d,8825767712959950237,/g/11c4kr1b_w,8825767712959950237